Using pre-set license
Built from '2020.3/staging' branch; Version is '2020.3.11f1 (99c7afb366b3) revision 10078127'; Using compiler version '192528614'; Build Type 'Release'
OS: 'Windows 10 Home; OS build 19043.1110; Version 2009; 64bit' Language: 'no' Physical Memory: 8077 MB
BatchMode: 1, IsHumanControllingUs: 0, StartBugReporterOnCrash: 0, Is64bit: 1, IsPro: 0

 COMMAND LINE ARGUMENTS:
C:\Program Files\Unity\Hub\Editor\2020.3.11f1\Editor\Unity.exe
-adb2
-batchMode
-noUpm
-name
AssetImportWorker1
-projectPath
C:/Users/erlen/Documents/Github/Crystallographic-Reality/Crystallographic Reality
-logFile
Logs/AssetImportWorker1.log
-srvPort
51118
Successfully changed project path to: C:/Users/erlen/Documents/Github/Crystallographic-Reality/Crystallographic Reality
C:/Users/erlen/Documents/Github/Crystallographic-Reality/Crystallographic Reality
Using Asset Import Pipeline V2.
Refreshing native plugins compatible for Editor in 85.12 ms, found 16 plugins.
Preloading 2 native plugins for Editor in 2.51 ms.
Initialize engine version: 2020.3.11f1 (99c7afb366b3)
[Subsystems] Discovering subsystems at path C:/Program Files/Unity/Hub/Editor/2020.3.11f1/Editor/Data/Resources/UnitySubsystems
[Subsystems] Discovering subsystems at path C:/Users/erlen/Documents/Github/Crystallographic-Reality/Crystallographic Reality/Assets
GfxDevice: creating device client; threaded=0
Direct3D:
    Version:  Direct3D 11.0 [level 11.1]
    Renderer: NVIDIA GeForce GTX 1050 (ID=0x1c8d)
    Vendor:   
    VRAM:     1979 MB
    Driver:   27.21.14.6677
Initialize mono
Mono path[0] = 'C:/Program Files/Unity/Hub/Editor/2020.3.11f1/Editor/Data/Managed'
Mono path[1] = 'C:/Program Files/Unity/Hub/Editor/2020.3.11f1/Editor/Data/MonoBleedingEdge/lib/mono/unityjit'
Mono config path = 'C:/Program Files/Unity/Hub/Editor/2020.3.11f1/Editor/Data/MonoBleedingEdge/etc'
Using monoOptions --debugger-agent=transport=dt_socket,embedding=1,server=y,suspend=n,address=127.0.0.1:56544
Begin MonoManager ReloadAssembly
Registering precompiled unity dll's ...
Register platform support module: C:/Program Files/Unity/Hub/Editor/2020.3.11f1/Editor/Data/PlaybackEngines/WindowsStandaloneSupport/UnityEditor.WindowsStandalone.Extensions.dll
Registered in 0.002129 seconds.
Native extension for WindowsStandalone target not found
Refreshing native plugins compatible for Editor in 55.37 ms, found 16 plugins.
Preloading 2 native plugins for Editor in 0.34 ms.
Mono: successfully reloaded assembly
- Completed reload, in  2.012 seconds
Platform modules already initialized, skipping
Registering precompiled user dll's ...
Registered in 0.018121 seconds.
Begin MonoManager ReloadAssembly
Native extension for WindowsStandalone target not found
Refreshing native plugins compatible for Editor in 67.87 ms, found 16 plugins.
Preloading 2 native plugins for Editor in 0.29 ms.
[XR] OculusXRPlugin: registering subsystems
[XR] Unable to register display lifecyle provider: [1]
[XR] Oculus Input lifecycle provider registered.
[XR] Unable to register input lifecyle provider: [1]
NullReferenceException: Object reference not set to an instance of an object
  at Unity.XR.Oculus.OculusLoader.AssetPathToAbsolutePath (System.String assetPath) [0x00048] in C:\Users\erlen\Documents\Github\Crystallographic-Reality\Crystallographic Reality\Library\PackageCache\com.unity.xr.oculus@1.9.1\Runtime\OculusLoader.cs:249 
  at Unity.XR.Oculus.OculusLoader.EditorLoadOVRPlugin () [0x0007b] in C:\Users\erlen\Documents\Github\Crystallographic-Reality\Crystallographic Reality\Library\PackageCache\com.unity.xr.oculus@1.9.1\Runtime\OculusLoader.cs:234 

(Filename: Library/PackageCache/com.unity.xr.oculus@1.9.1/Runtime/OculusLoader.cs Line: 249)

Mono: successfully reloaded assembly
- Completed reload, in  1.842 seconds
Platform modules already initialized, skipping
========================================================================
Worker process is ready to serve import requests
Launched and connected shader compiler UnityShaderCompiler.exe after 0.05 seconds
Refreshing native plugins compatible for Editor in 0.88 ms, found 16 plugins.
Preloading 2 native plugins for Editor in 0.16 ms.
Unloading 2393 Unused Serialized files (Serialized files now loaded: 0)
System memory in use before: 123.1 MB.
System memory in use after: 123.1 MB.

Unloading 38 unused Assets to reduce memory usage. Loaded Objects now: 2902.
Total: 2.650300 ms (FindLiveObjects: 0.242300 ms CreateObjectMapping: 0.115800 ms MarkObjects: 2.210800 ms  DeleteObjects: 0.080400 ms)

========================================================================
Received Import Request.
  path: Assets/Sprites
  artifactKey: Guid(8bca7025cf985fe4c9c023da6e8129a1) Importer(815301076,1909f56bfc062723c751e8b465ee728b)
Start importing Assets/Sprites using Guid(8bca7025cf985fe4c9c023da6e8129a1) Importer(815301076,1909f56bfc062723c751e8b465ee728b)  -> (artifact id: 'e34f65104d04f5eb4cf30333988501b6') in 0.012589 seconds
  Import took 0.017377 seconds .

========================================================================
Received Import Request.
  Time since last request: 440.197397 seconds.
  path: Assets/Sprites/2-fold.png
  artifactKey: Guid(7d55ca4d6e8e4fd48b8b1e97fd755fa1) Importer(815301076,1909f56bfc062723c751e8b465ee728b)
Start importing Assets/Sprites/2-fold.png using Guid(7d55ca4d6e8e4fd48b8b1e97fd755fa1) Importer(815301076,1909f56bfc062723c751e8b465ee728b)  -> (artifact id: '02e6996c8a655a552bc0be7cfe9db37a') in 0.093385 seconds
  Import took 0.100776 seconds .

========================================================================
Received Import Request.
  Time since last request: 51.233897 seconds.
  path: Assets/Sprites/2-fold.png
  artifactKey: Guid(7d55ca4d6e8e4fd48b8b1e97fd755fa1) Importer(815301076,1909f56bfc062723c751e8b465ee728b)
Start importing Assets/Sprites/2-fold.png using Guid(7d55ca4d6e8e4fd48b8b1e97fd755fa1) Importer(815301076,1909f56bfc062723c751e8b465ee728b)  -> (artifact id: 'ebc2baa64ef36f850a14dcde1ce8782d') in 0.052398 seconds
  Import took 0.058454 seconds .

========================================================================
Received Import Request.
  Time since last request: 239.756855 seconds.
  path: Assets/Sprites/2-fold.png
  artifactKey: Guid(7d55ca4d6e8e4fd48b8b1e97fd755fa1) Importer(815301076,1909f56bfc062723c751e8b465ee728b)
Start importing Assets/Sprites/2-fold.png using Guid(7d55ca4d6e8e4fd48b8b1e97fd755fa1) Importer(815301076,1909f56bfc062723c751e8b465ee728b)  -> (artifact id: '59c94509aebe824077e9ad1826318df4') in 0.027241 seconds
  Import took 0.044128 seconds .

========================================================================
Received Import Request.
  Time since last request: 599.036439 seconds.
  path: Assets/Sprites/2_1-fold.png
  artifactKey: Guid(59ad49598935be04388f85b61f9d0a4b) Importer(815301076,1909f56bfc062723c751e8b465ee728b)
Start importing Assets/Sprites/2_1-fold.png using Guid(59ad49598935be04388f85b61f9d0a4b) Importer(815301076,1909f56bfc062723c751e8b465ee728b)  -> (artifact id: 'b96447355c8a7526741861cd1dd6e930') in 0.034022 seconds
  Import took 0.044919 seconds .

========================================================================
Received Import Request.
  Time since last request: 0.000453 seconds.
  path: Assets/Sprites/2_1-over-m-fold.png
  artifactKey: Guid(5994ed0f508b8d94a902a32460388a36) Importer(815301076,1909f56bfc062723c751e8b465ee728b)
Start importing Assets/Sprites/2_1-over-m-fold.png using Guid(5994ed0f508b8d94a902a32460388a36) Importer(815301076,1909f56bfc062723c751e8b465ee728b)  -> (artifact id: 'dd051b62ead6038db3a94271bb6dba11') in 0.028103 seconds
  Import took 0.034407 seconds .

========================================================================
Received Import Request.
  Time since last request: 47.972578 seconds.
  path: Assets/Sprites/2-over-m-fold.png
  artifactKey: Guid(f29ae540e0c90d34390ff42bd6398c3e) Importer(815301076,1909f56bfc062723c751e8b465ee728b)
Start importing Assets/Sprites/2-over-m-fold.png using Guid(f29ae540e0c90d34390ff42bd6398c3e) Importer(815301076,1909f56bfc062723c751e8b465ee728b)  -> (artifact id: 'a89e69522d7bf0f37bc47e387c5692a2') in 0.024636 seconds
  Import took 0.035025 seconds .

========================================================================
Received Import Request.
  Time since last request: 0.003308 seconds.
  path: Assets/Sprites/2-over-m-fold.png
  artifactKey: Guid(f29ae540e0c90d34390ff42bd6398c3e) Importer(815301076,1909f56bfc062723c751e8b465ee728b)
Start importing Assets/Sprites/2-over-m-fold.png using Guid(f29ae540e0c90d34390ff42bd6398c3e) Importer(815301076,1909f56bfc062723c751e8b465ee728b)  -> (artifact id: 'a89e69522d7bf0f37bc47e387c5692a2') in 0.019303 seconds
  Import took 0.024410 seconds .

========================================================================
Received Import Request.
  Time since last request: 8.414129 seconds.
  path: Assets/Sprites/2-over-m-fold.png
  artifactKey: Guid(f29ae540e0c90d34390ff42bd6398c3e) Importer(815301076,1909f56bfc062723c751e8b465ee728b)
Start importing Assets/Sprites/2-over-m-fold.png using Guid(f29ae540e0c90d34390ff42bd6398c3e) Importer(815301076,1909f56bfc062723c751e8b465ee728b)  -> (artifact id: '575018fcc2aa3b17b7db2f79e03275bf') in 0.030839 seconds
  Import took 0.037697 seconds .

========================================================================
Received Import Request.
  Time since last request: 4.613363 seconds.
  path: Assets/Sprites/2_1-fold.png
  artifactKey: Guid(59ad49598935be04388f85b61f9d0a4b) Importer(815301076,1909f56bfc062723c751e8b465ee728b)
Start importing Assets/Sprites/2_1-fold.png using Guid(59ad49598935be04388f85b61f9d0a4b) Importer(815301076,1909f56bfc062723c751e8b465ee728b)  -> (artifact id: '9de287f518ba119729479fa3b2b47f77') in 0.020577 seconds
  Import took 0.035004 seconds .

========================================================================
Received Import Request.
  Time since last request: 7.540537 seconds.
  path: Assets/Sprites/2_1-over-m-fold.png
  artifactKey: Guid(5994ed0f508b8d94a902a32460388a36) Importer(815301076,1909f56bfc062723c751e8b465ee728b)
Start importing Assets/Sprites/2_1-over-m-fold.png using Guid(5994ed0f508b8d94a902a32460388a36) Importer(815301076,1909f56bfc062723c751e8b465ee728b)  -> (artifact id: '92f9a8279ce5b141990944ae6003cfdf') in 0.026691 seconds
  Import took 0.033895 seconds .

========================================================================
Received Import Request.
  Time since last request: 142.419218 seconds.
  path: Assets/Sprites/2_1-fold.png
  artifactKey: Guid(59ad49598935be04388f85b61f9d0a4b) Importer(815301076,1909f56bfc062723c751e8b465ee728b)
Start importing Assets/Sprites/2_1-fold.png using Guid(59ad49598935be04388f85b61f9d0a4b) Importer(815301076,1909f56bfc062723c751e8b465ee728b)  -> (artifact id: '5244c0544c31829b611e5bd087db1c59') in 0.018334 seconds
  Import took 0.028404 seconds .

========================================================================
Received Import Request.
  Time since last request: 0.000469 seconds.
  path: Assets/Sprites/2_1-over-m-fold.png
  artifactKey: Guid(5994ed0f508b8d94a902a32460388a36) Importer(815301076,1909f56bfc062723c751e8b465ee728b)
Start importing Assets/Sprites/2_1-over-m-fold.png using Guid(5994ed0f508b8d94a902a32460388a36) Importer(815301076,1909f56bfc062723c751e8b465ee728b)  -> (artifact id: '607e66216f1e0990c6b1e373bfd6e495') in 0.024393 seconds
  Import took 0.032974 seconds .

========================================================================
Received Import Request.
  Time since last request: 767.259472 seconds.
  path: Assets/Sprites/3-bar-fold.png
  artifactKey: Guid(c7471b7d32b5aff4da5b6315f8b255c0) Importer(815301076,1909f56bfc062723c751e8b465ee728b)
Start importing Assets/Sprites/3-bar-fold.png using Guid(c7471b7d32b5aff4da5b6315f8b255c0) Importer(815301076,1909f56bfc062723c751e8b465ee728b)  -> (artifact id: '86ca0a384a8705c36347704c652d3e52') in 0.034899 seconds
  Import took 0.046425 seconds .

========================================================================
Received Import Request.
  Time since last request: 0.000360 seconds.
  path: Assets/Sprites/3_2-fold.png
  artifactKey: Guid(cafb17dcb0a0ec34296e6ff4219582a6) Importer(815301076,1909f56bfc062723c751e8b465ee728b)
Start importing Assets/Sprites/3_2-fold.png using Guid(cafb17dcb0a0ec34296e6ff4219582a6) Importer(815301076,1909f56bfc062723c751e8b465ee728b)  -> (artifact id: 'd04f86ef98f2fc8b1964f2807f9584c3') in 0.036705 seconds
  Import took 0.043208 seconds .

========================================================================
Received Import Request.
  Time since last request: 0.000317 seconds.
  path: Assets/Sprites/3_1-fold.png
  artifactKey: Guid(7f2fbf885629d7349838db75e5af1afc) Importer(815301076,1909f56bfc062723c751e8b465ee728b)
Start importing Assets/Sprites/3_1-fold.png using Guid(7f2fbf885629d7349838db75e5af1afc) Importer(815301076,1909f56bfc062723c751e8b465ee728b)  -> (artifact id: '3acea08a368584bd84330f5750bc62a6') in 0.028966 seconds
  Import took 0.034297 seconds .

========================================================================
Received Import Request.
  Time since last request: 0.000224 seconds.
  path: Assets/Sprites/4-fold.png
  artifactKey: Guid(b119f14c404d64243b99a87de2a9619d) Importer(815301076,1909f56bfc062723c751e8b465ee728b)
Start importing Assets/Sprites/4-fold.png using Guid(b119f14c404d64243b99a87de2a9619d) Importer(815301076,1909f56bfc062723c751e8b465ee728b)  -> (artifact id: '999bf6e9218742f32f3ae367a2ea6a10') in 0.025866 seconds
  Import took 0.031640 seconds .

========================================================================
Received Import Request.
  Time since last request: 0.000225 seconds.
  path: Assets/Sprites/4-bar-fold.png
  artifactKey: Guid(07f1f62393b8ee44ba5b834fb8b9de3d) Importer(815301076,1909f56bfc062723c751e8b465ee728b)
Start importing Assets/Sprites/4-bar-fold.png using Guid(07f1f62393b8ee44ba5b834fb8b9de3d) Importer(815301076,1909f56bfc062723c751e8b465ee728b)  -> (artifact id: '8b99e5b396833bac814380b767a0ab11') in 0.026458 seconds
  Import took 0.034037 seconds .

========================================================================
Received Import Request.
  Time since last request: 0.000315 seconds.
  path: Assets/Sprites/3-fold.png
  artifactKey: Guid(8bb9254e137e9d046938ebb492c73408) Importer(815301076,1909f56bfc062723c751e8b465ee728b)
Start importing Assets/Sprites/3-fold.png using Guid(8bb9254e137e9d046938ebb492c73408) Importer(815301076,1909f56bfc062723c751e8b465ee728b)  -> (artifact id: '3f8a83643b27f7865ebdb02bf8e3a836') in 0.026390 seconds
  Import took 0.033018 seconds .

========================================================================
Received Import Request.
  Time since last request: 11.822321 seconds.
  path: Assets/Sprites/3-bar-fold.png
  artifactKey: Guid(c7471b7d32b5aff4da5b6315f8b255c0) Importer(815301076,1909f56bfc062723c751e8b465ee728b)
Start importing Assets/Sprites/3-bar-fold.png using Guid(c7471b7d32b5aff4da5b6315f8b255c0) Importer(815301076,1909f56bfc062723c751e8b465ee728b)  -> (artifact id: '389a171e013148305dce99aa60ed3f88') in 0.020245 seconds
  Import took 0.027797 seconds .

========================================================================
Received Import Request.
  Time since last request: 3.441427 seconds.
  path: Assets/Sprites/3-fold.png
  artifactKey: Guid(8bb9254e137e9d046938ebb492c73408) Importer(815301076,1909f56bfc062723c751e8b465ee728b)
Start importing Assets/Sprites/3-fold.png using Guid(8bb9254e137e9d046938ebb492c73408) Importer(815301076,1909f56bfc062723c751e8b465ee728b)  -> (artifact id: '1363dcff4bbbdd1db8886c9899b36684') in 0.023859 seconds
  Import took 0.034473 seconds .

========================================================================
Received Import Request.
  Time since last request: 3.636370 seconds.
  path: Assets/Sprites/3_1-fold.png
  artifactKey: Guid(7f2fbf885629d7349838db75e5af1afc) Importer(815301076,1909f56bfc062723c751e8b465ee728b)
Start importing Assets/Sprites/3_1-fold.png using Guid(7f2fbf885629d7349838db75e5af1afc) Importer(815301076,1909f56bfc062723c751e8b465ee728b)  -> (artifact id: '4a1553925bf1f7db25099eefa0b091cb') in 0.036366 seconds
  Import took 0.044820 seconds .

========================================================================
Received Import Request.
  Time since last request: 3.599910 seconds.
  path: Assets/Sprites/3_2-fold.png
  artifactKey: Guid(cafb17dcb0a0ec34296e6ff4219582a6) Importer(815301076,1909f56bfc062723c751e8b465ee728b)
Start importing Assets/Sprites/3_2-fold.png using Guid(cafb17dcb0a0ec34296e6ff4219582a6) Importer(815301076,1909f56bfc062723c751e8b465ee728b)  -> (artifact id: '8833b7d0bc7e2593a29088612cdec71d') in 0.035022 seconds
  Import took 0.042562 seconds .

========================================================================
Received Import Request.
  Time since last request: 203.892617 seconds.
  path: Assets/Sprites/4-bar-fold.png
  artifactKey: Guid(07f1f62393b8ee44ba5b834fb8b9de3d) Importer(815301076,1909f56bfc062723c751e8b465ee728b)
Start importing Assets/Sprites/4-bar-fold.png using Guid(07f1f62393b8ee44ba5b834fb8b9de3d) Importer(815301076,1909f56bfc062723c751e8b465ee728b)  -> (artifact id: 'c7c33107f4075d02d374127723663148') in 0.018581 seconds
  Import took 0.031255 seconds .

========================================================================
Received Import Request.
  Time since last request: 0.000947 seconds.
  path: Assets/Sprites/4-fold.png
  artifactKey: Guid(b119f14c404d64243b99a87de2a9619d) Importer(815301076,1909f56bfc062723c751e8b465ee728b)
Start importing Assets/Sprites/4-fold.png using Guid(b119f14c404d64243b99a87de2a9619d) Importer(815301076,1909f56bfc062723c751e8b465ee728b)  -> (artifact id: '8dbc69a616bdf47855416b946db66879') in 0.017530 seconds
  Import took 0.024666 seconds .

========================================================================
Received Import Request.
  Time since last request: 380.978415 seconds.
  path: Assets/Sprites/4-over-m-fold.png
  artifactKey: Guid(c569ed37c12b4c74ebe5c2474b446167) Importer(815301076,1909f56bfc062723c751e8b465ee728b)
Start importing Assets/Sprites/4-over-m-fold.png using Guid(c569ed37c12b4c74ebe5c2474b446167) Importer(815301076,1909f56bfc062723c751e8b465ee728b)  -> (artifact id: '39188f0176f9361499d0ac315a397841') in 0.032052 seconds
  Import took 0.048960 seconds .

========================================================================
Received Import Request.
  Time since last request: 0.000225 seconds.
  path: Assets/Sprites/4_1-fold.png
  artifactKey: Guid(4c8176458bca07e46bca98aead9651d4) Importer(815301076,1909f56bfc062723c751e8b465ee728b)
Start importing Assets/Sprites/4_1-fold.png using Guid(4c8176458bca07e46bca98aead9651d4) Importer(815301076,1909f56bfc062723c751e8b465ee728b)  -> (artifact id: 'ebecd7d222133629f39408418c411b8d') in 0.026411 seconds
  Import took 0.032015 seconds .

========================================================================
Received Import Request.
  Time since last request: 0.000273 seconds.
  path: Assets/Sprites/4_2-over-m-fold.png
  artifactKey: Guid(a0f467618c2bd004da3666474ed46aaa) Importer(815301076,1909f56bfc062723c751e8b465ee728b)
Start importing Assets/Sprites/4_2-over-m-fold.png using Guid(a0f467618c2bd004da3666474ed46aaa) Importer(815301076,1909f56bfc062723c751e8b465ee728b)  -> (artifact id: 'eede858287f084fc872bc4239c2f5733') in 0.028230 seconds
  Import took 0.034704 seconds .

========================================================================
Received Import Request.
  Time since last request: 0.000383 seconds.
  path: Assets/Sprites/4_1-fold.png
  artifactKey: Guid(4c8176458bca07e46bca98aead9651d4) Importer(815301076,1909f56bfc062723c751e8b465ee728b)
Start importing Assets/Sprites/4_1-fold.png using Guid(4c8176458bca07e46bca98aead9651d4) Importer(815301076,1909f56bfc062723c751e8b465ee728b)  -> (artifact id: 'ebecd7d222133629f39408418c411b8d') in 0.025813 seconds
  Import took 0.032153 seconds .

========================================================================
Received Import Request.
  Time since last request: 0.000310 seconds.
  path: Assets/Sprites/4_3-fold.png
  artifactKey: Guid(660e68c3055b1d049af639dd068aeca4) Importer(815301076,1909f56bfc062723c751e8b465ee728b)
Start importing Assets/Sprites/4_3-fold.png using Guid(660e68c3055b1d049af639dd068aeca4) Importer(815301076,1909f56bfc062723c751e8b465ee728b)  -> (artifact id: '85b05cbc410fae271643db0cbe2b06b5') in 0.024462 seconds
  Import took 0.031428 seconds .

========================================================================
Received Import Request.
  Time since last request: 0.000283 seconds.
  path: Assets/Sprites/4_2-fold.png
  artifactKey: Guid(64fd14845798e10468bcb31dc73d1602) Importer(815301076,1909f56bfc062723c751e8b465ee728b)
Start importing Assets/Sprites/4_2-fold.png using Guid(64fd14845798e10468bcb31dc73d1602) Importer(815301076,1909f56bfc062723c751e8b465ee728b)  -> (artifact id: 'fcbc9cb456d6545f9fc4caa44a93aeea') in 0.020535 seconds
  Import took 0.026552 seconds .

========================================================================
Received Import Request.
  Time since last request: 7.462756 seconds.
  path: Assets/Sprites/4-bar-fold.png
  artifactKey: Guid(07f1f62393b8ee44ba5b834fb8b9de3d) Importer(815301076,1909f56bfc062723c751e8b465ee728b)
Start importing Assets/Sprites/4-bar-fold.png using Guid(07f1f62393b8ee44ba5b834fb8b9de3d) Importer(815301076,1909f56bfc062723c751e8b465ee728b)  -> (artifact id: '1a7481799e0fe8914a1750e3f4ef6cfd') in 0.020307 seconds
  Import took 0.025958 seconds .

========================================================================
Received Import Request.
  Time since last request: 0.000332 seconds.
  path: Assets/Sprites/4-fold.png
  artifactKey: Guid(b119f14c404d64243b99a87de2a9619d) Importer(815301076,1909f56bfc062723c751e8b465ee728b)
Start importing Assets/Sprites/4-fold.png using Guid(b119f14c404d64243b99a87de2a9619d) Importer(815301076,1909f56bfc062723c751e8b465ee728b)  -> (artifact id: 'b74c1129a99c3da9b8b35ed930dd2992') in 0.017530 seconds
  Import took 0.024171 seconds .

========================================================================
Received Import Request.
  Time since last request: 0.000881 seconds.
  path: Assets/Sprites/4_1-fold.png
  artifactKey: Guid(4c8176458bca07e46bca98aead9651d4) Importer(815301076,1909f56bfc062723c751e8b465ee728b)
Start importing Assets/Sprites/4_1-fold.png using Guid(4c8176458bca07e46bca98aead9651d4) Importer(815301076,1909f56bfc062723c751e8b465ee728b)  -> (artifact id: 'b444c446d9c63db3ae93e6fda3f2daa6') in 0.017350 seconds
  Import took 0.022728 seconds .

========================================================================
Received Import Request.
  Time since last request: 0.000319 seconds.
  path: Assets/Sprites/4-over-m-fold.png
  artifactKey: Guid(c569ed37c12b4c74ebe5c2474b446167) Importer(815301076,1909f56bfc062723c751e8b465ee728b)
Start importing Assets/Sprites/4-over-m-fold.png using Guid(c569ed37c12b4c74ebe5c2474b446167) Importer(815301076,1909f56bfc062723c751e8b465ee728b)  -> (artifact id: '8a26fdf49c3b45fff2ea693717dc76d9') in 0.017708 seconds
  Import took 0.023202 seconds .

========================================================================
Received Import Request.
  Time since last request: 0.000871 seconds.
  path: Assets/Sprites/4_2-over-m-fold.png
  artifactKey: Guid(a0f467618c2bd004da3666474ed46aaa) Importer(815301076,1909f56bfc062723c751e8b465ee728b)
Start importing Assets/Sprites/4_2-over-m-fold.png using Guid(a0f467618c2bd004da3666474ed46aaa) Importer(815301076,1909f56bfc062723c751e8b465ee728b)  -> (artifact id: 'f16685abedebbd7e36ed7690a7858706') in 0.020039 seconds
  Import took 0.026882 seconds .

========================================================================
Received Import Request.
  Time since last request: 0.000306 seconds.
  path: Assets/Sprites/4_3-fold.png
  artifactKey: Guid(660e68c3055b1d049af639dd068aeca4) Importer(815301076,1909f56bfc062723c751e8b465ee728b)
Start importing Assets/Sprites/4_3-fold.png using Guid(660e68c3055b1d049af639dd068aeca4) Importer(815301076,1909f56bfc062723c751e8b465ee728b)  -> (artifact id: 'd1176f5347b9c7c0f119726e5d8fed80') in 0.021173 seconds
  Import took 0.027000 seconds .

========================================================================
Received Import Request.
  Time since last request: 0.000232 seconds.
  path: Assets/Sprites/4_2-fold.png
  artifactKey: Guid(64fd14845798e10468bcb31dc73d1602) Importer(815301076,1909f56bfc062723c751e8b465ee728b)
Start importing Assets/Sprites/4_2-fold.png using Guid(64fd14845798e10468bcb31dc73d1602) Importer(815301076,1909f56bfc062723c751e8b465ee728b)  -> (artifact id: 'c43065071f03647ff8e703aa26d23a8c') in 0.028840 seconds
  Import took 0.039138 seconds .

========================================================================
Received Import Request.
  Time since last request: 285.777882 seconds.
  path: Assets/Sprites/Materials/2-fold.mat
  artifactKey: Guid(1d2cc923772d4594d9cff207efa1cc2e) Importer(815301076,1909f56bfc062723c751e8b465ee728b)
Start importing Assets/Sprites/Materials/2-fold.mat using Guid(1d2cc923772d4594d9cff207efa1cc2e) Importer(815301076,1909f56bfc062723c751e8b465ee728b)  -> (artifact id: '770a502c1d00ac4cbe3bfdbd56a15eff') in 0.083404 seconds
  Import took 0.089699 seconds .

========================================================================
Received Import Request.
  Time since last request: 0.000342 seconds.
  path: Assets/Sprites/Materials
  artifactKey: Guid(9cfbba4505a01d24ea95bb230bcf675e) Importer(815301076,1909f56bfc062723c751e8b465ee728b)
Start importing Assets/Sprites/Materials using Guid(9cfbba4505a01d24ea95bb230bcf675e) Importer(815301076,1909f56bfc062723c751e8b465ee728b)  -> (artifact id: 'f2cf280b433bc1311298f61da0f48c44') in 0.006977 seconds
  Import took 0.012104 seconds .

========================================================================
Received Prepare
Registering precompiled user dll's ...
Registered in 0.104187 seconds.
Begin MonoManager ReloadAssembly
Native extension for WindowsStandalone target not found
Refreshing native plugins compatible for Editor in 1.39 ms, found 16 plugins.
Preloading 2 native plugins for Editor in 0.25 ms.
NullReferenceException: Object reference not set to an instance of an object
  at Unity.XR.Oculus.OculusLoader.AssetPathToAbsolutePath (System.String assetPath) [0x00048] in C:\Users\erlen\Documents\Github\Crystallographic-Reality\Crystallographic Reality\Library\PackageCache\com.unity.xr.oculus@1.9.1\Runtime\OculusLoader.cs:249 
  at Unity.XR.Oculus.OculusLoader.EditorLoadOVRPlugin () [0x0007b] in C:\Users\erlen\Documents\Github\Crystallographic-Reality\Crystallographic Reality\Library\PackageCache\com.unity.xr.oculus@1.9.1\Runtime\OculusLoader.cs:234 

(Filename: Library/PackageCache/com.unity.xr.oculus@1.9.1/Runtime/OculusLoader.cs Line: 249)

Mono: successfully reloaded assembly
- Completed reload, in  2.111 seconds
Platform modules already initialized, skipping
Refreshing native plugins compatible for Editor in 1.21 ms, found 16 plugins.
Preloading 2 native plugins for Editor in 0.28 ms.
Unloading 2349 Unused Serialized files (Serialized files now loaded: 0)
System memory in use before: 129.5 MB.
System memory in use after: 129.7 MB.

Unloading 32 unused Assets to reduce memory usage. Loaded Objects now: 2946.
Total: 5.565400 ms (FindLiveObjects: 0.301800 ms CreateObjectMapping: 0.148200 ms MarkObjects: 5.080000 ms  DeleteObjects: 0.033400 ms)

========================================================================
Received Import Request.
  Time since last request: 487.038527 seconds.
  path: Assets/Sprites/Materials/3-bar-fold.mat
  artifactKey: Guid(7033e4a93ec5ab9458ea55e0e4ec2f1a) Importer(815301076,1909f56bfc062723c751e8b465ee728b)
Start importing Assets/Sprites/Materials/3-bar-fold.mat using Guid(7033e4a93ec5ab9458ea55e0e4ec2f1a) Importer(815301076,1909f56bfc062723c751e8b465ee728b)  -> (artifact id: '2294dddc995eba6668be17b1cc21ff4c') in 0.106110 seconds
  Import took 0.111881 seconds .

========================================================================
Received Import Request.
  Time since last request: 0.000236 seconds.
  path: Assets/Sprites/Materials/4-bar-fold.mat
  artifactKey: Guid(40585e2306e2a2e4a803d43b584198a4) Importer(815301076,1909f56bfc062723c751e8b465ee728b)
Start importing Assets/Sprites/Materials/4-bar-fold.mat using Guid(40585e2306e2a2e4a803d43b584198a4) Importer(815301076,1909f56bfc062723c751e8b465ee728b)  -> (artifact id: '3a26fcafe453708f04c2538a32cd1278') in 0.016353 seconds
  Import took 0.023736 seconds .

========================================================================
Received Import Request.
  Time since last request: 0.000579 seconds.
  path: Assets/Sprites/Materials/4-over-m-fold.mat
  artifactKey: Guid(9725893e258e4e74a842af44160e4667) Importer(815301076,1909f56bfc062723c751e8b465ee728b)
Start importing Assets/Sprites/Materials/4-over-m-fold.mat using Guid(9725893e258e4e74a842af44160e4667) Importer(815301076,1909f56bfc062723c751e8b465ee728b)  -> (artifact id: 'be0d371a476c52e8e679d4341ca74169') in 0.019698 seconds
  Import took 0.026342 seconds .

========================================================================
Received Prepare
Registering precompiled user dll's ...
Registered in 0.020802 seconds.
Begin MonoManager ReloadAssembly
Native extension for WindowsStandalone target not found
Refreshing native plugins compatible for Editor in 0.97 ms, found 16 plugins.
Preloading 2 native plugins for Editor in 0.18 ms.
NullReferenceException: Object reference not set to an instance of an object
  at Unity.XR.Oculus.OculusLoader.AssetPathToAbsolutePath (System.String assetPath) [0x00048] in C:\Users\erlen\Documents\Github\Crystallographic-Reality\Crystallographic Reality\Library\PackageCache\com.unity.xr.oculus@1.9.1\Runtime\OculusLoader.cs:249 
  at Unity.XR.Oculus.OculusLoader.EditorLoadOVRPlugin () [0x0007b] in C:\Users\erlen\Documents\Github\Crystallographic-Reality\Crystallographic Reality\Library\PackageCache\com.unity.xr.oculus@1.9.1\Runtime\OculusLoader.cs:234 

(Filename: Library/PackageCache/com.unity.xr.oculus@1.9.1/Runtime/OculusLoader.cs Line: 249)

Mono: successfully reloaded assembly
- Completed reload, in  1.673 seconds
Platform modules already initialized, skipping
Refreshing native plugins compatible for Editor in 0.96 ms, found 16 plugins.
Preloading 2 native plugins for Editor in 0.18 ms.
Unloading 2349 Unused Serialized files (Serialized files now loaded: 0)
System memory in use before: 129.6 MB.
System memory in use after: 129.8 MB.

Unloading 32 unused Assets to reduce memory usage. Loaded Objects now: 2950.
Total: 2.814700 ms (FindLiveObjects: 0.266000 ms CreateObjectMapping: 0.155200 ms MarkObjects: 2.352000 ms  DeleteObjects: 0.040000 ms)

========================================================================
Received Prepare
Registering precompiled user dll's ...
Registered in 0.016213 seconds.
Begin MonoManager ReloadAssembly
Native extension for WindowsStandalone target not found
Refreshing native plugins compatible for Editor in 0.91 ms, found 16 plugins.
Preloading 2 native plugins for Editor in 0.17 ms.
NullReferenceException: Object reference not set to an instance of an object
  at Unity.XR.Oculus.OculusLoader.AssetPathToAbsolutePath (System.String assetPath) [0x00048] in C:\Users\erlen\Documents\Github\Crystallographic-Reality\Crystallographic Reality\Library\PackageCache\com.unity.xr.oculus@1.9.1\Runtime\OculusLoader.cs:249 
  at Unity.XR.Oculus.OculusLoader.EditorLoadOVRPlugin () [0x0007b] in C:\Users\erlen\Documents\Github\Crystallographic-Reality\Crystallographic Reality\Library\PackageCache\com.unity.xr.oculus@1.9.1\Runtime\OculusLoader.cs:234 

(Filename: Library/PackageCache/com.unity.xr.oculus@1.9.1/Runtime/OculusLoader.cs Line: 249)

Mono: successfully reloaded assembly
- Completed reload, in  1.531 seconds
Platform modules already initialized, skipping
Refreshing native plugins compatible for Editor in 0.93 ms, found 16 plugins.
Preloading 2 native plugins for Editor in 0.17 ms.
Unloading 2349 Unused Serialized files (Serialized files now loaded: 0)
System memory in use before: 129.6 MB.
System memory in use after: 129.8 MB.

Unloading 32 unused Assets to reduce memory usage. Loaded Objects now: 2953.
Total: 3.197900 ms (FindLiveObjects: 0.320600 ms CreateObjectMapping: 0.146400 ms MarkObjects: 2.690500 ms  DeleteObjects: 0.038900 ms)

========================================================================
Received Prepare
Registering precompiled user dll's ...
Registered in 0.014394 seconds.
Begin MonoManager ReloadAssembly
Native extension for WindowsStandalone target not found
Refreshing native plugins compatible for Editor in 0.98 ms, found 16 plugins.
Preloading 2 native plugins for Editor in 0.21 ms.
NullReferenceException: Object reference not set to an instance of an object
  at Unity.XR.Oculus.OculusLoader.AssetPathToAbsolutePath (System.String assetPath) [0x00048] in C:\Users\erlen\Documents\Github\Crystallographic-Reality\Crystallographic Reality\Library\PackageCache\com.unity.xr.oculus@1.9.1\Runtime\OculusLoader.cs:249 
  at Unity.XR.Oculus.OculusLoader.EditorLoadOVRPlugin () [0x0007b] in C:\Users\erlen\Documents\Github\Crystallographic-Reality\Crystallographic Reality\Library\PackageCache\com.unity.xr.oculus@1.9.1\Runtime\OculusLoader.cs:234 

(Filename: Library/PackageCache/com.unity.xr.oculus@1.9.1/Runtime/OculusLoader.cs Line: 249)

Mono: successfully reloaded assembly
- Completed reload, in  1.598 seconds
Platform modules already initialized, skipping
Refreshing native plugins compatible for Editor in 0.99 ms, found 16 plugins.
Preloading 2 native plugins for Editor in 0.18 ms.
Unloading 2349 Unused Serialized files (Serialized files now loaded: 0)
System memory in use before: 129.6 MB.
System memory in use after: 129.8 MB.

Unloading 32 unused Assets to reduce memory usage. Loaded Objects now: 2956.
Total: 2.946500 ms (FindLiveObjects: 0.296500 ms CreateObjectMapping: 0.130000 ms MarkObjects: 2.456400 ms  DeleteObjects: 0.062100 ms)

========================================================================
Received Prepare
Registering precompiled user dll's ...
Registered in 0.014841 seconds.
Begin MonoManager ReloadAssembly
Native extension for WindowsStandalone target not found
Refreshing native plugins compatible for Editor in 0.92 ms, found 16 plugins.
Preloading 2 native plugins for Editor in 0.18 ms.
NullReferenceException: Object reference not set to an instance of an object
  at Unity.XR.Oculus.OculusLoader.AssetPathToAbsolutePath (System.String assetPath) [0x00048] in C:\Users\erlen\Documents\Github\Crystallographic-Reality\Crystallographic Reality\Library\PackageCache\com.unity.xr.oculus@1.9.1\Runtime\OculusLoader.cs:249 
  at Unity.XR.Oculus.OculusLoader.EditorLoadOVRPlugin () [0x0007b] in C:\Users\erlen\Documents\Github\Crystallographic-Reality\Crystallographic Reality\Library\PackageCache\com.unity.xr.oculus@1.9.1\Runtime\OculusLoader.cs:234 

(Filename: Library/PackageCache/com.unity.xr.oculus@1.9.1/Runtime/OculusLoader.cs Line: 249)

Mono: successfully reloaded assembly
- Completed reload, in  1.476 seconds
Platform modules already initialized, skipping
Refreshing native plugins compatible for Editor in 0.93 ms, found 16 plugins.
Preloading 2 native plugins for Editor in 0.16 ms.
Unloading 2349 Unused Serialized files (Serialized files now loaded: 0)
System memory in use before: 129.5 MB.
System memory in use after: 129.8 MB.

Unloading 32 unused Assets to reduce memory usage. Loaded Objects now: 2959.
Total: 3.548100 ms (FindLiveObjects: 0.297000 ms CreateObjectMapping: 0.175200 ms MarkObjects: 2.997200 ms  DeleteObjects: 0.077400 ms)

========================================================================
Received Prepare
Registering precompiled user dll's ...
Registered in 0.016738 seconds.
Begin MonoManager ReloadAssembly
Native extension for WindowsStandalone target not found
Refreshing native plugins compatible for Editor in 0.90 ms, found 16 plugins.
Preloading 2 native plugins for Editor in 0.17 ms.
NullReferenceException: Object reference not set to an instance of an object
  at Unity.XR.Oculus.OculusLoader.AssetPathToAbsolutePath (System.String assetPath) [0x00048] in C:\Users\erlen\Documents\Github\Crystallographic-Reality\Crystallographic Reality\Library\PackageCache\com.unity.xr.oculus@1.9.1\Runtime\OculusLoader.cs:249 
  at Unity.XR.Oculus.OculusLoader.EditorLoadOVRPlugin () [0x0007b] in C:\Users\erlen\Documents\Github\Crystallographic-Reality\Crystallographic Reality\Library\PackageCache\com.unity.xr.oculus@1.9.1\Runtime\OculusLoader.cs:234 

(Filename: Library/PackageCache/com.unity.xr.oculus@1.9.1/Runtime/OculusLoader.cs Line: 249)

Mono: successfully reloaded assembly
- Completed reload, in  1.534 seconds
Platform modules already initialized, skipping
Refreshing native plugins compatible for Editor in 1.62 ms, found 16 plugins.
Preloading 2 native plugins for Editor in 0.18 ms.
Unloading 2349 Unused Serialized files (Serialized files now loaded: 0)
System memory in use before: 129.6 MB.
System memory in use after: 129.9 MB.

Unloading 32 unused Assets to reduce memory usage. Loaded Objects now: 2962.
Total: 6.963900 ms (FindLiveObjects: 0.346100 ms CreateObjectMapping: 0.162700 ms MarkObjects: 6.410300 ms  DeleteObjects: 0.042100 ms)

========================================================================
Received Prepare
Registering precompiled user dll's ...
Registered in 0.016870 seconds.
Begin MonoManager ReloadAssembly
Native extension for WindowsStandalone target not found
Refreshing native plugins compatible for Editor in 1.01 ms, found 16 plugins.
Preloading 2 native plugins for Editor in 0.23 ms.
NullReferenceException: Object reference not set to an instance of an object
  at Unity.XR.Oculus.OculusLoader.AssetPathToAbsolutePath (System.String assetPath) [0x00048] in C:\Users\erlen\Documents\Github\Crystallographic-Reality\Crystallographic Reality\Library\PackageCache\com.unity.xr.oculus@1.9.1\Runtime\OculusLoader.cs:249 
  at Unity.XR.Oculus.OculusLoader.EditorLoadOVRPlugin () [0x0007b] in C:\Users\erlen\Documents\Github\Crystallographic-Reality\Crystallographic Reality\Library\PackageCache\com.unity.xr.oculus@1.9.1\Runtime\OculusLoader.cs:234 

(Filename: Library/PackageCache/com.unity.xr.oculus@1.9.1/Runtime/OculusLoader.cs Line: 249)

Mono: successfully reloaded assembly
- Completed reload, in  1.423 seconds
Platform modules already initialized, skipping
Refreshing native plugins compatible for Editor in 0.93 ms, found 16 plugins.
Preloading 2 native plugins for Editor in 0.17 ms.
Unloading 2349 Unused Serialized files (Serialized files now loaded: 0)
System memory in use before: 129.7 MB.
System memory in use after: 129.9 MB.

Unloading 32 unused Assets to reduce memory usage. Loaded Objects now: 2965.
Total: 3.455700 ms (FindLiveObjects: 0.293800 ms CreateObjectMapping: 0.138100 ms MarkObjects: 2.991700 ms  DeleteObjects: 0.030300 ms)

========================================================================
Received Prepare
Registering precompiled user dll's ...
Registered in 0.017334 seconds.
Begin MonoManager ReloadAssembly
Native extension for WindowsStandalone target not found
Refreshing native plugins compatible for Editor in 0.93 ms, found 16 plugins.
Preloading 2 native plugins for Editor in 0.19 ms.
NullReferenceException: Object reference not set to an instance of an object
  at Unity.XR.Oculus.OculusLoader.AssetPathToAbsolutePath (System.String assetPath) [0x00048] in C:\Users\erlen\Documents\Github\Crystallographic-Reality\Crystallographic Reality\Library\PackageCache\com.unity.xr.oculus@1.9.1\Runtime\OculusLoader.cs:249 
  at Unity.XR.Oculus.OculusLoader.EditorLoadOVRPlugin () [0x0007b] in C:\Users\erlen\Documents\Github\Crystallographic-Reality\Crystallographic Reality\Library\PackageCache\com.unity.xr.oculus@1.9.1\Runtime\OculusLoader.cs:234 

(Filename: Library/PackageCache/com.unity.xr.oculus@1.9.1/Runtime/OculusLoader.cs Line: 249)

Mono: successfully reloaded assembly
- Completed reload, in  1.708 seconds
Platform modules already initialized, skipping
Refreshing native plugins compatible for Editor in 0.98 ms, found 16 plugins.
Preloading 2 native plugins for Editor in 0.16 ms.
Unloading 2349 Unused Serialized files (Serialized files now loaded: 0)
System memory in use before: 129.7 MB.
System memory in use after: 129.9 MB.

Unloading 32 unused Assets to reduce memory usage. Loaded Objects now: 2968.
Total: 4.613100 ms (FindLiveObjects: 0.311100 ms CreateObjectMapping: 0.239200 ms MarkObjects: 4.030700 ms  DeleteObjects: 0.030800 ms)

========================================================================
Received Prepare
Registering precompiled user dll's ...
Registered in 0.016011 seconds.
Begin MonoManager ReloadAssembly
Native extension for WindowsStandalone target not found
Refreshing native plugins compatible for Editor in 0.94 ms, found 16 plugins.
Preloading 2 native plugins for Editor in 0.18 ms.
NullReferenceException: Object reference not set to an instance of an object
  at Unity.XR.Oculus.OculusLoader.AssetPathToAbsolutePath (System.String assetPath) [0x00048] in C:\Users\erlen\Documents\Github\Crystallographic-Reality\Crystallographic Reality\Library\PackageCache\com.unity.xr.oculus@1.9.1\Runtime\OculusLoader.cs:249 
  at Unity.XR.Oculus.OculusLoader.EditorLoadOVRPlugin () [0x0007b] in C:\Users\erlen\Documents\Github\Crystallographic-Reality\Crystallographic Reality\Library\PackageCache\com.unity.xr.oculus@1.9.1\Runtime\OculusLoader.cs:234 

(Filename: Library/PackageCache/com.unity.xr.oculus@1.9.1/Runtime/OculusLoader.cs Line: 249)

Mono: successfully reloaded assembly
- Completed reload, in  1.354 seconds
Platform modules already initialized, skipping
Refreshing native plugins compatible for Editor in 0.95 ms, found 16 plugins.
Preloading 2 native plugins for Editor in 0.18 ms.
Unloading 2349 Unused Serialized files (Serialized files now loaded: 0)
System memory in use before: 129.7 MB.
System memory in use after: 129.9 MB.

Unloading 32 unused Assets to reduce memory usage. Loaded Objects now: 2971.
Total: 8.021600 ms (FindLiveObjects: 0.395900 ms CreateObjectMapping: 0.197400 ms MarkObjects: 7.391400 ms  DeleteObjects: 0.034700 ms)

========================================================================
Received Prepare
Registering precompiled user dll's ...
Registered in 0.014555 seconds.
Begin MonoManager ReloadAssembly
Native extension for WindowsStandalone target not found
Refreshing native plugins compatible for Editor in 0.91 ms, found 16 plugins.
Preloading 2 native plugins for Editor in 0.18 ms.
NullReferenceException: Object reference not set to an instance of an object
  at Unity.XR.Oculus.OculusLoader.AssetPathToAbsolutePath (System.String assetPath) [0x00048] in C:\Users\erlen\Documents\Github\Crystallographic-Reality\Crystallographic Reality\Library\PackageCache\com.unity.xr.oculus@1.9.1\Runtime\OculusLoader.cs:249 
  at Unity.XR.Oculus.OculusLoader.EditorLoadOVRPlugin () [0x0007b] in C:\Users\erlen\Documents\Github\Crystallographic-Reality\Crystallographic Reality\Library\PackageCache\com.unity.xr.oculus@1.9.1\Runtime\OculusLoader.cs:234 

(Filename: Library/PackageCache/com.unity.xr.oculus@1.9.1/Runtime/OculusLoader.cs Line: 249)

Mono: successfully reloaded assembly
- Completed reload, in  1.338 seconds
Platform modules already initialized, skipping
Refreshing native plugins compatible for Editor in 1.22 ms, found 16 plugins.
Preloading 2 native plugins for Editor in 0.18 ms.
Unloading 2349 Unused Serialized files (Serialized files now loaded: 0)
System memory in use before: 129.6 MB.
System memory in use after: 129.8 MB.

Unloading 32 unused Assets to reduce memory usage. Loaded Objects now: 2974.
Total: 6.186100 ms (FindLiveObjects: 1.373300 ms CreateObjectMapping: 0.236600 ms MarkObjects: 4.534400 ms  DeleteObjects: 0.039500 ms)

========================================================================
Received Prepare
Registering precompiled user dll's ...
Registered in 0.018075 seconds.
Begin MonoManager ReloadAssembly
Native extension for WindowsStandalone target not found
Refreshing native plugins compatible for Editor in 0.88 ms, found 16 plugins.
Preloading 2 native plugins for Editor in 0.17 ms.
NullReferenceException: Object reference not set to an instance of an object
  at Unity.XR.Oculus.OculusLoader.AssetPathToAbsolutePath (System.String assetPath) [0x00048] in C:\Users\erlen\Documents\Github\Crystallographic-Reality\Crystallographic Reality\Library\PackageCache\com.unity.xr.oculus@1.9.1\Runtime\OculusLoader.cs:249 
  at Unity.XR.Oculus.OculusLoader.EditorLoadOVRPlugin () [0x0007b] in C:\Users\erlen\Documents\Github\Crystallographic-Reality\Crystallographic Reality\Library\PackageCache\com.unity.xr.oculus@1.9.1\Runtime\OculusLoader.cs:234 

(Filename: Library/PackageCache/com.unity.xr.oculus@1.9.1/Runtime/OculusLoader.cs Line: 249)

Mono: successfully reloaded assembly
- Completed reload, in  1.475 seconds
Platform modules already initialized, skipping
Refreshing native plugins compatible for Editor in 0.94 ms, found 16 plugins.
Preloading 2 native plugins for Editor in 0.17 ms.
Unloading 2349 Unused Serialized files (Serialized files now loaded: 0)
System memory in use before: 129.7 MB.
System memory in use after: 129.9 MB.

Unloading 32 unused Assets to reduce memory usage. Loaded Objects now: 2977.
Total: 2.922700 ms (FindLiveObjects: 0.279500 ms CreateObjectMapping: 0.132900 ms MarkObjects: 2.470800 ms  DeleteObjects: 0.038100 ms)

========================================================================
Received Prepare
Registering precompiled user dll's ...
Registered in 0.017472 seconds.
Begin MonoManager ReloadAssembly
Native extension for WindowsStandalone target not found
Refreshing native plugins compatible for Editor in 0.93 ms, found 16 plugins.
Preloading 2 native plugins for Editor in 0.26 ms.
NullReferenceException: Object reference not set to an instance of an object
  at Unity.XR.Oculus.OculusLoader.AssetPathToAbsolutePath (System.String assetPath) [0x00048] in C:\Users\erlen\Documents\Github\Crystallographic-Reality\Crystallographic Reality\Library\PackageCache\com.unity.xr.oculus@1.9.1\Runtime\OculusLoader.cs:249 
  at Unity.XR.Oculus.OculusLoader.EditorLoadOVRPlugin () [0x0007b] in C:\Users\erlen\Documents\Github\Crystallographic-Reality\Crystallographic Reality\Library\PackageCache\com.unity.xr.oculus@1.9.1\Runtime\OculusLoader.cs:234 

(Filename: Library/PackageCache/com.unity.xr.oculus@1.9.1/Runtime/OculusLoader.cs Line: 249)

Mono: successfully reloaded assembly
- Completed reload, in  1.623 seconds
Platform modules already initialized, skipping
Refreshing native plugins compatible for Editor in 0.95 ms, found 16 plugins.
Preloading 2 native plugins for Editor in 0.17 ms.
Unloading 2349 Unused Serialized files (Serialized files now loaded: 0)
System memory in use before: 129.7 MB.
System memory in use after: 129.9 MB.

Unloading 32 unused Assets to reduce memory usage. Loaded Objects now: 2980.
Total: 2.796600 ms (FindLiveObjects: 0.266500 ms CreateObjectMapping: 0.121300 ms MarkObjects: 2.354800 ms  DeleteObjects: 0.052900 ms)

========================================================================
Received Prepare
Registering precompiled user dll's ...
Registered in 0.013826 seconds.
Begin MonoManager ReloadAssembly
Native extension for WindowsStandalone target not found
Refreshing native plugins compatible for Editor in 0.88 ms, found 16 plugins.
Preloading 2 native plugins for Editor in 0.15 ms.
NullReferenceException: Object reference not set to an instance of an object
  at Unity.XR.Oculus.OculusLoader.AssetPathToAbsolutePath (System.String assetPath) [0x00048] in C:\Users\erlen\Documents\Github\Crystallographic-Reality\Crystallographic Reality\Library\PackageCache\com.unity.xr.oculus@1.9.1\Runtime\OculusLoader.cs:249 
  at Unity.XR.Oculus.OculusLoader.EditorLoadOVRPlugin () [0x0007b] in C:\Users\erlen\Documents\Github\Crystallographic-Reality\Crystallographic Reality\Library\PackageCache\com.unity.xr.oculus@1.9.1\Runtime\OculusLoader.cs:234 

(Filename: Library/PackageCache/com.unity.xr.oculus@1.9.1/Runtime/OculusLoader.cs Line: 249)

Mono: successfully reloaded assembly
- Completed reload, in  1.371 seconds
Platform modules already initialized, skipping
Refreshing native plugins compatible for Editor in 0.99 ms, found 16 plugins.
Preloading 2 native plugins for Editor in 0.18 ms.
Unloading 2349 Unused Serialized files (Serialized files now loaded: 0)
System memory in use before: 129.7 MB.
System memory in use after: 129.9 MB.

Unloading 32 unused Assets to reduce memory usage. Loaded Objects now: 2983.
Total: 2.811100 ms (FindLiveObjects: 0.256500 ms CreateObjectMapping: 0.114100 ms MarkObjects: 2.400100 ms  DeleteObjects: 0.039200 ms)

========================================================================
Received Prepare
Registering precompiled user dll's ...
Registered in 0.015786 seconds.
Begin MonoManager ReloadAssembly
Native extension for WindowsStandalone target not found
Refreshing native plugins compatible for Editor in 0.96 ms, found 16 plugins.
Preloading 2 native plugins for Editor in 0.16 ms.
NullReferenceException: Object reference not set to an instance of an object
  at Unity.XR.Oculus.OculusLoader.AssetPathToAbsolutePath (System.String assetPath) [0x00048] in C:\Users\erlen\Documents\Github\Crystallographic-Reality\Crystallographic Reality\Library\PackageCache\com.unity.xr.oculus@1.9.1\Runtime\OculusLoader.cs:249 
  at Unity.XR.Oculus.OculusLoader.EditorLoadOVRPlugin () [0x0007b] in C:\Users\erlen\Documents\Github\Crystallographic-Reality\Crystallographic Reality\Library\PackageCache\com.unity.xr.oculus@1.9.1\Runtime\OculusLoader.cs:234 

(Filename: Library/PackageCache/com.unity.xr.oculus@1.9.1/Runtime/OculusLoader.cs Line: 249)

Mono: successfully reloaded assembly
- Completed reload, in  1.289 seconds
Platform modules already initialized, skipping
Refreshing native plugins compatible for Editor in 1.06 ms, found 16 plugins.
Preloading 2 native plugins for Editor in 0.20 ms.
Unloading 2349 Unused Serialized files (Serialized files now loaded: 0)
System memory in use before: 129.7 MB.
System memory in use after: 129.9 MB.

Unloading 32 unused Assets to reduce memory usage. Loaded Objects now: 2986.
Total: 3.124800 ms (FindLiveObjects: 0.330700 ms CreateObjectMapping: 0.160400 ms MarkObjects: 2.602600 ms  DeleteObjects: 0.029500 ms)

========================================================================
Received Prepare
Registering precompiled user dll's ...
Registered in 0.013859 seconds.
Begin MonoManager ReloadAssembly
Native extension for WindowsStandalone target not found
Refreshing native plugins compatible for Editor in 0.93 ms, found 16 plugins.
Preloading 2 native plugins for Editor in 0.17 ms.
NullReferenceException: Object reference not set to an instance of an object
  at Unity.XR.Oculus.OculusLoader.AssetPathToAbsolutePath (System.String assetPath) [0x00048] in C:\Users\erlen\Documents\Github\Crystallographic-Reality\Crystallographic Reality\Library\PackageCache\com.unity.xr.oculus@1.9.1\Runtime\OculusLoader.cs:249 
  at Unity.XR.Oculus.OculusLoader.EditorLoadOVRPlugin () [0x0007b] in C:\Users\erlen\Documents\Github\Crystallographic-Reality\Crystallographic Reality\Library\PackageCache\com.unity.xr.oculus@1.9.1\Runtime\OculusLoader.cs:234 

(Filename: Library/PackageCache/com.unity.xr.oculus@1.9.1/Runtime/OculusLoader.cs Line: 249)

Mono: successfully reloaded assembly
- Completed reload, in  1.508 seconds
Platform modules already initialized, skipping
Refreshing native plugins compatible for Editor in 0.93 ms, found 16 plugins.
Preloading 2 native plugins for Editor in 0.16 ms.
Unloading 2349 Unused Serialized files (Serialized files now loaded: 0)
System memory in use before: 129.6 MB.
System memory in use after: 129.9 MB.

Unloading 32 unused Assets to reduce memory usage. Loaded Objects now: 2989.
Total: 3.155100 ms (FindLiveObjects: 0.277700 ms CreateObjectMapping: 0.127500 ms MarkObjects: 2.706500 ms  DeleteObjects: 0.042000 ms)

========================================================================
Received Prepare
Registering precompiled user dll's ...
Registered in 0.016310 seconds.
Begin MonoManager ReloadAssembly
Native extension for WindowsStandalone target not found
Refreshing native plugins compatible for Editor in 0.96 ms, found 16 plugins.
Preloading 2 native plugins for Editor in 0.21 ms.
NullReferenceException: Object reference not set to an instance of an object
  at Unity.XR.Oculus.OculusLoader.AssetPathToAbsolutePath (System.String assetPath) [0x00048] in C:\Users\erlen\Documents\Github\Crystallographic-Reality\Crystallographic Reality\Library\PackageCache\com.unity.xr.oculus@1.9.1\Runtime\OculusLoader.cs:249 
  at Unity.XR.Oculus.OculusLoader.EditorLoadOVRPlugin () [0x0007b] in C:\Users\erlen\Documents\Github\Crystallographic-Reality\Crystallographic Reality\Library\PackageCache\com.unity.xr.oculus@1.9.1\Runtime\OculusLoader.cs:234 

(Filename: Library/PackageCache/com.unity.xr.oculus@1.9.1/Runtime/OculusLoader.cs Line: 249)

Mono: successfully reloaded assembly
- Completed reload, in  1.675 seconds
Platform modules already initialized, skipping
Refreshing native plugins compatible for Editor in 1.01 ms, found 16 plugins.
Preloading 2 native plugins for Editor in 0.20 ms.
Unloading 2349 Unused Serialized files (Serialized files now loaded: 0)
System memory in use before: 129.7 MB.
System memory in use after: 130.0 MB.

Unloading 32 unused Assets to reduce memory usage. Loaded Objects now: 2992.
Total: 3.848800 ms (FindLiveObjects: 0.408700 ms CreateObjectMapping: 0.182600 ms MarkObjects: 3.221700 ms  DeleteObjects: 0.033500 ms)

========================================================================
Received Prepare
Registering precompiled user dll's ...
Registered in 0.013758 seconds.
Begin MonoManager ReloadAssembly
Native extension for WindowsStandalone target not found
Refreshing native plugins compatible for Editor in 0.84 ms, found 16 plugins.
Preloading 2 native plugins for Editor in 0.15 ms.
NullReferenceException: Object reference not set to an instance of an object
  at Unity.XR.Oculus.OculusLoader.AssetPathToAbsolutePath (System.String assetPath) [0x00048] in C:\Users\erlen\Documents\Github\Crystallographic-Reality\Crystallographic Reality\Library\PackageCache\com.unity.xr.oculus@1.9.1\Runtime\OculusLoader.cs:249 
  at Unity.XR.Oculus.OculusLoader.EditorLoadOVRPlugin () [0x0007b] in C:\Users\erlen\Documents\Github\Crystallographic-Reality\Crystallographic Reality\Library\PackageCache\com.unity.xr.oculus@1.9.1\Runtime\OculusLoader.cs:234 

(Filename: Library/PackageCache/com.unity.xr.oculus@1.9.1/Runtime/OculusLoader.cs Line: 249)

Mono: successfully reloaded assembly
- Completed reload, in  1.447 seconds
Platform modules already initialized, skipping
Refreshing native plugins compatible for Editor in 0.91 ms, found 16 plugins.
Preloading 2 native plugins for Editor in 0.16 ms.
Unloading 2349 Unused Serialized files (Serialized files now loaded: 0)
System memory in use before: 129.8 MB.
System memory in use after: 130.0 MB.

Unloading 32 unused Assets to reduce memory usage. Loaded Objects now: 2995.
Total: 2.954600 ms (FindLiveObjects: 0.270300 ms CreateObjectMapping: 0.167300 ms MarkObjects: 2.435900 ms  DeleteObjects: 0.080100 ms)

========================================================================
Received Prepare
Registering precompiled user dll's ...
Registered in 0.013975 seconds.
Begin MonoManager ReloadAssembly
Native extension for WindowsStandalone target not found
Refreshing native plugins compatible for Editor in 0.92 ms, found 16 plugins.
Preloading 2 native plugins for Editor in 0.18 ms.
NullReferenceException: Object reference not set to an instance of an object
  at Unity.XR.Oculus.OculusLoader.AssetPathToAbsolutePath (System.String assetPath) [0x00048] in C:\Users\erlen\Documents\Github\Crystallographic-Reality\Crystallographic Reality\Library\PackageCache\com.unity.xr.oculus@1.9.1\Runtime\OculusLoader.cs:249 
  at Unity.XR.Oculus.OculusLoader.EditorLoadOVRPlugin () [0x0007b] in C:\Users\erlen\Documents\Github\Crystallographic-Reality\Crystallographic Reality\Library\PackageCache\com.unity.xr.oculus@1.9.1\Runtime\OculusLoader.cs:234 

(Filename: Library/PackageCache/com.unity.xr.oculus@1.9.1/Runtime/OculusLoader.cs Line: 249)

Mono: successfully reloaded assembly
- Completed reload, in  1.549 seconds
Platform modules already initialized, skipping
Refreshing native plugins compatible for Editor in 0.96 ms, found 16 plugins.
Preloading 2 native plugins for Editor in 0.18 ms.
Unloading 2349 Unused Serialized files (Serialized files now loaded: 0)
System memory in use before: 129.8 MB.
System memory in use after: 130.0 MB.

Unloading 32 unused Assets to reduce memory usage. Loaded Objects now: 2998.
Total: 2.802500 ms (FindLiveObjects: 0.266500 ms CreateObjectMapping: 0.114700 ms MarkObjects: 2.367700 ms  DeleteObjects: 0.052600 ms)

========================================================================
Received Prepare
Registering precompiled user dll's ...
Registered in 0.014391 seconds.
Begin MonoManager ReloadAssembly
Native extension for WindowsStandalone target not found
Refreshing native plugins compatible for Editor in 0.90 ms, found 16 plugins.
Preloading 2 native plugins for Editor in 0.18 ms.
NullReferenceException: Object reference not set to an instance of an object
  at Unity.XR.Oculus.OculusLoader.AssetPathToAbsolutePath (System.String assetPath) [0x00048] in C:\Users\erlen\Documents\Github\Crystallographic-Reality\Crystallographic Reality\Library\PackageCache\com.unity.xr.oculus@1.9.1\Runtime\OculusLoader.cs:249 
  at Unity.XR.Oculus.OculusLoader.EditorLoadOVRPlugin () [0x0007b] in C:\Users\erlen\Documents\Github\Crystallographic-Reality\Crystallographic Reality\Library\PackageCache\com.unity.xr.oculus@1.9.1\Runtime\OculusLoader.cs:234 

(Filename: Library/PackageCache/com.unity.xr.oculus@1.9.1/Runtime/OculusLoader.cs Line: 249)

Mono: successfully reloaded assembly
- Completed reload, in  1.296 seconds
Platform modules already initialized, skipping
Refreshing native plugins compatible for Editor in 0.92 ms, found 16 plugins.
Preloading 2 native plugins for Editor in 0.16 ms.
Unloading 2349 Unused Serialized files (Serialized files now loaded: 0)
System memory in use before: 129.8 MB.
System memory in use after: 130.0 MB.

Unloading 32 unused Assets to reduce memory usage. Loaded Objects now: 3001.
Total: 2.765200 ms (FindLiveObjects: 0.271000 ms CreateObjectMapping: 0.118000 ms MarkObjects: 2.322400 ms  DeleteObjects: 0.052900 ms)

========================================================================
Received Prepare
Registering precompiled user dll's ...
Registered in 0.013818 seconds.
Begin MonoManager ReloadAssembly
Native extension for WindowsStandalone target not found
Refreshing native plugins compatible for Editor in 0.91 ms, found 16 plugins.
Preloading 2 native plugins for Editor in 0.16 ms.
NullReferenceException: Object reference not set to an instance of an object
  at Unity.XR.Oculus.OculusLoader.AssetPathToAbsolutePath (System.String assetPath) [0x00048] in C:\Users\erlen\Documents\Github\Crystallographic-Reality\Crystallographic Reality\Library\PackageCache\com.unity.xr.oculus@1.9.1\Runtime\OculusLoader.cs:249 
  at Unity.XR.Oculus.OculusLoader.EditorLoadOVRPlugin () [0x0007b] in C:\Users\erlen\Documents\Github\Crystallographic-Reality\Crystallographic Reality\Library\PackageCache\com.unity.xr.oculus@1.9.1\Runtime\OculusLoader.cs:234 

(Filename: Library/PackageCache/com.unity.xr.oculus@1.9.1/Runtime/OculusLoader.cs Line: 249)

Mono: successfully reloaded assembly
- Completed reload, in  1.389 seconds
Platform modules already initialized, skipping
Refreshing native plugins compatible for Editor in 1.00 ms, found 16 plugins.
Preloading 2 native plugins for Editor in 0.16 ms.
Unloading 2349 Unused Serialized files (Serialized files now loaded: 0)
System memory in use before: 129.7 MB.
System memory in use after: 129.9 MB.

Unloading 32 unused Assets to reduce memory usage. Loaded Objects now: 3004.
Total: 2.747800 ms (FindLiveObjects: 0.256700 ms CreateObjectMapping: 0.105700 ms MarkObjects: 2.328700 ms  DeleteObjects: 0.055700 ms)

========================================================================
Received Prepare
Registering precompiled user dll's ...
Registered in 0.016709 seconds.
Begin MonoManager ReloadAssembly
Native extension for WindowsStandalone target not found
Refreshing native plugins compatible for Editor in 0.99 ms, found 16 plugins.
Preloading 2 native plugins for Editor in 0.18 ms.
NullReferenceException: Object reference not set to an instance of an object
  at Unity.XR.Oculus.OculusLoader.AssetPathToAbsolutePath (System.String assetPath) [0x00048] in C:\Users\erlen\Documents\Github\Crystallographic-Reality\Crystallographic Reality\Library\PackageCache\com.unity.xr.oculus@1.9.1\Runtime\OculusLoader.cs:249 
  at Unity.XR.Oculus.OculusLoader.EditorLoadOVRPlugin () [0x0007b] in C:\Users\erlen\Documents\Github\Crystallographic-Reality\Crystallographic Reality\Library\PackageCache\com.unity.xr.oculus@1.9.1\Runtime\OculusLoader.cs:234 

(Filename: Library/PackageCache/com.unity.xr.oculus@1.9.1/Runtime/OculusLoader.cs Line: 249)

Mono: successfully reloaded assembly
- Completed reload, in  1.376 seconds
Platform modules already initialized, skipping
Refreshing native plugins compatible for Editor in 0.94 ms, found 16 plugins.
Preloading 2 native plugins for Editor in 0.17 ms.
Unloading 2349 Unused Serialized files (Serialized files now loaded: 0)
System memory in use before: 129.8 MB.
System memory in use after: 130.0 MB.

Unloading 32 unused Assets to reduce memory usage. Loaded Objects now: 3007.
Total: 3.038600 ms (FindLiveObjects: 0.327700 ms CreateObjectMapping: 0.179900 ms MarkObjects: 2.502200 ms  DeleteObjects: 0.027600 ms)

========================================================================
Received Prepare
Registering precompiled user dll's ...
Registered in 0.296238 seconds.
Begin MonoManager ReloadAssembly
Native extension for WindowsStandalone target not found
Refreshing native plugins compatible for Editor in 0.91 ms, found 16 plugins.
Preloading 2 native plugins for Editor in 0.18 ms.
NullReferenceException: Object reference not set to an instance of an object
  at Unity.XR.Oculus.OculusLoader.AssetPathToAbsolutePath (System.String assetPath) [0x00048] in C:\Users\erlen\Documents\Github\Crystallographic-Reality\Crystallographic Reality\Library\PackageCache\com.unity.xr.oculus@1.9.1\Runtime\OculusLoader.cs:249 
  at Unity.XR.Oculus.OculusLoader.EditorLoadOVRPlugin () [0x0007b] in C:\Users\erlen\Documents\Github\Crystallographic-Reality\Crystallographic Reality\Library\PackageCache\com.unity.xr.oculus@1.9.1\Runtime\OculusLoader.cs:234 

(Filename: Library/PackageCache/com.unity.xr.oculus@1.9.1/Runtime/OculusLoader.cs Line: 249)

Mono: successfully reloaded assembly
- Completed reload, in  1.380 seconds
Platform modules already initialized, skipping
Refreshing native plugins compatible for Editor in 0.92 ms, found 16 plugins.
Preloading 2 native plugins for Editor in 0.17 ms.
Unloading 2349 Unused Serialized files (Serialized files now loaded: 0)
System memory in use before: 129.8 MB.
System memory in use after: 130.0 MB.

Unloading 32 unused Assets to reduce memory usage. Loaded Objects now: 3010.
Total: 2.735400 ms (FindLiveObjects: 0.292900 ms CreateObjectMapping: 0.137000 ms MarkObjects: 2.280400 ms  DeleteObjects: 0.024100 ms)

========================================================================
Received Prepare
Registering precompiled user dll's ...
Registered in 0.017863 seconds.
Begin MonoManager ReloadAssembly
Native extension for WindowsStandalone target not found
Refreshing native plugins compatible for Editor in 0.99 ms, found 16 plugins.
Preloading 2 native plugins for Editor in 0.18 ms.
NullReferenceException: Object reference not set to an instance of an object
  at Unity.XR.Oculus.OculusLoader.AssetPathToAbsolutePath (System.String assetPath) [0x00048] in C:\Users\erlen\Documents\Github\Crystallographic-Reality\Crystallographic Reality\Library\PackageCache\com.unity.xr.oculus@1.9.1\Runtime\OculusLoader.cs:249 
  at Unity.XR.Oculus.OculusLoader.EditorLoadOVRPlugin () [0x0007b] in C:\Users\erlen\Documents\Github\Crystallographic-Reality\Crystallographic Reality\Library\PackageCache\com.unity.xr.oculus@1.9.1\Runtime\OculusLoader.cs:234 

(Filename: Library/PackageCache/com.unity.xr.oculus@1.9.1/Runtime/OculusLoader.cs Line: 249)

Mono: successfully reloaded assembly
- Completed reload, in  1.439 seconds
Platform modules already initialized, skipping
Refreshing native plugins compatible for Editor in 0.97 ms, found 16 plugins.
Preloading 2 native plugins for Editor in 0.19 ms.
Unloading 2349 Unused Serialized files (Serialized files now loaded: 0)
System memory in use before: 129.8 MB.
System memory in use after: 130.0 MB.

Unloading 32 unused Assets to reduce memory usage. Loaded Objects now: 3013.
Total: 2.836100 ms (FindLiveObjects: 0.290600 ms CreateObjectMapping: 0.134100 ms MarkObjects: 2.369400 ms  DeleteObjects: 0.040300 ms)

========================================================================
Received Prepare
Registering precompiled user dll's ...
Registered in 0.025130 seconds.
Begin MonoManager ReloadAssembly
Native extension for WindowsStandalone target not found
Refreshing native plugins compatible for Editor in 0.91 ms, found 16 plugins.
Preloading 2 native plugins for Editor in 0.19 ms.
NullReferenceException: Object reference not set to an instance of an object
  at Unity.XR.Oculus.OculusLoader.AssetPathToAbsolutePath (System.String assetPath) [0x00048] in C:\Users\erlen\Documents\Github\Crystallographic-Reality\Crystallographic Reality\Library\PackageCache\com.unity.xr.oculus@1.9.1\Runtime\OculusLoader.cs:249 
  at Unity.XR.Oculus.OculusLoader.EditorLoadOVRPlugin () [0x0007b] in C:\Users\erlen\Documents\Github\Crystallographic-Reality\Crystallographic Reality\Library\PackageCache\com.unity.xr.oculus@1.9.1\Runtime\OculusLoader.cs:234 

(Filename: Library/PackageCache/com.unity.xr.oculus@1.9.1/Runtime/OculusLoader.cs Line: 249)

Mono: successfully reloaded assembly
- Completed reload, in  1.357 seconds
Platform modules already initialized, skipping
Refreshing native plugins compatible for Editor in 1.01 ms, found 16 plugins.
Preloading 2 native plugins for Editor in 0.22 ms.
Unloading 2349 Unused Serialized files (Serialized files now loaded: 0)
System memory in use before: 129.8 MB.
System memory in use after: 130.0 MB.

Unloading 32 unused Assets to reduce memory usage. Loaded Objects now: 3016.
Total: 6.771100 ms (FindLiveObjects: 0.545700 ms CreateObjectMapping: 0.172200 ms MarkObjects: 6.013300 ms  DeleteObjects: 0.038100 ms)

========================================================================
Received Prepare
Registering precompiled user dll's ...
Registered in 0.016657 seconds.
Begin MonoManager ReloadAssembly
Native extension for WindowsStandalone target not found
Refreshing native plugins compatible for Editor in 1.07 ms, found 16 plugins.
Preloading 2 native plugins for Editor in 0.21 ms.
NullReferenceException: Object reference not set to an instance of an object
  at Unity.XR.Oculus.OculusLoader.AssetPathToAbsolutePath (System.String assetPath) [0x00048] in C:\Users\erlen\Documents\Github\Crystallographic-Reality\Crystallographic Reality\Library\PackageCache\com.unity.xr.oculus@1.9.1\Runtime\OculusLoader.cs:249 
  at Unity.XR.Oculus.OculusLoader.EditorLoadOVRPlugin () [0x0007b] in C:\Users\erlen\Documents\Github\Crystallographic-Reality\Crystallographic Reality\Library\PackageCache\com.unity.xr.oculus@1.9.1\Runtime\OculusLoader.cs:234 

(Filename: Library/PackageCache/com.unity.xr.oculus@1.9.1/Runtime/OculusLoader.cs Line: 249)

Mono: successfully reloaded assembly
- Completed reload, in  1.639 seconds
Platform modules already initialized, skipping
Refreshing native plugins compatible for Editor in 1.13 ms, found 16 plugins.
Preloading 2 native plugins for Editor in 0.17 ms.
Unloading 2349 Unused Serialized files (Serialized files now loaded: 0)
System memory in use before: 129.7 MB.
System memory in use after: 130.0 MB.

Unloading 32 unused Assets to reduce memory usage. Loaded Objects now: 3019.
Total: 2.772300 ms (FindLiveObjects: 0.285000 ms CreateObjectMapping: 0.107900 ms MarkObjects: 2.324800 ms  DeleteObjects: 0.053200 ms)

========================================================================
Received Prepare
Registering precompiled user dll's ...
Registered in 0.021856 seconds.
Begin MonoManager ReloadAssembly
Native extension for WindowsStandalone target not found
Refreshing native plugins compatible for Editor in 1.35 ms, found 16 plugins.
Preloading 2 native plugins for Editor in 0.29 ms.
NullReferenceException: Object reference not set to an instance of an object
  at Unity.XR.Oculus.OculusLoader.AssetPathToAbsolutePath (System.String assetPath) [0x00048] in C:\Users\erlen\Documents\Github\Crystallographic-Reality\Crystallographic Reality\Library\PackageCache\com.unity.xr.oculus@1.9.1\Runtime\OculusLoader.cs:249 
  at Unity.XR.Oculus.OculusLoader.EditorLoadOVRPlugin () [0x0007b] in C:\Users\erlen\Documents\Github\Crystallographic-Reality\Crystallographic Reality\Library\PackageCache\com.unity.xr.oculus@1.9.1\Runtime\OculusLoader.cs:234 

(Filename: Library/PackageCache/com.unity.xr.oculus@1.9.1/Runtime/OculusLoader.cs Line: 249)

Mono: successfully reloaded assembly
- Completed reload, in  2.246 seconds
Platform modules already initialized, skipping
Refreshing native plugins compatible for Editor in 1.26 ms, found 16 plugins.
Preloading 2 native plugins for Editor in 0.49 ms.
Unloading 2349 Unused Serialized files (Serialized files now loaded: 0)
System memory in use before: 129.8 MB.
System memory in use after: 130.1 MB.

Unloading 32 unused Assets to reduce memory usage. Loaded Objects now: 3022.
Total: 8.205600 ms (FindLiveObjects: 2.137000 ms CreateObjectMapping: 1.000500 ms MarkObjects: 5.028000 ms  DeleteObjects: 0.038300 ms)

========================================================================
Received Prepare
Registering precompiled user dll's ...
Registered in 0.017517 seconds.
Begin MonoManager ReloadAssembly
Native extension for WindowsStandalone target not found
Refreshing native plugins compatible for Editor in 0.92 ms, found 16 plugins.
Preloading 2 native plugins for Editor in 0.17 ms.
NullReferenceException: Object reference not set to an instance of an object
  at Unity.XR.Oculus.OculusLoader.AssetPathToAbsolutePath (System.String assetPath) [0x00048] in C:\Users\erlen\Documents\Github\Crystallographic-Reality\Crystallographic Reality\Library\PackageCache\com.unity.xr.oculus@1.9.1\Runtime\OculusLoader.cs:249 
  at Unity.XR.Oculus.OculusLoader.EditorLoadOVRPlugin () [0x0007b] in C:\Users\erlen\Documents\Github\Crystallographic-Reality\Crystallographic Reality\Library\PackageCache\com.unity.xr.oculus@1.9.1\Runtime\OculusLoader.cs:234 

(Filename: Library/PackageCache/com.unity.xr.oculus@1.9.1/Runtime/OculusLoader.cs Line: 249)

Mono: successfully reloaded assembly
- Completed reload, in  1.497 seconds
Platform modules already initialized, skipping
Refreshing native plugins compatible for Editor in 0.99 ms, found 16 plugins.
Preloading 2 native plugins for Editor in 0.18 ms.
Unloading 2349 Unused Serialized files (Serialized files now loaded: 0)
System memory in use before: 129.8 MB.
System memory in use after: 130.1 MB.

Unloading 32 unused Assets to reduce memory usage. Loaded Objects now: 3025.
Total: 3.132600 ms (FindLiveObjects: 0.332700 ms CreateObjectMapping: 0.140400 ms MarkObjects: 2.631900 ms  DeleteObjects: 0.026500 ms)

========================================================================
Received Prepare
Registering precompiled user dll's ...
Registered in 0.015039 seconds.
Begin MonoManager ReloadAssembly
Native extension for WindowsStandalone target not found
Refreshing native plugins compatible for Editor in 1.04 ms, found 16 plugins.
Preloading 2 native plugins for Editor in 0.20 ms.
NullReferenceException: Object reference not set to an instance of an object
  at Unity.XR.Oculus.OculusLoader.AssetPathToAbsolutePath (System.String assetPath) [0x00048] in C:\Users\erlen\Documents\Github\Crystallographic-Reality\Crystallographic Reality\Library\PackageCache\com.unity.xr.oculus@1.9.1\Runtime\OculusLoader.cs:249 
  at Unity.XR.Oculus.OculusLoader.EditorLoadOVRPlugin () [0x0007b] in C:\Users\erlen\Documents\Github\Crystallographic-Reality\Crystallographic Reality\Library\PackageCache\com.unity.xr.oculus@1.9.1\Runtime\OculusLoader.cs:234 

(Filename: Library/PackageCache/com.unity.xr.oculus@1.9.1/Runtime/OculusLoader.cs Line: 249)

Mono: successfully reloaded assembly
- Completed reload, in  1.534 seconds
Platform modules already initialized, skipping
Refreshing native plugins compatible for Editor in 0.99 ms, found 16 plugins.
Preloading 2 native plugins for Editor in 0.18 ms.
Unloading 2349 Unused Serialized files (Serialized files now loaded: 0)
System memory in use before: 129.9 MB.
System memory in use after: 130.1 MB.

Unloading 32 unused Assets to reduce memory usage. Loaded Objects now: 3028.
Total: 3.025600 ms (FindLiveObjects: 0.294700 ms CreateObjectMapping: 0.124500 ms MarkObjects: 2.575000 ms  DeleteObjects: 0.030100 ms)

========================================================================
Received Prepare
Registering precompiled user dll's ...
Registered in 0.021016 seconds.
Begin MonoManager ReloadAssembly
Native extension for WindowsStandalone target not found
Refreshing native plugins compatible for Editor in 0.95 ms, found 16 plugins.
Preloading 2 native plugins for Editor in 0.18 ms.
NullReferenceException: Object reference not set to an instance of an object
  at Unity.XR.Oculus.OculusLoader.AssetPathToAbsolutePath (System.String assetPath) [0x00048] in C:\Users\erlen\Documents\Github\Crystallographic-Reality\Crystallographic Reality\Library\PackageCache\com.unity.xr.oculus@1.9.1\Runtime\OculusLoader.cs:249 
  at Unity.XR.Oculus.OculusLoader.EditorLoadOVRPlugin () [0x0007b] in C:\Users\erlen\Documents\Github\Crystallographic-Reality\Crystallographic Reality\Library\PackageCache\com.unity.xr.oculus@1.9.1\Runtime\OculusLoader.cs:234 

(Filename: Library/PackageCache/com.unity.xr.oculus@1.9.1/Runtime/OculusLoader.cs Line: 249)

Mono: successfully reloaded assembly
- Completed reload, in  1.378 seconds
Platform modules already initialized, skipping
Refreshing native plugins compatible for Editor in 1.24 ms, found 16 plugins.
Preloading 2 native plugins for Editor in 0.21 ms.
Unloading 2349 Unused Serialized files (Serialized files now loaded: 0)
System memory in use before: 129.9 MB.
System memory in use after: 130.1 MB.

Unloading 32 unused Assets to reduce memory usage. Loaded Objects now: 3031.
Total: 3.357900 ms (FindLiveObjects: 0.291200 ms CreateObjectMapping: 0.145800 ms MarkObjects: 2.890800 ms  DeleteObjects: 0.028700 ms)

========================================================================
Received Prepare
Registering precompiled user dll's ...
Registered in 0.016352 seconds.
Begin MonoManager ReloadAssembly
Native extension for WindowsStandalone target not found
Refreshing native plugins compatible for Editor in 1.13 ms, found 16 plugins.
Preloading 2 native plugins for Editor in 0.19 ms.
NullReferenceException: Object reference not set to an instance of an object
  at Unity.XR.Oculus.OculusLoader.AssetPathToAbsolutePath (System.String assetPath) [0x00048] in C:\Users\erlen\Documents\Github\Crystallographic-Reality\Crystallographic Reality\Library\PackageCache\com.unity.xr.oculus@1.9.1\Runtime\OculusLoader.cs:249 
  at Unity.XR.Oculus.OculusLoader.EditorLoadOVRPlugin () [0x0007b] in C:\Users\erlen\Documents\Github\Crystallographic-Reality\Crystallographic Reality\Library\PackageCache\com.unity.xr.oculus@1.9.1\Runtime\OculusLoader.cs:234 

(Filename: Library/PackageCache/com.unity.xr.oculus@1.9.1/Runtime/OculusLoader.cs Line: 249)

Mono: successfully reloaded assembly
- Completed reload, in  1.731 seconds
Platform modules already initialized, skipping
Refreshing native plugins compatible for Editor in 0.90 ms, found 16 plugins.
Preloading 2 native plugins for Editor in 0.16 ms.
Unloading 2349 Unused Serialized files (Serialized files now loaded: 0)
System memory in use before: 129.8 MB.
System memory in use after: 130.0 MB.

Unloading 32 unused Assets to reduce memory usage. Loaded Objects now: 3034.
Total: 2.825100 ms (FindLiveObjects: 0.282200 ms CreateObjectMapping: 0.123800 ms MarkObjects: 2.365800 ms  DeleteObjects: 0.052200 ms)

========================================================================
Received Prepare
Registering precompiled user dll's ...
Registered in 0.023592 seconds.
Begin MonoManager ReloadAssembly
Native extension for WindowsStandalone target not found
Refreshing native plugins compatible for Editor in 0.90 ms, found 16 plugins.
Preloading 2 native plugins for Editor in 0.17 ms.
NullReferenceException: Object reference not set to an instance of an object
  at Unity.XR.Oculus.OculusLoader.AssetPathToAbsolutePath (System.String assetPath) [0x00048] in C:\Users\erlen\Documents\Github\Crystallographic-Reality\Crystallographic Reality\Library\PackageCache\com.unity.xr.oculus@1.9.1\Runtime\OculusLoader.cs:249 
  at Unity.XR.Oculus.OculusLoader.EditorLoadOVRPlugin () [0x0007b] in C:\Users\erlen\Documents\Github\Crystallographic-Reality\Crystallographic Reality\Library\PackageCache\com.unity.xr.oculus@1.9.1\Runtime\OculusLoader.cs:234 

(Filename: Library/PackageCache/com.unity.xr.oculus@1.9.1/Runtime/OculusLoader.cs Line: 249)

Mono: successfully reloaded assembly
- Completed reload, in  1.680 seconds
Platform modules already initialized, skipping
Refreshing native plugins compatible for Editor in 0.91 ms, found 16 plugins.
Preloading 2 native plugins for Editor in 0.16 ms.
Unloading 2349 Unused Serialized files (Serialized files now loaded: 0)
System memory in use before: 129.9 MB.
System memory in use after: 130.1 MB.

Unloading 32 unused Assets to reduce memory usage. Loaded Objects now: 3037.
Total: 2.879900 ms (FindLiveObjects: 0.265700 ms CreateObjectMapping: 0.112600 ms MarkObjects: 2.451900 ms  DeleteObjects: 0.048600 ms)

========================================================================
Received Prepare
Registering precompiled user dll's ...
Registered in 0.018255 seconds.
Begin MonoManager ReloadAssembly
Native extension for WindowsStandalone target not found
Refreshing native plugins compatible for Editor in 0.90 ms, found 16 plugins.
Preloading 2 native plugins for Editor in 0.18 ms.
NullReferenceException: Object reference not set to an instance of an object
  at Unity.XR.Oculus.OculusLoader.AssetPathToAbsolutePath (System.String assetPath) [0x00048] in C:\Users\erlen\Documents\Github\Crystallographic-Reality\Crystallographic Reality\Library\PackageCache\com.unity.xr.oculus@1.9.1\Runtime\OculusLoader.cs:249 
  at Unity.XR.Oculus.OculusLoader.EditorLoadOVRPlugin () [0x0007b] in C:\Users\erlen\Documents\Github\Crystallographic-Reality\Crystallographic Reality\Library\PackageCache\com.unity.xr.oculus@1.9.1\Runtime\OculusLoader.cs:234 

(Filename: Library/PackageCache/com.unity.xr.oculus@1.9.1/Runtime/OculusLoader.cs Line: 249)

Mono: successfully reloaded assembly
- Completed reload, in  1.531 seconds
Platform modules already initialized, skipping
Refreshing native plugins compatible for Editor in 0.93 ms, found 16 plugins.
Preloading 2 native plugins for Editor in 0.17 ms.
Unloading 2349 Unused Serialized files (Serialized files now loaded: 0)
System memory in use before: 129.9 MB.
System memory in use after: 130.1 MB.

Unloading 32 unused Assets to reduce memory usage. Loaded Objects now: 3040.
Total: 3.029200 ms (FindLiveObjects: 0.282800 ms CreateObjectMapping: 0.128700 ms MarkObjects: 2.555800 ms  DeleteObjects: 0.060400 ms)

========================================================================
Received Prepare
Registering precompiled user dll's ...
Registered in 0.015075 seconds.
Begin MonoManager ReloadAssembly
Native extension for WindowsStandalone target not found
Refreshing native plugins compatible for Editor in 1.37 ms, found 16 plugins.
Preloading 2 native plugins for Editor in 0.23 ms.
NullReferenceException: Object reference not set to an instance of an object
  at Unity.XR.Oculus.OculusLoader.AssetPathToAbsolutePath (System.String assetPath) [0x00048] in C:\Users\erlen\Documents\Github\Crystallographic-Reality\Crystallographic Reality\Library\PackageCache\com.unity.xr.oculus@1.9.1\Runtime\OculusLoader.cs:249 
  at Unity.XR.Oculus.OculusLoader.EditorLoadOVRPlugin () [0x0007b] in C:\Users\erlen\Documents\Github\Crystallographic-Reality\Crystallographic Reality\Library\PackageCache\com.unity.xr.oculus@1.9.1\Runtime\OculusLoader.cs:234 

(Filename: Library/PackageCache/com.unity.xr.oculus@1.9.1/Runtime/OculusLoader.cs Line: 249)

Mono: successfully reloaded assembly
- Completed reload, in  1.383 seconds
Platform modules already initialized, skipping
Refreshing native plugins compatible for Editor in 1.04 ms, found 16 plugins.
Preloading 2 native plugins for Editor in 0.18 ms.
Unloading 2349 Unused Serialized files (Serialized files now loaded: 0)
System memory in use before: 129.9 MB.
System memory in use after: 130.1 MB.

Unloading 32 unused Assets to reduce memory usage. Loaded Objects now: 3043.
Total: 3.820900 ms (FindLiveObjects: 0.379400 ms CreateObjectMapping: 0.224800 ms MarkObjects: 3.180500 ms  DeleteObjects: 0.034300 ms)

========================================================================
Received Prepare
Registering precompiled user dll's ...
Registered in 0.015557 seconds.
Begin MonoManager ReloadAssembly
Native extension for WindowsStandalone target not found
Refreshing native plugins compatible for Editor in 0.94 ms, found 16 plugins.
Preloading 2 native plugins for Editor in 0.18 ms.
NullReferenceException: Object reference not set to an instance of an object
  at Unity.XR.Oculus.OculusLoader.AssetPathToAbsolutePath (System.String assetPath) [0x00048] in C:\Users\erlen\Documents\Github\Crystallographic-Reality\Crystallographic Reality\Library\PackageCache\com.unity.xr.oculus@1.9.1\Runtime\OculusLoader.cs:249 
  at Unity.XR.Oculus.OculusLoader.EditorLoadOVRPlugin () [0x0007b] in C:\Users\erlen\Documents\Github\Crystallographic-Reality\Crystallographic Reality\Library\PackageCache\com.unity.xr.oculus@1.9.1\Runtime\OculusLoader.cs:234 

(Filename: Library/PackageCache/com.unity.xr.oculus@1.9.1/Runtime/OculusLoader.cs Line: 249)

Mono: successfully reloaded assembly
- Completed reload, in  2.232 seconds
Platform modules already initialized, skipping
Refreshing native plugins compatible for Editor in 1.94 ms, found 16 plugins.
Preloading 2 native plugins for Editor in 0.40 ms.
Unloading 2349 Unused Serialized files (Serialized files now loaded: 0)
System memory in use before: 129.9 MB.
System memory in use after: 130.1 MB.

Unloading 32 unused Assets to reduce memory usage. Loaded Objects now: 3046.
Total: 3.446700 ms (FindLiveObjects: 0.341300 ms CreateObjectMapping: 0.168200 ms MarkObjects: 2.903500 ms  DeleteObjects: 0.032100 ms)

========================================================================
Received Prepare
Registering precompiled user dll's ...
Registered in 0.014890 seconds.
Begin MonoManager ReloadAssembly
Native extension for WindowsStandalone target not found
Refreshing native plugins compatible for Editor in 0.96 ms, found 16 plugins.
Preloading 2 native plugins for Editor in 0.20 ms.
NullReferenceException: Object reference not set to an instance of an object
  at Unity.XR.Oculus.OculusLoader.AssetPathToAbsolutePath (System.String assetPath) [0x00048] in C:\Users\erlen\Documents\Github\Crystallographic-Reality\Crystallographic Reality\Library\PackageCache\com.unity.xr.oculus@1.9.1\Runtime\OculusLoader.cs:249 
  at Unity.XR.Oculus.OculusLoader.EditorLoadOVRPlugin () [0x0007b] in C:\Users\erlen\Documents\Github\Crystallographic-Reality\Crystallographic Reality\Library\PackageCache\com.unity.xr.oculus@1.9.1\Runtime\OculusLoader.cs:234 

(Filename: Library/PackageCache/com.unity.xr.oculus@1.9.1/Runtime/OculusLoader.cs Line: 249)

Mono: successfully reloaded assembly
- Completed reload, in  1.565 seconds
Platform modules already initialized, skipping
Refreshing native plugins compatible for Editor in 1.07 ms, found 16 plugins.
Preloading 2 native plugins for Editor in 0.19 ms.
Unloading 2349 Unused Serialized files (Serialized files now loaded: 0)
System memory in use before: 129.8 MB.
System memory in use after: 130.0 MB.

Unloading 32 unused Assets to reduce memory usage. Loaded Objects now: 3049.
Total: 2.875100 ms (FindLiveObjects: 0.290200 ms CreateObjectMapping: 0.117600 ms MarkObjects: 2.425900 ms  DeleteObjects: 0.040100 ms)

========================================================================
Received Prepare
Registering precompiled user dll's ...
Registered in 0.026868 seconds.
Begin MonoManager ReloadAssembly
Native extension for WindowsStandalone target not found
Refreshing native plugins compatible for Editor in 0.90 ms, found 16 plugins.
Preloading 2 native plugins for Editor in 0.17 ms.
NullReferenceException: Object reference not set to an instance of an object
  at Unity.XR.Oculus.OculusLoader.AssetPathToAbsolutePath (System.String assetPath) [0x00048] in C:\Users\erlen\Documents\Github\Crystallographic-Reality\Crystallographic Reality\Library\PackageCache\com.unity.xr.oculus@1.9.1\Runtime\OculusLoader.cs:249 
  at Unity.XR.Oculus.OculusLoader.EditorLoadOVRPlugin () [0x0007b] in C:\Users\erlen\Documents\Github\Crystallographic-Reality\Crystallographic Reality\Library\PackageCache\com.unity.xr.oculus@1.9.1\Runtime\OculusLoader.cs:234 

(Filename: Library/PackageCache/com.unity.xr.oculus@1.9.1/Runtime/OculusLoader.cs Line: 249)

Mono: successfully reloaded assembly
- Completed reload, in  1.406 seconds
Platform modules already initialized, skipping
Refreshing native plugins compatible for Editor in 0.94 ms, found 16 plugins.
Preloading 2 native plugins for Editor in 0.16 ms.
Unloading 2349 Unused Serialized files (Serialized files now loaded: 0)
System memory in use before: 129.9 MB.
System memory in use after: 130.1 MB.

Unloading 32 unused Assets to reduce memory usage. Loaded Objects now: 3052.
Total: 2.699800 ms (FindLiveObjects: 0.284900 ms CreateObjectMapping: 0.126900 ms MarkObjects: 2.248600 ms  DeleteObjects: 0.038500 ms)

========================================================================
Received Prepare
Registering precompiled user dll's ...
Registered in 0.013879 seconds.
Begin MonoManager ReloadAssembly
Native extension for WindowsStandalone target not found
Refreshing native plugins compatible for Editor in 1.38 ms, found 16 plugins.
Preloading 2 native plugins for Editor in 0.25 ms.
NullReferenceException: Object reference not set to an instance of an object
  at Unity.XR.Oculus.OculusLoader.AssetPathToAbsolutePath (System.String assetPath) [0x00048] in C:\Users\erlen\Documents\Github\Crystallographic-Reality\Crystallographic Reality\Library\PackageCache\com.unity.xr.oculus@1.9.1\Runtime\OculusLoader.cs:249 
  at Unity.XR.Oculus.OculusLoader.EditorLoadOVRPlugin () [0x0007b] in C:\Users\erlen\Documents\Github\Crystallographic-Reality\Crystallographic Reality\Library\PackageCache\com.unity.xr.oculus@1.9.1\Runtime\OculusLoader.cs:234 

(Filename: Library/PackageCache/com.unity.xr.oculus@1.9.1/Runtime/OculusLoader.cs Line: 249)

Mono: successfully reloaded assembly
- Completed reload, in  1.667 seconds
Platform modules already initialized, skipping
Refreshing native plugins compatible for Editor in 0.98 ms, found 16 plugins.
Preloading 2 native plugins for Editor in 0.19 ms.
Unloading 2349 Unused Serialized files (Serialized files now loaded: 0)
System memory in use before: 129.9 MB.
System memory in use after: 130.2 MB.

Unloading 32 unused Assets to reduce memory usage. Loaded Objects now: 3055.
Total: 3.124700 ms (FindLiveObjects: 0.337800 ms CreateObjectMapping: 0.139300 ms MarkObjects: 2.606600 ms  DeleteObjects: 0.035600 ms)

========================================================================
Received Prepare
Registering precompiled user dll's ...
Registered in 0.015034 seconds.
Begin MonoManager ReloadAssembly
Native extension for WindowsStandalone target not found
Refreshing native plugins compatible for Editor in 0.90 ms, found 16 plugins.
Preloading 2 native plugins for Editor in 0.17 ms.
NullReferenceException: Object reference not set to an instance of an object
  at Unity.XR.Oculus.OculusLoader.AssetPathToAbsolutePath (System.String assetPath) [0x00048] in C:\Users\erlen\Documents\Github\Crystallographic-Reality\Crystallographic Reality\Library\PackageCache\com.unity.xr.oculus@1.9.1\Runtime\OculusLoader.cs:249 
  at Unity.XR.Oculus.OculusLoader.EditorLoadOVRPlugin () [0x0007b] in C:\Users\erlen\Documents\Github\Crystallographic-Reality\Crystallographic Reality\Library\PackageCache\com.unity.xr.oculus@1.9.1\Runtime\OculusLoader.cs:234 

(Filename: Library/PackageCache/com.unity.xr.oculus@1.9.1/Runtime/OculusLoader.cs Line: 249)

Mono: successfully reloaded assembly
- Completed reload, in  1.523 seconds
Platform modules already initialized, skipping
Refreshing native plugins compatible for Editor in 0.91 ms, found 16 plugins.
Preloading 2 native plugins for Editor in 0.17 ms.
Unloading 2349 Unused Serialized files (Serialized files now loaded: 0)
System memory in use before: 129.9 MB.
System memory in use after: 130.2 MB.

Unloading 32 unused Assets to reduce memory usage. Loaded Objects now: 3058.
Total: 4.299200 ms (FindLiveObjects: 0.307700 ms CreateObjectMapping: 0.141300 ms MarkObjects: 3.819500 ms  DeleteObjects: 0.028900 ms)

========================================================================
Received Prepare
Registering precompiled user dll's ...
Registered in 0.015186 seconds.
Begin MonoManager ReloadAssembly
Native extension for WindowsStandalone target not found
Refreshing native plugins compatible for Editor in 1.05 ms, found 16 plugins.
Preloading 2 native plugins for Editor in 0.18 ms.
NullReferenceException: Object reference not set to an instance of an object
  at Unity.XR.Oculus.OculusLoader.AssetPathToAbsolutePath (System.String assetPath) [0x00048] in C:\Users\erlen\Documents\Github\Crystallographic-Reality\Crystallographic Reality\Library\PackageCache\com.unity.xr.oculus@1.9.1\Runtime\OculusLoader.cs:249 
  at Unity.XR.Oculus.OculusLoader.EditorLoadOVRPlugin () [0x0007b] in C:\Users\erlen\Documents\Github\Crystallographic-Reality\Crystallographic Reality\Library\PackageCache\com.unity.xr.oculus@1.9.1\Runtime\OculusLoader.cs:234 

(Filename: Library/PackageCache/com.unity.xr.oculus@1.9.1/Runtime/OculusLoader.cs Line: 249)

Mono: successfully reloaded assembly
- Completed reload, in  1.355 seconds
Platform modules already initialized, skipping
Refreshing native plugins compatible for Editor in 1.21 ms, found 16 plugins.
Preloading 2 native plugins for Editor in 0.19 ms.
Unloading 2349 Unused Serialized files (Serialized files now loaded: 0)
System memory in use before: 130.0 MB.
System memory in use after: 130.2 MB.

Unloading 32 unused Assets to reduce memory usage. Loaded Objects now: 3061.
Total: 3.664100 ms (FindLiveObjects: 0.393300 ms CreateObjectMapping: 0.184900 ms MarkObjects: 3.048300 ms  DeleteObjects: 0.035700 ms)

========================================================================
Received Prepare
Registering precompiled user dll's ...
Registered in 0.014133 seconds.
Begin MonoManager ReloadAssembly
Native extension for WindowsStandalone target not found
Refreshing native plugins compatible for Editor in 1.29 ms, found 16 plugins.
Preloading 2 native plugins for Editor in 0.18 ms.
NullReferenceException: Object reference not set to an instance of an object
  at Unity.XR.Oculus.OculusLoader.AssetPathToAbsolutePath (System.String assetPath) [0x00048] in C:\Users\erlen\Documents\Github\Crystallographic-Reality\Crystallographic Reality\Library\PackageCache\com.unity.xr.oculus@1.9.1\Runtime\OculusLoader.cs:249 
  at Unity.XR.Oculus.OculusLoader.EditorLoadOVRPlugin () [0x0007b] in C:\Users\erlen\Documents\Github\Crystallographic-Reality\Crystallographic Reality\Library\PackageCache\com.unity.xr.oculus@1.9.1\Runtime\OculusLoader.cs:234 

(Filename: Library/PackageCache/com.unity.xr.oculus@1.9.1/Runtime/OculusLoader.cs Line: 249)

Mono: successfully reloaded assembly
- Completed reload, in  1.439 seconds
Platform modules already initialized, skipping
Refreshing native plugins compatible for Editor in 0.99 ms, found 16 plugins.
Preloading 2 native plugins for Editor in 0.18 ms.
Unloading 2349 Unused Serialized files (Serialized files now loaded: 0)
System memory in use before: 129.9 MB.
System memory in use after: 130.1 MB.

Unloading 32 unused Assets to reduce memory usage. Loaded Objects now: 3064.
Total: 3.477900 ms (FindLiveObjects: 0.356500 ms CreateObjectMapping: 0.169000 ms MarkObjects: 2.919600 ms  DeleteObjects: 0.031100 ms)

========================================================================
Received Prepare
Registering precompiled user dll's ...
Registered in 0.015122 seconds.
Begin MonoManager ReloadAssembly
Native extension for WindowsStandalone target not found
Refreshing native plugins compatible for Editor in 1.04 ms, found 16 plugins.
Preloading 2 native plugins for Editor in 0.17 ms.
NullReferenceException: Object reference not set to an instance of an object
  at Unity.XR.Oculus.OculusLoader.AssetPathToAbsolutePath (System.String assetPath) [0x00048] in C:\Users\erlen\Documents\Github\Crystallographic-Reality\Crystallographic Reality\Library\PackageCache\com.unity.xr.oculus@1.9.1\Runtime\OculusLoader.cs:249 
  at Unity.XR.Oculus.OculusLoader.EditorLoadOVRPlugin () [0x0007b] in C:\Users\erlen\Documents\Github\Crystallographic-Reality\Crystallographic Reality\Library\PackageCache\com.unity.xr.oculus@1.9.1\Runtime\OculusLoader.cs:234 

(Filename: Library/PackageCache/com.unity.xr.oculus@1.9.1/Runtime/OculusLoader.cs Line: 249)

Mono: successfully reloaded assembly
- Completed reload, in  1.419 seconds
Platform modules already initialized, skipping
Refreshing native plugins compatible for Editor in 0.94 ms, found 16 plugins.
Preloading 2 native plugins for Editor in 0.16 ms.
Unloading 2349 Unused Serialized files (Serialized files now loaded: 0)
System memory in use before: 130.0 MB.
System memory in use after: 130.2 MB.

Unloading 32 unused Assets to reduce memory usage. Loaded Objects now: 3067.
Total: 2.833700 ms (FindLiveObjects: 0.313600 ms CreateObjectMapping: 0.118000 ms MarkObjects: 2.353000 ms  DeleteObjects: 0.048200 ms)

========================================================================
Received Prepare
Registering precompiled user dll's ...
Registered in 0.017033 seconds.
Begin MonoManager ReloadAssembly
Native extension for WindowsStandalone target not found
Refreshing native plugins compatible for Editor in 0.92 ms, found 16 plugins.
Preloading 2 native plugins for Editor in 0.18 ms.
NullReferenceException: Object reference not set to an instance of an object
  at Unity.XR.Oculus.OculusLoader.AssetPathToAbsolutePath (System.String assetPath) [0x00048] in C:\Users\erlen\Documents\Github\Crystallographic-Reality\Crystallographic Reality\Library\PackageCache\com.unity.xr.oculus@1.9.1\Runtime\OculusLoader.cs:249 
  at Unity.XR.Oculus.OculusLoader.EditorLoadOVRPlugin () [0x0007b] in C:\Users\erlen\Documents\Github\Crystallographic-Reality\Crystallographic Reality\Library\PackageCache\com.unity.xr.oculus@1.9.1\Runtime\OculusLoader.cs:234 

(Filename: Library/PackageCache/com.unity.xr.oculus@1.9.1/Runtime/OculusLoader.cs Line: 249)

Mono: successfully reloaded assembly
- Completed reload, in  1.484 seconds
Platform modules already initialized, skipping
Refreshing native plugins compatible for Editor in 0.93 ms, found 16 plugins.
Preloading 2 native plugins for Editor in 0.16 ms.
Unloading 2349 Unused Serialized files (Serialized files now loaded: 0)
System memory in use before: 130.0 MB.
System memory in use after: 130.2 MB.

Unloading 32 unused Assets to reduce memory usage. Loaded Objects now: 3070.
Total: 3.200700 ms (FindLiveObjects: 0.273000 ms CreateObjectMapping: 0.113900 ms MarkObjects: 2.773300 ms  DeleteObjects: 0.039500 ms)

========================================================================
Received Prepare
Registering precompiled user dll's ...
Registered in 0.022759 seconds.
Begin MonoManager ReloadAssembly
Native extension for WindowsStandalone target not found
Refreshing native plugins compatible for Editor in 1.24 ms, found 16 plugins.
Preloading 2 native plugins for Editor in 0.22 ms.
NullReferenceException: Object reference not set to an instance of an object
  at Unity.XR.Oculus.OculusLoader.AssetPathToAbsolutePath (System.String assetPath) [0x00048] in C:\Users\erlen\Documents\Github\Crystallographic-Reality\Crystallographic Reality\Library\PackageCache\com.unity.xr.oculus@1.9.1\Runtime\OculusLoader.cs:249 
  at Unity.XR.Oculus.OculusLoader.EditorLoadOVRPlugin () [0x0007b] in C:\Users\erlen\Documents\Github\Crystallographic-Reality\Crystallographic Reality\Library\PackageCache\com.unity.xr.oculus@1.9.1\Runtime\OculusLoader.cs:234 

(Filename: Library/PackageCache/com.unity.xr.oculus@1.9.1/Runtime/OculusLoader.cs Line: 249)

Mono: successfully reloaded assembly
- Completed reload, in  2.187 seconds
Platform modules already initialized, skipping
Refreshing native plugins compatible for Editor in 1.40 ms, found 16 plugins.
Preloading 2 native plugins for Editor in 0.21 ms.
Unloading 2349 Unused Serialized files (Serialized files now loaded: 0)
System memory in use before: 130.0 MB.
System memory in use after: 130.2 MB.

Unloading 32 unused Assets to reduce memory usage. Loaded Objects now: 3073.
Total: 4.549000 ms (FindLiveObjects: 0.361600 ms CreateObjectMapping: 0.157400 ms MarkObjects: 3.994500 ms  DeleteObjects: 0.033700 ms)

========================================================================
Received Prepare
Registering precompiled user dll's ...
Registered in 0.014407 seconds.
Begin MonoManager ReloadAssembly
Native extension for WindowsStandalone target not found
Refreshing native plugins compatible for Editor in 0.98 ms, found 16 plugins.
Preloading 2 native plugins for Editor in 0.19 ms.
NullReferenceException: Object reference not set to an instance of an object
  at Unity.XR.Oculus.OculusLoader.AssetPathToAbsolutePath (System.String assetPath) [0x00048] in C:\Users\erlen\Documents\Github\Crystallographic-Reality\Crystallographic Reality\Library\PackageCache\com.unity.xr.oculus@1.9.1\Runtime\OculusLoader.cs:249 
  at Unity.XR.Oculus.OculusLoader.EditorLoadOVRPlugin () [0x0007b] in C:\Users\erlen\Documents\Github\Crystallographic-Reality\Crystallographic Reality\Library\PackageCache\com.unity.xr.oculus@1.9.1\Runtime\OculusLoader.cs:234 

(Filename: Library/PackageCache/com.unity.xr.oculus@1.9.1/Runtime/OculusLoader.cs Line: 249)

Mono: successfully reloaded assembly
- Completed reload, in  1.576 seconds
Platform modules already initialized, skipping
Refreshing native plugins compatible for Editor in 1.06 ms, found 16 plugins.
Preloading 2 native plugins for Editor in 0.17 ms.
Unloading 2349 Unused Serialized files (Serialized files now loaded: 0)
System memory in use before: 130.0 MB.
System memory in use after: 130.2 MB.

Unloading 32 unused Assets to reduce memory usage. Loaded Objects now: 3076.
Total: 4.105200 ms (FindLiveObjects: 1.151900 ms CreateObjectMapping: 0.149900 ms MarkObjects: 2.754400 ms  DeleteObjects: 0.047800 ms)

========================================================================
Received Prepare
Registering precompiled user dll's ...
Registered in 0.023380 seconds.
Begin MonoManager ReloadAssembly
Native extension for WindowsStandalone target not found
Refreshing native plugins compatible for Editor in 1.57 ms, found 16 plugins.
Preloading 2 native plugins for Editor in 0.28 ms.
NullReferenceException: Object reference not set to an instance of an object
  at Unity.XR.Oculus.OculusLoader.AssetPathToAbsolutePath (System.String assetPath) [0x00048] in C:\Users\erlen\Documents\Github\Crystallographic-Reality\Crystallographic Reality\Library\PackageCache\com.unity.xr.oculus@1.9.1\Runtime\OculusLoader.cs:249 
  at Unity.XR.Oculus.OculusLoader.EditorLoadOVRPlugin () [0x0007b] in C:\Users\erlen\Documents\Github\Crystallographic-Reality\Crystallographic Reality\Library\PackageCache\com.unity.xr.oculus@1.9.1\Runtime\OculusLoader.cs:234 

(Filename: Library/PackageCache/com.unity.xr.oculus@1.9.1/Runtime/OculusLoader.cs Line: 249)

Mono: successfully reloaded assembly
- Completed reload, in  2.050 seconds
Platform modules already initialized, skipping
Refreshing native plugins compatible for Editor in 1.18 ms, found 16 plugins.
Preloading 2 native plugins for Editor in 0.46 ms.
Unloading 2349 Unused Serialized files (Serialized files now loaded: 0)
System memory in use before: 129.9 MB.
System memory in use after: 130.1 MB.

Unloading 32 unused Assets to reduce memory usage. Loaded Objects now: 3079.
Total: 5.214200 ms (FindLiveObjects: 0.530400 ms CreateObjectMapping: 0.243400 ms MarkObjects: 4.408200 ms  DeleteObjects: 0.029600 ms)

========================================================================
Received Prepare
Registering precompiled user dll's ...
Registered in 0.014454 seconds.
Begin MonoManager ReloadAssembly
Native extension for WindowsStandalone target not found
Refreshing native plugins compatible for Editor in 1.03 ms, found 16 plugins.
Preloading 2 native plugins for Editor in 0.17 ms.
NullReferenceException: Object reference not set to an instance of an object
  at Unity.XR.Oculus.OculusLoader.AssetPathToAbsolutePath (System.String assetPath) [0x00048] in C:\Users\erlen\Documents\Github\Crystallographic-Reality\Crystallographic Reality\Library\PackageCache\com.unity.xr.oculus@1.9.1\Runtime\OculusLoader.cs:249 
  at Unity.XR.Oculus.OculusLoader.EditorLoadOVRPlugin () [0x0007b] in C:\Users\erlen\Documents\Github\Crystallographic-Reality\Crystallographic Reality\Library\PackageCache\com.unity.xr.oculus@1.9.1\Runtime\OculusLoader.cs:234 

(Filename: Library/PackageCache/com.unity.xr.oculus@1.9.1/Runtime/OculusLoader.cs Line: 249)

Mono: successfully reloaded assembly
- Completed reload, in  1.378 seconds
Platform modules already initialized, skipping
Refreshing native plugins compatible for Editor in 0.94 ms, found 16 plugins.
Preloading 2 native plugins for Editor in 0.18 ms.
Unloading 2349 Unused Serialized files (Serialized files now loaded: 0)
System memory in use before: 130.0 MB.
System memory in use after: 130.2 MB.

Unloading 32 unused Assets to reduce memory usage. Loaded Objects now: 3082.
Total: 3.038300 ms (FindLiveObjects: 0.294700 ms CreateObjectMapping: 0.125500 ms MarkObjects: 2.587800 ms  DeleteObjects: 0.029000 ms)

========================================================================
Received Prepare
Registering precompiled user dll's ...
Registered in 0.013856 seconds.
Begin MonoManager ReloadAssembly
Native extension for WindowsStandalone target not found
Refreshing native plugins compatible for Editor in 1.27 ms, found 16 plugins.
Preloading 2 native plugins for Editor in 0.18 ms.
NullReferenceException: Object reference not set to an instance of an object
  at Unity.XR.Oculus.OculusLoader.AssetPathToAbsolutePath (System.String assetPath) [0x00048] in C:\Users\erlen\Documents\Github\Crystallographic-Reality\Crystallographic Reality\Library\PackageCache\com.unity.xr.oculus@1.9.1\Runtime\OculusLoader.cs:249 
  at Unity.XR.Oculus.OculusLoader.EditorLoadOVRPlugin () [0x0007b] in C:\Users\erlen\Documents\Github\Crystallographic-Reality\Crystallographic Reality\Library\PackageCache\com.unity.xr.oculus@1.9.1\Runtime\OculusLoader.cs:234 

(Filename: Library/PackageCache/com.unity.xr.oculus@1.9.1/Runtime/OculusLoader.cs Line: 249)

Mono: successfully reloaded assembly
- Completed reload, in  1.385 seconds
Platform modules already initialized, skipping
Refreshing native plugins compatible for Editor in 1.05 ms, found 16 plugins.
Preloading 2 native plugins for Editor in 0.18 ms.
Unloading 2349 Unused Serialized files (Serialized files now loaded: 0)
System memory in use before: 130.0 MB.
System memory in use after: 130.2 MB.

Unloading 32 unused Assets to reduce memory usage. Loaded Objects now: 3085.
Total: 3.004200 ms (FindLiveObjects: 0.318500 ms CreateObjectMapping: 0.125600 ms MarkObjects: 2.490000 ms  DeleteObjects: 0.068800 ms)

========================================================================
Received Import Request.
  Time since last request: 3204.732502 seconds.
  path: Assets/Sprites/2-fold.png
  artifactKey: Guid(7d55ca4d6e8e4fd48b8b1e97fd755fa1) Importer(815301076,1909f56bfc062723c751e8b465ee728b)
Start importing Assets/Sprites/2-fold.png using Guid(7d55ca4d6e8e4fd48b8b1e97fd755fa1) Importer(815301076,1909f56bfc062723c751e8b465ee728b)  -> (artifact id: 'e76055ed60a91551ee694a20ffb9d1c4') in 0.130833 seconds
  Import took 0.145065 seconds .

========================================================================
Received Import Request.
  Time since last request: 0.000692 seconds.
  path: Assets/Sprites/3_2-fold.png
  artifactKey: Guid(cafb17dcb0a0ec34296e6ff4219582a6) Importer(815301076,1909f56bfc062723c751e8b465ee728b)
Start importing Assets/Sprites/3_2-fold.png using Guid(cafb17dcb0a0ec34296e6ff4219582a6) Importer(815301076,1909f56bfc062723c751e8b465ee728b)  -> (artifact id: 'a16dcee4f3e12bad2a33cce150d0e9d5') in 0.024590 seconds
  Import took 0.031271 seconds .

========================================================================
Received Import Request.
  Time since last request: 0.000327 seconds.
  path: Assets/Sprites/3_1-fold.png
  artifactKey: Guid(7f2fbf885629d7349838db75e5af1afc) Importer(815301076,1909f56bfc062723c751e8b465ee728b)
Start importing Assets/Sprites/3_1-fold.png using Guid(7f2fbf885629d7349838db75e5af1afc) Importer(815301076,1909f56bfc062723c751e8b465ee728b)  -> (artifact id: 'aa4611972a041b3e534f9d8337801c89') in 0.025759 seconds
  Import took 0.032237 seconds .

========================================================================
Received Import Request.
  Time since last request: 0.000249 seconds.
  path: Assets/Sprites/2_1-over-m-fold.png
  artifactKey: Guid(5994ed0f508b8d94a902a32460388a36) Importer(815301076,1909f56bfc062723c751e8b465ee728b)
Start importing Assets/Sprites/2_1-over-m-fold.png using Guid(5994ed0f508b8d94a902a32460388a36) Importer(815301076,1909f56bfc062723c751e8b465ee728b)  -> (artifact id: 'fa0d7dc81ac8d81aaf478792a4e5d453') in 0.024563 seconds
  Import took 0.030406 seconds .

========================================================================
Received Import Request.
  Time since last request: 0.000210 seconds.
  path: Assets/Sprites/4-fold.png
  artifactKey: Guid(b119f14c404d64243b99a87de2a9619d) Importer(815301076,1909f56bfc062723c751e8b465ee728b)
Start importing Assets/Sprites/4-fold.png using Guid(b119f14c404d64243b99a87de2a9619d) Importer(815301076,1909f56bfc062723c751e8b465ee728b)  -> (artifact id: '4c56ef5faf076becf7196c3fdf323fc9') in 0.014575 seconds
  Import took 0.020213 seconds .

========================================================================
Received Import Request.
  Time since last request: 0.000229 seconds.
  path: Assets/Sprites/4_1-fold.png
  artifactKey: Guid(4c8176458bca07e46bca98aead9651d4) Importer(815301076,1909f56bfc062723c751e8b465ee728b)
Start importing Assets/Sprites/4_1-fold.png using Guid(4c8176458bca07e46bca98aead9651d4) Importer(815301076,1909f56bfc062723c751e8b465ee728b)  -> (artifact id: 'ed0bb62da2aed55af8576beb13556b2c') in 0.022291 seconds
  Import took 0.031659 seconds .

========================================================================
Received Import Request.
  Time since last request: 0.000316 seconds.
  path: Assets/Sprites/3-bar-fold.png
  artifactKey: Guid(c7471b7d32b5aff4da5b6315f8b255c0) Importer(815301076,1909f56bfc062723c751e8b465ee728b)
Start importing Assets/Sprites/3-bar-fold.png using Guid(c7471b7d32b5aff4da5b6315f8b255c0) Importer(815301076,1909f56bfc062723c751e8b465ee728b)  -> (artifact id: '4f8d15eed74d764b2e66f1877be7cb4a') in 0.024495 seconds
  Import took 0.030435 seconds .

========================================================================
Received Import Request.
  Time since last request: 0.000379 seconds.
  path: Assets/Sprites/4-over-m-fold.png
  artifactKey: Guid(c569ed37c12b4c74ebe5c2474b446167) Importer(815301076,1909f56bfc062723c751e8b465ee728b)
Start importing Assets/Sprites/4-over-m-fold.png using Guid(c569ed37c12b4c74ebe5c2474b446167) Importer(815301076,1909f56bfc062723c751e8b465ee728b)  -> (artifact id: 'fe8ee047e7fff4addadcbc1e9c1fd58d') in 0.019903 seconds
  Import took 0.027489 seconds .

========================================================================
Received Import Request.
  Time since last request: 0.000228 seconds.
  path: Assets/Sprites/4-bar-fold.png
  artifactKey: Guid(07f1f62393b8ee44ba5b834fb8b9de3d) Importer(815301076,1909f56bfc062723c751e8b465ee728b)
Start importing Assets/Sprites/4-bar-fold.png using Guid(07f1f62393b8ee44ba5b834fb8b9de3d) Importer(815301076,1909f56bfc062723c751e8b465ee728b)  -> (artifact id: '316767445f3e64eedcac575b62bde2c5') in 0.024833 seconds
  Import took 0.032280 seconds .

========================================================================
Received Import Request.
  Time since last request: 0.000250 seconds.
  path: Assets/Sprites/4_2-over-m-fold.png
  artifactKey: Guid(a0f467618c2bd004da3666474ed46aaa) Importer(815301076,1909f56bfc062723c751e8b465ee728b)
Start importing Assets/Sprites/4_2-over-m-fold.png using Guid(a0f467618c2bd004da3666474ed46aaa) Importer(815301076,1909f56bfc062723c751e8b465ee728b)  -> (artifact id: '8cec48d8a404b75f49a3ead6f138f52a') in 0.017865 seconds
  Import took 0.023905 seconds .

========================================================================
Received Import Request.
  Time since last request: 0.000250 seconds.
  path: Assets/Sprites/4_3-fold.png
  artifactKey: Guid(660e68c3055b1d049af639dd068aeca4) Importer(815301076,1909f56bfc062723c751e8b465ee728b)
Start importing Assets/Sprites/4_3-fold.png using Guid(660e68c3055b1d049af639dd068aeca4) Importer(815301076,1909f56bfc062723c751e8b465ee728b)  -> (artifact id: '0af45be54981bd15add7bc8149af2977') in 0.025110 seconds
  Import took 0.029700 seconds .

========================================================================
Received Import Request.
  Time since last request: 0.000213 seconds.
  path: Assets/Sprites/2_1-fold.png
  artifactKey: Guid(59ad49598935be04388f85b61f9d0a4b) Importer(815301076,1909f56bfc062723c751e8b465ee728b)
Start importing Assets/Sprites/2_1-fold.png using Guid(59ad49598935be04388f85b61f9d0a4b) Importer(815301076,1909f56bfc062723c751e8b465ee728b)  -> (artifact id: 'dbf3b99f366ca204b11cd10b8ce37faa') in 0.023951 seconds
  Import took 0.029401 seconds .

========================================================================
Received Import Request.
  Time since last request: 0.000202 seconds.
  path: Assets/Sprites/4_2-fold.png
  artifactKey: Guid(64fd14845798e10468bcb31dc73d1602) Importer(815301076,1909f56bfc062723c751e8b465ee728b)
Start importing Assets/Sprites/4_2-fold.png using Guid(64fd14845798e10468bcb31dc73d1602) Importer(815301076,1909f56bfc062723c751e8b465ee728b)  -> (artifact id: '776d08f8d0a2d449d2b2d6eda9e56a7c') in 0.022280 seconds
  Import took 0.033821 seconds .

========================================================================
Received Import Request.
  Time since last request: 0.000308 seconds.
  path: Assets/Sprites/2-over-m-fold.png
  artifactKey: Guid(f29ae540e0c90d34390ff42bd6398c3e) Importer(815301076,1909f56bfc062723c751e8b465ee728b)
Start importing Assets/Sprites/2-over-m-fold.png using Guid(f29ae540e0c90d34390ff42bd6398c3e) Importer(815301076,1909f56bfc062723c751e8b465ee728b)  -> (artifact id: '2b5c543cd3f6e307d7a5921e57591b1d') in 0.020367 seconds
  Import took 0.028373 seconds .

========================================================================
Received Import Request.
  Time since last request: 0.001353 seconds.
  path: Assets/Sprites/3-fold.png
  artifactKey: Guid(8bb9254e137e9d046938ebb492c73408) Importer(815301076,1909f56bfc062723c751e8b465ee728b)
Start importing Assets/Sprites/3-fold.png using Guid(8bb9254e137e9d046938ebb492c73408) Importer(815301076,1909f56bfc062723c751e8b465ee728b)  -> (artifact id: 'ee59f636c9dbd69abe7376b230f97761') in 0.022969 seconds
  Import took 0.028531 seconds .

========================================================================
Received Prepare
Registering precompiled user dll's ...
Registered in 0.027701 seconds.
Begin MonoManager ReloadAssembly
Native extension for WindowsStandalone target not found
Refreshing native plugins compatible for Editor in 1.14 ms, found 16 plugins.
Preloading 2 native plugins for Editor in 0.30 ms.
NullReferenceException: Object reference not set to an instance of an object
  at Unity.XR.Oculus.OculusLoader.AssetPathToAbsolutePath (System.String assetPath) [0x00048] in C:\Users\erlen\Documents\Github\Crystallographic-Reality\Crystallographic Reality\Library\PackageCache\com.unity.xr.oculus@1.9.1\Runtime\OculusLoader.cs:249 
  at Unity.XR.Oculus.OculusLoader.EditorLoadOVRPlugin () [0x0007b] in C:\Users\erlen\Documents\Github\Crystallographic-Reality\Crystallographic Reality\Library\PackageCache\com.unity.xr.oculus@1.9.1\Runtime\OculusLoader.cs:234 

(Filename: Library/PackageCache/com.unity.xr.oculus@1.9.1/Runtime/OculusLoader.cs Line: 249)

Mono: successfully reloaded assembly
- Completed reload, in  2.337 seconds
Platform modules already initialized, skipping
Refreshing native plugins compatible for Editor in 1.25 ms, found 16 plugins.
Preloading 2 native plugins for Editor in 0.22 ms.
Unloading 2349 Unused Serialized files (Serialized files now loaded: 0)
System memory in use before: 130.0 MB.
System memory in use after: 130.3 MB.

Unloading 32 unused Assets to reduce memory usage. Loaded Objects now: 3089.
Total: 8.170200 ms (FindLiveObjects: 0.518300 ms CreateObjectMapping: 1.124300 ms MarkObjects: 6.493500 ms  DeleteObjects: 0.032500 ms)

========================================================================
Received Prepare
Registering precompiled user dll's ...
Registered in 0.016646 seconds.
Begin MonoManager ReloadAssembly
Native extension for WindowsStandalone target not found
Refreshing native plugins compatible for Editor in 0.89 ms, found 16 plugins.
Preloading 2 native plugins for Editor in 0.17 ms.
NullReferenceException: Object reference not set to an instance of an object
  at Unity.XR.Oculus.OculusLoader.AssetPathToAbsolutePath (System.String assetPath) [0x00048] in C:\Users\erlen\Documents\Github\Crystallographic-Reality\Crystallographic Reality\Library\PackageCache\com.unity.xr.oculus@1.9.1\Runtime\OculusLoader.cs:249 
  at Unity.XR.Oculus.OculusLoader.EditorLoadOVRPlugin () [0x0007b] in C:\Users\erlen\Documents\Github\Crystallographic-Reality\Crystallographic Reality\Library\PackageCache\com.unity.xr.oculus@1.9.1\Runtime\OculusLoader.cs:234 

(Filename: Library/PackageCache/com.unity.xr.oculus@1.9.1/Runtime/OculusLoader.cs Line: 249)

Mono: successfully reloaded assembly
- Completed reload, in  1.469 seconds
Platform modules already initialized, skipping
Refreshing native plugins compatible for Editor in 0.93 ms, found 16 plugins.
Preloading 2 native plugins for Editor in 0.17 ms.
Unloading 2349 Unused Serialized files (Serialized files now loaded: 0)
System memory in use before: 130.0 MB.
System memory in use after: 130.3 MB.

Unloading 32 unused Assets to reduce memory usage. Loaded Objects now: 3092.
Total: 2.997900 ms (FindLiveObjects: 0.287300 ms CreateObjectMapping: 0.125400 ms MarkObjects: 2.546100 ms  DeleteObjects: 0.038000 ms)

========================================================================
Received Prepare
Registering precompiled user dll's ...
Registered in 0.020265 seconds.
Begin MonoManager ReloadAssembly
Native extension for WindowsStandalone target not found
Refreshing native plugins compatible for Editor in 1.52 ms, found 16 plugins.
Preloading 2 native plugins for Editor in 0.22 ms.
NullReferenceException: Object reference not set to an instance of an object
  at Unity.XR.Oculus.OculusLoader.AssetPathToAbsolutePath (System.String assetPath) [0x00048] in C:\Users\erlen\Documents\Github\Crystallographic-Reality\Crystallographic Reality\Library\PackageCache\com.unity.xr.oculus@1.9.1\Runtime\OculusLoader.cs:249 
  at Unity.XR.Oculus.OculusLoader.EditorLoadOVRPlugin () [0x0007b] in C:\Users\erlen\Documents\Github\Crystallographic-Reality\Crystallographic Reality\Library\PackageCache\com.unity.xr.oculus@1.9.1\Runtime\OculusLoader.cs:234 

(Filename: Library/PackageCache/com.unity.xr.oculus@1.9.1/Runtime/OculusLoader.cs Line: 249)

Mono: successfully reloaded assembly
- Completed reload, in  2.054 seconds
Platform modules already initialized, skipping
Refreshing native plugins compatible for Editor in 1.63 ms, found 16 plugins.
Preloading 2 native plugins for Editor in 0.23 ms.
Unloading 2349 Unused Serialized files (Serialized files now loaded: 0)
System memory in use before: 130.0 MB.
System memory in use after: 130.2 MB.

Unloading 32 unused Assets to reduce memory usage. Loaded Objects now: 3095.
Total: 3.506800 ms (FindLiveObjects: 0.355000 ms CreateObjectMapping: 0.172000 ms MarkObjects: 2.937400 ms  DeleteObjects: 0.039900 ms)

========================================================================
Received Prepare
Registering precompiled user dll's ...
Registered in 0.014529 seconds.
Begin MonoManager ReloadAssembly
Native extension for WindowsStandalone target not found
Refreshing native plugins compatible for Editor in 1.07 ms, found 16 plugins.
Preloading 2 native plugins for Editor in 0.37 ms.
NullReferenceException: Object reference not set to an instance of an object
  at Unity.XR.Oculus.OculusLoader.AssetPathToAbsolutePath (System.String assetPath) [0x00048] in C:\Users\erlen\Documents\Github\Crystallographic-Reality\Crystallographic Reality\Library\PackageCache\com.unity.xr.oculus@1.9.1\Runtime\OculusLoader.cs:249 
  at Unity.XR.Oculus.OculusLoader.EditorLoadOVRPlugin () [0x0007b] in C:\Users\erlen\Documents\Github\Crystallographic-Reality\Crystallographic Reality\Library\PackageCache\com.unity.xr.oculus@1.9.1\Runtime\OculusLoader.cs:234 

(Filename: Library/PackageCache/com.unity.xr.oculus@1.9.1/Runtime/OculusLoader.cs Line: 249)

Mono: successfully reloaded assembly
- Completed reload, in  1.385 seconds
Platform modules already initialized, skipping
Refreshing native plugins compatible for Editor in 1.00 ms, found 16 plugins.
Preloading 2 native plugins for Editor in 0.19 ms.
Unloading 2349 Unused Serialized files (Serialized files now loaded: 0)
System memory in use before: 130.1 MB.
System memory in use after: 130.3 MB.

Unloading 32 unused Assets to reduce memory usage. Loaded Objects now: 3098.
Total: 5.736200 ms (FindLiveObjects: 0.501300 ms CreateObjectMapping: 0.266700 ms MarkObjects: 4.906600 ms  DeleteObjects: 0.059900 ms)

========================================================================
Received Prepare
Registering precompiled user dll's ...
Registered in 0.020585 seconds.
Begin MonoManager ReloadAssembly
Native extension for WindowsStandalone target not found
Refreshing native plugins compatible for Editor in 0.90 ms, found 16 plugins.
Preloading 2 native plugins for Editor in 0.17 ms.
NullReferenceException: Object reference not set to an instance of an object
  at Unity.XR.Oculus.OculusLoader.AssetPathToAbsolutePath (System.String assetPath) [0x00048] in C:\Users\erlen\Documents\Github\Crystallographic-Reality\Crystallographic Reality\Library\PackageCache\com.unity.xr.oculus@1.9.1\Runtime\OculusLoader.cs:249 
  at Unity.XR.Oculus.OculusLoader.EditorLoadOVRPlugin () [0x0007b] in C:\Users\erlen\Documents\Github\Crystallographic-Reality\Crystallographic Reality\Library\PackageCache\com.unity.xr.oculus@1.9.1\Runtime\OculusLoader.cs:234 

(Filename: Library/PackageCache/com.unity.xr.oculus@1.9.1/Runtime/OculusLoader.cs Line: 249)

Mono: successfully reloaded assembly
- Completed reload, in  1.579 seconds
Platform modules already initialized, skipping
Refreshing native plugins compatible for Editor in 1.12 ms, found 16 plugins.
Preloading 2 native plugins for Editor in 0.30 ms.
Unloading 2349 Unused Serialized files (Serialized files now loaded: 0)
System memory in use before: 130.1 MB.
System memory in use after: 130.3 MB.

Unloading 32 unused Assets to reduce memory usage. Loaded Objects now: 3101.
Total: 3.006600 ms (FindLiveObjects: 0.341400 ms CreateObjectMapping: 0.135900 ms MarkObjects: 2.499800 ms  DeleteObjects: 0.028100 ms)

========================================================================
Received Prepare
Registering precompiled user dll's ...
Registered in 0.014609 seconds.
Begin MonoManager ReloadAssembly
Native extension for WindowsStandalone target not found
Refreshing native plugins compatible for Editor in 0.92 ms, found 16 plugins.
Preloading 2 native plugins for Editor in 0.19 ms.
NullReferenceException: Object reference not set to an instance of an object
  at Unity.XR.Oculus.OculusLoader.AssetPathToAbsolutePath (System.String assetPath) [0x00048] in C:\Users\erlen\Documents\Github\Crystallographic-Reality\Crystallographic Reality\Library\PackageCache\com.unity.xr.oculus@1.9.1\Runtime\OculusLoader.cs:249 
  at Unity.XR.Oculus.OculusLoader.EditorLoadOVRPlugin () [0x0007b] in C:\Users\erlen\Documents\Github\Crystallographic-Reality\Crystallographic Reality\Library\PackageCache\com.unity.xr.oculus@1.9.1\Runtime\OculusLoader.cs:234 

(Filename: Library/PackageCache/com.unity.xr.oculus@1.9.1/Runtime/OculusLoader.cs Line: 249)

Mono: successfully reloaded assembly
- Completed reload, in  1.446 seconds
Platform modules already initialized, skipping
Refreshing native plugins compatible for Editor in 0.92 ms, found 16 plugins.
Preloading 2 native plugins for Editor in 0.17 ms.
Unloading 2349 Unused Serialized files (Serialized files now loaded: 0)
System memory in use before: 130.1 MB.
System memory in use after: 130.3 MB.

Unloading 32 unused Assets to reduce memory usage. Loaded Objects now: 3104.
Total: 2.859800 ms (FindLiveObjects: 0.328200 ms CreateObjectMapping: 0.133400 ms MarkObjects: 2.369700 ms  DeleteObjects: 0.027200 ms)

========================================================================
Received Prepare
Registering precompiled user dll's ...
Registered in 0.016386 seconds.
Begin MonoManager ReloadAssembly
Native extension for WindowsStandalone target not found
Refreshing native plugins compatible for Editor in 1.06 ms, found 16 plugins.
Preloading 2 native plugins for Editor in 0.27 ms.
NullReferenceException: Object reference not set to an instance of an object
  at Unity.XR.Oculus.OculusLoader.AssetPathToAbsolutePath (System.String assetPath) [0x00048] in C:\Users\erlen\Documents\Github\Crystallographic-Reality\Crystallographic Reality\Library\PackageCache\com.unity.xr.oculus@1.9.1\Runtime\OculusLoader.cs:249 
  at Unity.XR.Oculus.OculusLoader.EditorLoadOVRPlugin () [0x0007b] in C:\Users\erlen\Documents\Github\Crystallographic-Reality\Crystallographic Reality\Library\PackageCache\com.unity.xr.oculus@1.9.1\Runtime\OculusLoader.cs:234 

(Filename: Library/PackageCache/com.unity.xr.oculus@1.9.1/Runtime/OculusLoader.cs Line: 249)

Mono: successfully reloaded assembly
- Completed reload, in  1.473 seconds
Platform modules already initialized, skipping
Refreshing native plugins compatible for Editor in 0.97 ms, found 16 plugins.
Preloading 2 native plugins for Editor in 0.17 ms.
Unloading 2349 Unused Serialized files (Serialized files now loaded: 0)
System memory in use before: 130.1 MB.
System memory in use after: 130.3 MB.

Unloading 32 unused Assets to reduce memory usage. Loaded Objects now: 3107.
Total: 2.896900 ms (FindLiveObjects: 0.301000 ms CreateObjectMapping: 0.130700 ms MarkObjects: 2.419700 ms  DeleteObjects: 0.044300 ms)

========================================================================
Received Import Request.
  Time since last request: 915.474245 seconds.
  path: Assets/Sprites/6-fold.png
  artifactKey: Guid(1243224ebce3a7e42845163cb721cca2) Importer(815301076,1909f56bfc062723c751e8b465ee728b)
Start importing Assets/Sprites/6-fold.png using Guid(1243224ebce3a7e42845163cb721cca2) Importer(815301076,1909f56bfc062723c751e8b465ee728b)  -> (artifact id: '6f2908c385a3d6394fc521f2fd45200c') in 0.071433 seconds
  Import took 0.075806 seconds .

========================================================================
Received Import Request.
  Time since last request: 0.000355 seconds.
  path: Assets/Sprites/6_1-fold.png
  artifactKey: Guid(e2fbe5c89891ae4408f3514678856396) Importer(815301076,1909f56bfc062723c751e8b465ee728b)
Start importing Assets/Sprites/6_1-fold.png using Guid(e2fbe5c89891ae4408f3514678856396) Importer(815301076,1909f56bfc062723c751e8b465ee728b)  -> (artifact id: '65dcf10a7609628519deb310f9c5aa3e') in 0.017579 seconds
  Import took 0.023987 seconds .

========================================================================
Received Import Request.
  Time since last request: 0.000260 seconds.
  path: Assets/Sprites/6-over-m-fold.png
  artifactKey: Guid(c774d64640e40e64698bc70f35a3f228) Importer(815301076,1909f56bfc062723c751e8b465ee728b)
Start importing Assets/Sprites/6-over-m-fold.png using Guid(c774d64640e40e64698bc70f35a3f228) Importer(815301076,1909f56bfc062723c751e8b465ee728b)  -> (artifact id: '8834dfa1ee4dab23da1e2501080ba873') in 0.024169 seconds
  Import took 0.029350 seconds .

========================================================================
Received Import Request.
  Time since last request: 0.000257 seconds.
  path: Assets/Sprites/6_4-fold.png
  artifactKey: Guid(8de89d182c1cae940ba35ace7d61023a) Importer(815301076,1909f56bfc062723c751e8b465ee728b)
Start importing Assets/Sprites/6_4-fold.png using Guid(8de89d182c1cae940ba35ace7d61023a) Importer(815301076,1909f56bfc062723c751e8b465ee728b)  -> (artifact id: 'b45d68383b4687d2b0bd58146867d257') in 0.020909 seconds
  Import took 0.029024 seconds .

========================================================================
Received Import Request.
  Time since last request: 0.000256 seconds.
  path: Assets/Sprites/6_5-fold.png
  artifactKey: Guid(65213f4e99770764a8150fc626db700b) Importer(815301076,1909f56bfc062723c751e8b465ee728b)
Start importing Assets/Sprites/6_5-fold.png using Guid(65213f4e99770764a8150fc626db700b) Importer(815301076,1909f56bfc062723c751e8b465ee728b)  -> (artifact id: '36333c4315bfdfda949b695853bfee6e') in 0.020744 seconds
  Import took 0.026467 seconds .

========================================================================
Received Import Request.
  Time since last request: 0.000274 seconds.
  path: Assets/Sprites/6_2-fold.png
  artifactKey: Guid(4e3cdf4bf5c403a449d0040e8044930a) Importer(815301076,1909f56bfc062723c751e8b465ee728b)
Start importing Assets/Sprites/6_2-fold.png using Guid(4e3cdf4bf5c403a449d0040e8044930a) Importer(815301076,1909f56bfc062723c751e8b465ee728b)  -> (artifact id: 'c60809248858aec068c9955975cfec18') in 0.018647 seconds
  Import took 0.025297 seconds .

========================================================================
Received Import Request.
  Time since last request: 0.000239 seconds.
  path: Assets/Sprites/6-bar-fold.png
  artifactKey: Guid(8e5fc8c4d8dcc91458a8468ec4f85790) Importer(815301076,1909f56bfc062723c751e8b465ee728b)
Start importing Assets/Sprites/6-bar-fold.png using Guid(8e5fc8c4d8dcc91458a8468ec4f85790) Importer(815301076,1909f56bfc062723c751e8b465ee728b)  -> (artifact id: '4511d3a299cf2b972cd10c85ea9ab806') in 0.021539 seconds
  Import took 0.027417 seconds .

========================================================================
Received Import Request.
  Time since last request: 0.000205 seconds.
  path: Assets/Sprites/6_3-over-m-fold.png
  artifactKey: Guid(9b32a93930823cc40894b4b12b1afd27) Importer(815301076,1909f56bfc062723c751e8b465ee728b)
Start importing Assets/Sprites/6_3-over-m-fold.png using Guid(9b32a93930823cc40894b4b12b1afd27) Importer(815301076,1909f56bfc062723c751e8b465ee728b)  -> (artifact id: '8fbc4180305276bb892789136d2f76f2') in 0.019616 seconds
  Import took 0.026296 seconds .

========================================================================
Received Import Request.
  Time since last request: 0.000288 seconds.
  path: Assets/Sprites/6_3-fold.png
  artifactKey: Guid(d78fe4abe2e6cff48ae47b832d0f8df9) Importer(815301076,1909f56bfc062723c751e8b465ee728b)
Start importing Assets/Sprites/6_3-fold.png using Guid(d78fe4abe2e6cff48ae47b832d0f8df9) Importer(815301076,1909f56bfc062723c751e8b465ee728b)  -> (artifact id: 'b5532a2549c9967ed7e62624b9444949') in 0.014419 seconds
  Import took 0.019943 seconds .

========================================================================
Received Import Request.
  Time since last request: 4.700402 seconds.
  path: Assets/Sprites/6-bar-fold.png
  artifactKey: Guid(8e5fc8c4d8dcc91458a8468ec4f85790) Importer(815301076,1909f56bfc062723c751e8b465ee728b)
Start importing Assets/Sprites/6-bar-fold.png using Guid(8e5fc8c4d8dcc91458a8468ec4f85790) Importer(815301076,1909f56bfc062723c751e8b465ee728b)  -> (artifact id: '90551958a26e12b00e4563b94f74d60a') in 0.056426 seconds
  Import took 0.066427 seconds .

========================================================================
Received Import Request.
  Time since last request: 0.000263 seconds.
  path: Assets/Sprites/6-fold.png
  artifactKey: Guid(1243224ebce3a7e42845163cb721cca2) Importer(815301076,1909f56bfc062723c751e8b465ee728b)
Start importing Assets/Sprites/6-fold.png using Guid(1243224ebce3a7e42845163cb721cca2) Importer(815301076,1909f56bfc062723c751e8b465ee728b)  -> (artifact id: '08b6e404687af6cbffbd4ae54de89dbf') in 0.022545 seconds
  Import took 0.032536 seconds .

========================================================================
Received Import Request.
  Time since last request: 0.000334 seconds.
  path: Assets/Sprites/6_1-fold.png
  artifactKey: Guid(e2fbe5c89891ae4408f3514678856396) Importer(815301076,1909f56bfc062723c751e8b465ee728b)
Start importing Assets/Sprites/6_1-fold.png using Guid(e2fbe5c89891ae4408f3514678856396) Importer(815301076,1909f56bfc062723c751e8b465ee728b)  -> (artifact id: 'd5d54ed22bff4c36f01044fea41c25e7') in 0.021549 seconds
  Import took 0.029329 seconds .

========================================================================
Received Import Request.
  Time since last request: 0.001147 seconds.
  path: Assets/Sprites/6-over-m-fold.png
  artifactKey: Guid(c774d64640e40e64698bc70f35a3f228) Importer(815301076,1909f56bfc062723c751e8b465ee728b)
Start importing Assets/Sprites/6-over-m-fold.png using Guid(c774d64640e40e64698bc70f35a3f228) Importer(815301076,1909f56bfc062723c751e8b465ee728b)  -> (artifact id: '3297ffcc2ae5657adbd0ea0f5df3adcf') in 0.045778 seconds
  Import took 0.053085 seconds .

========================================================================
Received Import Request.
  Time since last request: 0.000547 seconds.
  path: Assets/Sprites/6_4-fold.png
  artifactKey: Guid(8de89d182c1cae940ba35ace7d61023a) Importer(815301076,1909f56bfc062723c751e8b465ee728b)
Start importing Assets/Sprites/6_4-fold.png using Guid(8de89d182c1cae940ba35ace7d61023a) Importer(815301076,1909f56bfc062723c751e8b465ee728b)  -> (artifact id: '3d4cb20c1bfbd390f9880d96c2290de9') in 0.044580 seconds
  Import took 0.049563 seconds .

========================================================================
Received Import Request.
  Time since last request: 0.000259 seconds.
  path: Assets/Sprites/6_5-fold.png
  artifactKey: Guid(65213f4e99770764a8150fc626db700b) Importer(815301076,1909f56bfc062723c751e8b465ee728b)
Start importing Assets/Sprites/6_5-fold.png using Guid(65213f4e99770764a8150fc626db700b) Importer(815301076,1909f56bfc062723c751e8b465ee728b)  -> (artifact id: '736ae10c932c8c7872ef342d73a2e81b') in 0.017872 seconds
  Import took 0.060694 seconds .

========================================================================
Received Import Request.
  Time since last request: 0.000196 seconds.
  path: Assets/Sprites/6_2-fold.png
  artifactKey: Guid(4e3cdf4bf5c403a449d0040e8044930a) Importer(815301076,1909f56bfc062723c751e8b465ee728b)
Start importing Assets/Sprites/6_2-fold.png using Guid(4e3cdf4bf5c403a449d0040e8044930a) Importer(815301076,1909f56bfc062723c751e8b465ee728b)  -> (artifact id: '41223f4c019b6984fde2ea004ae54580') in 0.014980 seconds
  Import took 0.019562 seconds .

========================================================================
Received Import Request.
  Time since last request: 0.000225 seconds.
  path: Assets/Sprites/6_3-over-m-fold.png
  artifactKey: Guid(9b32a93930823cc40894b4b12b1afd27) Importer(815301076,1909f56bfc062723c751e8b465ee728b)
Start importing Assets/Sprites/6_3-over-m-fold.png using Guid(9b32a93930823cc40894b4b12b1afd27) Importer(815301076,1909f56bfc062723c751e8b465ee728b)  -> (artifact id: 'e3487fb8565135c8fa9aab33974fd52e') in 0.018416 seconds
  Import took 0.024394 seconds .

========================================================================
Received Import Request.
  Time since last request: 0.000211 seconds.
  path: Assets/Sprites/6_3-fold.png
  artifactKey: Guid(d78fe4abe2e6cff48ae47b832d0f8df9) Importer(815301076,1909f56bfc062723c751e8b465ee728b)
Start importing Assets/Sprites/6_3-fold.png using Guid(d78fe4abe2e6cff48ae47b832d0f8df9) Importer(815301076,1909f56bfc062723c751e8b465ee728b)  -> (artifact id: '88ab3db5b724221405b490a2a657c31e') in 0.018844 seconds
  Import took 0.026775 seconds .

========================================================================
Received Prepare
Registering precompiled user dll's ...
Registered in 0.014762 seconds.
Begin MonoManager ReloadAssembly
Native extension for WindowsStandalone target not found
Refreshing native plugins compatible for Editor in 1.11 ms, found 16 plugins.
Preloading 2 native plugins for Editor in 0.20 ms.
NullReferenceException: Object reference not set to an instance of an object
  at Unity.XR.Oculus.OculusLoader.AssetPathToAbsolutePath (System.String assetPath) [0x00048] in C:\Users\erlen\Documents\Github\Crystallographic-Reality\Crystallographic Reality\Library\PackageCache\com.unity.xr.oculus@1.9.1\Runtime\OculusLoader.cs:249 
  at Unity.XR.Oculus.OculusLoader.EditorLoadOVRPlugin () [0x0007b] in C:\Users\erlen\Documents\Github\Crystallographic-Reality\Crystallographic Reality\Library\PackageCache\com.unity.xr.oculus@1.9.1\Runtime\OculusLoader.cs:234 

(Filename: Library/PackageCache/com.unity.xr.oculus@1.9.1/Runtime/OculusLoader.cs Line: 249)

Mono: successfully reloaded assembly
- Completed reload, in  1.669 seconds
Platform modules already initialized, skipping
Refreshing native plugins compatible for Editor in 1.03 ms, found 16 plugins.
Preloading 2 native plugins for Editor in 0.28 ms.
Unloading 2349 Unused Serialized files (Serialized files now loaded: 0)
System memory in use before: 130.0 MB.
System memory in use after: 130.3 MB.

Unloading 32 unused Assets to reduce memory usage. Loaded Objects now: 3111.
Total: 3.321800 ms (FindLiveObjects: 0.407900 ms CreateObjectMapping: 0.159900 ms MarkObjects: 2.723300 ms  DeleteObjects: 0.029500 ms)

========================================================================
Received Prepare
Registering precompiled user dll's ...
Registered in 0.015536 seconds.
Begin MonoManager ReloadAssembly
Native extension for WindowsStandalone target not found
Refreshing native plugins compatible for Editor in 0.87 ms, found 16 plugins.
Preloading 2 native plugins for Editor in 0.16 ms.
NullReferenceException: Object reference not set to an instance of an object
  at Unity.XR.Oculus.OculusLoader.AssetPathToAbsolutePath (System.String assetPath) [0x00048] in C:\Users\erlen\Documents\Github\Crystallographic-Reality\Crystallographic Reality\Library\PackageCache\com.unity.xr.oculus@1.9.1\Runtime\OculusLoader.cs:249 
  at Unity.XR.Oculus.OculusLoader.EditorLoadOVRPlugin () [0x0007b] in C:\Users\erlen\Documents\Github\Crystallographic-Reality\Crystallographic Reality\Library\PackageCache\com.unity.xr.oculus@1.9.1\Runtime\OculusLoader.cs:234 

(Filename: Library/PackageCache/com.unity.xr.oculus@1.9.1/Runtime/OculusLoader.cs Line: 249)

Mono: successfully reloaded assembly
- Completed reload, in  1.531 seconds
Platform modules already initialized, skipping
Refreshing native plugins compatible for Editor in 0.93 ms, found 16 plugins.
Preloading 2 native plugins for Editor in 0.17 ms.
Unloading 2349 Unused Serialized files (Serialized files now loaded: 0)
System memory in use before: 130.2 MB.
System memory in use after: 130.4 MB.

Unloading 32 unused Assets to reduce memory usage. Loaded Objects now: 3114.
Total: 3.009100 ms (FindLiveObjects: 0.301000 ms CreateObjectMapping: 0.129800 ms MarkObjects: 2.537500 ms  DeleteObjects: 0.039100 ms)

========================================================================
Received Prepare
Registering precompiled user dll's ...
Registered in 0.016116 seconds.
Begin MonoManager ReloadAssembly
Native extension for WindowsStandalone target not found
Refreshing native plugins compatible for Editor in 0.93 ms, found 16 plugins.
Preloading 2 native plugins for Editor in 0.17 ms.
NullReferenceException: Object reference not set to an instance of an object
  at Unity.XR.Oculus.OculusLoader.AssetPathToAbsolutePath (System.String assetPath) [0x00048] in C:\Users\erlen\Documents\Github\Crystallographic-Reality\Crystallographic Reality\Library\PackageCache\com.unity.xr.oculus@1.9.1\Runtime\OculusLoader.cs:249 
  at Unity.XR.Oculus.OculusLoader.EditorLoadOVRPlugin () [0x0007b] in C:\Users\erlen\Documents\Github\Crystallographic-Reality\Crystallographic Reality\Library\PackageCache\com.unity.xr.oculus@1.9.1\Runtime\OculusLoader.cs:234 

(Filename: Library/PackageCache/com.unity.xr.oculus@1.9.1/Runtime/OculusLoader.cs Line: 249)

Mono: successfully reloaded assembly
- Completed reload, in  1.506 seconds
Platform modules already initialized, skipping
Refreshing native plugins compatible for Editor in 1.02 ms, found 16 plugins.
Preloading 2 native plugins for Editor in 0.18 ms.
Unloading 2349 Unused Serialized files (Serialized files now loaded: 0)
System memory in use before: 130.2 MB.
System memory in use after: 130.4 MB.

Unloading 32 unused Assets to reduce memory usage. Loaded Objects now: 3117.
Total: 3.361900 ms (FindLiveObjects: 0.323400 ms CreateObjectMapping: 0.145800 ms MarkObjects: 2.853700 ms  DeleteObjects: 0.037300 ms)

========================================================================
Received Prepare
Registering precompiled user dll's ...
Registered in 0.014229 seconds.
Begin MonoManager ReloadAssembly
Native extension for WindowsStandalone target not found
Refreshing native plugins compatible for Editor in 0.91 ms, found 16 plugins.
Preloading 2 native plugins for Editor in 0.15 ms.
NullReferenceException: Object reference not set to an instance of an object
  at Unity.XR.Oculus.OculusLoader.AssetPathToAbsolutePath (System.String assetPath) [0x00048] in C:\Users\erlen\Documents\Github\Crystallographic-Reality\Crystallographic Reality\Library\PackageCache\com.unity.xr.oculus@1.9.1\Runtime\OculusLoader.cs:249 
  at Unity.XR.Oculus.OculusLoader.EditorLoadOVRPlugin () [0x0007b] in C:\Users\erlen\Documents\Github\Crystallographic-Reality\Crystallographic Reality\Library\PackageCache\com.unity.xr.oculus@1.9.1\Runtime\OculusLoader.cs:234 

(Filename: Library/PackageCache/com.unity.xr.oculus@1.9.1/Runtime/OculusLoader.cs Line: 249)

Mono: successfully reloaded assembly
- Completed reload, in  1.429 seconds
Platform modules already initialized, skipping
Refreshing native plugins compatible for Editor in 0.93 ms, found 16 plugins.
Preloading 2 native plugins for Editor in 0.16 ms.
Unloading 2349 Unused Serialized files (Serialized files now loaded: 0)
System memory in use before: 130.2 MB.
System memory in use after: 130.4 MB.

Unloading 32 unused Assets to reduce memory usage. Loaded Objects now: 3120.
Total: 2.965800 ms (FindLiveObjects: 0.270100 ms CreateObjectMapping: 0.210600 ms MarkObjects: 2.416800 ms  DeleteObjects: 0.067000 ms)

AssetImportWorkerClient::OnTransportError - code=2 error=End of file
