Using pre-set license
Built from '2020.3/staging' branch; Version is '2020.3.16f1 (049d6eca3c44) revision 302446'; Using compiler version '192528614'; Build Type 'Release'
OS: 'Windows 10 Home; OS build 19043.1165; Version 2009; 64bit' Language: 'no' Physical Memory: 8077 MB
BatchMode: 1, IsHumanControllingUs: 0, StartBugReporterOnCrash: 0, Is64bit: 1, IsPro: 0

 COMMAND LINE ARGUMENTS:
C:\Program Files\Unity\Hub\Editor\2020.3.16f1\Editor\Unity.exe
-adb2
-batchMode
-noUpm
-name
AssetImportWorker0
-projectPath
C:/Users/erlen/Documents/Github/Crystallographic-Reality/Crystallographic Reality
-logFile
Logs/AssetImportWorker0.log
-srvPort
64460
Successfully changed project path to: C:/Users/erlen/Documents/Github/Crystallographic-Reality/Crystallographic Reality
C:/Users/erlen/Documents/Github/Crystallographic-Reality/Crystallographic Reality
Using Asset Import Pipeline V2.
Refreshing native plugins compatible for Editor in 236.71 ms, found 16 plugins.
Preloading 2 native plugins for Editor in 4.61 ms.
Initialize engine version: 2020.3.16f1 (049d6eca3c44)
[Subsystems] Discovering subsystems at path C:/Program Files/Unity/Hub/Editor/2020.3.16f1/Editor/Data/Resources/UnitySubsystems
[Subsystems] Discovering subsystems at path C:/Users/erlen/Documents/Github/Crystallographic-Reality/Crystallographic Reality/Assets
GfxDevice: creating device client; threaded=0
Direct3D:
    Version:  Direct3D 11.0 [level 11.1]
    Renderer: NVIDIA GeForce GTX 1050 (ID=0x1c8d)
    Vendor:   
    VRAM:     1979 MB
    Driver:   27.21.14.6677
Initialize mono
Mono path[0] = 'C:/Program Files/Unity/Hub/Editor/2020.3.16f1/Editor/Data/Managed'
Mono path[1] = 'C:/Program Files/Unity/Hub/Editor/2020.3.16f1/Editor/Data/MonoBleedingEdge/lib/mono/unityjit'
Mono config path = 'C:/Program Files/Unity/Hub/Editor/2020.3.16f1/Editor/Data/MonoBleedingEdge/etc'
Using monoOptions --debugger-agent=transport=dt_socket,embedding=1,server=y,suspend=n,address=127.0.0.1:56976
Begin MonoManager ReloadAssembly
Registering precompiled unity dll's ...
Register platform support module: C:/Program Files/Unity/Hub/Editor/2020.3.16f1/Editor/Data/PlaybackEngines/WindowsStandaloneSupport/UnityEditor.WindowsStandalone.Extensions.dll
Registered in 0.002746 seconds.
Native extension for WindowsStandalone target not found
Refreshing native plugins compatible for Editor in 65.98 ms, found 16 plugins.
Preloading 2 native plugins for Editor in 0.22 ms.
Mono: successfully reloaded assembly
- Completed reload, in  4.670 seconds
Domain Reload Profiling:
	ReloadAssembly (4670ms)
		BeginReloadAssembly (84ms)
			ExecutionOrderSort (0ms)
			DisableScriptedObjects (0ms)
			BackupInstance (0ms)
			ReleaseScriptingObjects (0ms)
			CreateAndSetChildDomain (1ms)
		EndReloadAssembly (658ms)
			LoadAssemblies (82ms)
			RebuildTransferFunctionScriptingTraits (0ms)
			SetupTypeCache (207ms)
			ReleaseScriptCaches (0ms)
			RebuildScriptCaches (37ms)
			SetupLoadedEditorAssemblies (307ms)
				LogAssemblyErrors (0ms)
				InitializePlatformSupportModulesInManaged (5ms)
				SetLoadedEditorAssemblies (0ms)
				RefreshPlugins (66ms)
				BeforeProcessingInitializeOnLoad (22ms)
				ProcessInitializeOnLoadAttributes (149ms)
				ProcessInitializeOnLoadMethodAttributes (65ms)
				AfterProcessingInitializeOnLoad (0ms)
				EditorAssembliesLoaded (0ms)
			ExecutionOrderSort2 (0ms)
			AwakeInstancesAfterBackupRestoration (0ms)
Platform modules already initialized, skipping
Registering precompiled user dll's ...
Registered in 0.036085 seconds.
Begin MonoManager ReloadAssembly
Native extension for WindowsStandalone target not found
Refreshing native plugins compatible for Editor in 76.42 ms, found 16 plugins.
Preloading 2 native plugins for Editor in 0.21 ms.
[XR] OculusXRPlugin: registering subsystems
[XR] Unable to register display lifecyle provider: [1]
[XR] Oculus Input lifecycle provider registered.
[XR] Unable to register input lifecyle provider: [1]
System.Reflection.TargetInvocationException: Exception has been thrown by the target of an invocation. ---> System.NullReferenceException: Object reference not set to an instance of an object
  at Unity.XR.Oculus.OculusLoader.AssetPathToAbsolutePath (System.String assetPath) [0x00048] in C:\Users\erlen\Documents\Github\Crystallographic-Reality\Crystallographic Reality\Library\PackageCache\com.unity.xr.oculus@1.9.1\Runtime\OculusLoader.cs:249 
  at Unity.XR.Oculus.OculusLoader.EditorLoadOVRPlugin () [0x0007b] in C:\Users\erlen\Documents\Github\Crystallographic-Reality\Crystallographic Reality\Library\PackageCache\com.unity.xr.oculus@1.9.1\Runtime\OculusLoader.cs:234 
  at (wrapper managed-to-native) System.Reflection.MonoMethod.InternalInvoke(System.Reflection.MonoMethod,object,object[],System.Exception&)
  at System.Reflection.MonoMethod.Invoke (System.Object obj, System.Reflection.BindingFlags invokeAttr, System.Reflection.Binder binder, System.Object[] parameters, System.Globalization.CultureInfo culture) [0x00032] in <695d1cc93cca45069c528c15c9fdd749>:0 
   --- End of inner exception stack trace ---
  at System.Reflection.MonoMethod.Invoke (System.Object obj, System.Reflection.BindingFlags invokeAttr, System.Reflection.Binder binder, System.Object[] parameters, System.Globalization.CultureInfo culture) [0x00048] in <695d1cc93cca45069c528c15c9fdd749>:0 
  at System.Reflection.MethodBase.Invoke (System.Object obj, System.Object[] parameters) [0x00000] in <695d1cc93cca45069c528c15c9fdd749>:0 
  at UnityEditor.EditorAssemblies.ProcessInitializeOnLoadMethodAttributes () [0x00047] in <ef3b6bf002d8435a97b4e938f6c49b02>:0 
UnityEngine.StackTraceUtility:ExtractStackTrace ()
UnityEngine.DebugLogHandler:LogFormat (UnityEngine.LogType,UnityEngine.Object,string,object[])
UnityEngine.Logger:Log (UnityEngine.LogType,object)
UnityEngine.Debug:LogError (object)
UnityEditor.EditorAssemblies:ProcessInitializeOnLoadMethodAttributes ()

Mono: successfully reloaded assembly
- Completed reload, in  2.186 seconds
Domain Reload Profiling:
	ReloadAssembly (2187ms)
		BeginReloadAssembly (217ms)
			ExecutionOrderSort (0ms)
			DisableScriptedObjects (5ms)
			BackupInstance (0ms)
			ReleaseScriptingObjects (0ms)
			CreateAndSetChildDomain (23ms)
		EndReloadAssembly (1841ms)
			LoadAssemblies (157ms)
			RebuildTransferFunctionScriptingTraits (0ms)
			SetupTypeCache (443ms)
			ReleaseScriptCaches (1ms)
			RebuildScriptCaches (60ms)
			SetupLoadedEditorAssemblies (1001ms)
				LogAssemblyErrors (0ms)
				InitializePlatformSupportModulesInManaged (24ms)
				SetLoadedEditorAssemblies (0ms)
				RefreshPlugins (77ms)
				BeforeProcessingInitializeOnLoad (132ms)
				ProcessInitializeOnLoadAttributes (731ms)
				ProcessInitializeOnLoadMethodAttributes (25ms)
				AfterProcessingInitializeOnLoad (11ms)
				EditorAssembliesLoaded (1ms)
			ExecutionOrderSort2 (0ms)
			AwakeInstancesAfterBackupRestoration (13ms)
Platform modules already initialized, skipping
========================================================================
Worker process is ready to serve import requests
Launched and connected shader compiler UnityShaderCompiler.exe after 0.10 seconds
Refreshing native plugins compatible for Editor in 0.91 ms, found 16 plugins.
Preloading 2 native plugins for Editor in 0.19 ms.
Unloading 2400 Unused Serialized files (Serialized files now loaded: 0)
System memory in use before: 119.3 MB.
System memory in use after: 119.5 MB.

Unloading 38 unused Assets to reduce memory usage. Loaded Objects now: 2906.
Total: 4.282700 ms (FindLiveObjects: 0.308900 ms CreateObjectMapping: 0.147500 ms MarkObjects: 3.786200 ms  DeleteObjects: 0.038500 ms)

AssetImportParameters requested are different than current active one (requested -> active):
  custom:framework-win-MediaFoundation: 216162199b28c13a410421893ffa2e32 -> 
  custom:video-decoder-ogg-theora: a1e56fd34408186e4bbccfd4996cb3dc -> 
  custom:container-muxer-webm: aa71ff27fc2769a1b78a27578f13a17b -> 
  custom:container-demuxer-webm: 4f35f7cbe854078d1ac9338744f61a02 -> 
  custom:container-demuxer-ogg: 62fdf1f143b41e24485cea50d1cbac27 -> 
  custom:video-encoder-webm-vp8: eb34c28f22e8b96e1ab97ce403110664 -> 
  custom:video-codec-MediaFoundation-h265: 746d11721c4dcdbdad8f713fa42b33f4 -> 
  custom:video-decoder-webm-vp8: 9c59270c3fd7afecdb556c50c9e8de78 -> 
  custom:audio-decoder-ogg-vorbis: bf7c407c2cedff20999df2af8eb42d56 -> 
  custom:audio-encoder-webm-vorbis: bf7c407c2cedff20999df2af8eb42d56 -> 
========================================================================
Received Import Request.
  path: Assets/Scripts/Crystal.cs
  artifactKey: Guid(d59da744eb441fb43a977a4b91997b2f) Importer(815301076,1909f56bfc062723c751e8b465ee728b)
Start importing Assets/Scripts/Crystal.cs using Guid(d59da744eb441fb43a977a4b91997b2f) Importer(815301076,1909f56bfc062723c751e8b465ee728b)  -> (artifact id: '2145cefb865642bc1d795f4cc3d29964') in 0.134895 seconds 
  Import took 0.140180 seconds .

========================================================================
Received Import Request.
  Time since last request: 225.682851 seconds.
  path: Assets/Scripts/Crystal.cs
  artifactKey: Guid(d59da744eb441fb43a977a4b91997b2f) Importer(815301076,1909f56bfc062723c751e8b465ee728b)
Start importing Assets/Scripts/Crystal.cs using Guid(d59da744eb441fb43a977a4b91997b2f) Importer(815301076,1909f56bfc062723c751e8b465ee728b)  -> (artifact id: 'ae3eec498a456a3d55f235d66ab59f8a') in 0.010214 seconds 
  Import took 0.018851 seconds .

========================================================================
Received Import Request.
  Time since last request: 0.001743 seconds.
  path: Assets/Scripts/Crystal.cs
  artifactKey: Guid(d59da744eb441fb43a977a4b91997b2f) Importer(815301076,1909f56bfc062723c751e8b465ee728b)
Start importing Assets/Scripts/Crystal.cs using Guid(d59da744eb441fb43a977a4b91997b2f) Importer(815301076,1909f56bfc062723c751e8b465ee728b)  -> (artifact id: 'ae3eec498a456a3d55f235d66ab59f8a') in 0.010148 seconds 
  Import took 0.016772 seconds .

========================================================================
Received Import Request.
  Time since last request: 26.561968 seconds.
  path: Assets/Scripts/Crystal.cs
  artifactKey: Guid(d59da744eb441fb43a977a4b91997b2f) Importer(815301076,1909f56bfc062723c751e8b465ee728b)
Start importing Assets/Scripts/Crystal.cs using Guid(d59da744eb441fb43a977a4b91997b2f) Importer(815301076,1909f56bfc062723c751e8b465ee728b)  -> (artifact id: 'ac09518365c5767bf8fb91f29be67d88') in 0.008630 seconds 
  Import took 0.018244 seconds .

========================================================================
Received Import Request.
  Time since last request: 47.975249 seconds.
  path: Assets/Scripts/Crystal.cs
  artifactKey: Guid(d59da744eb441fb43a977a4b91997b2f) Importer(815301076,1909f56bfc062723c751e8b465ee728b)
Start importing Assets/Scripts/Crystal.cs using Guid(d59da744eb441fb43a977a4b91997b2f) Importer(815301076,1909f56bfc062723c751e8b465ee728b)  -> (artifact id: '68dbc03e010328a3e5d510a8fcb524b6') in 0.010817 seconds 
  Import took 0.021731 seconds .

========================================================================
Received Import Request.
  Time since last request: 74.562703 seconds.
  path: Assets/Scripts/Crystal.cs
  artifactKey: Guid(d59da744eb441fb43a977a4b91997b2f) Importer(815301076,1909f56bfc062723c751e8b465ee728b)
Start importing Assets/Scripts/Crystal.cs using Guid(d59da744eb441fb43a977a4b91997b2f) Importer(815301076,1909f56bfc062723c751e8b465ee728b)  -> (artifact id: 'f866c3493504335621bdfed454155b34') in 0.011253 seconds 
  Import took 0.024066 seconds .

========================================================================
Received Import Request.
  Time since last request: 71.412224 seconds.
  path: Assets/Scripts/Crystal.cs
  artifactKey: Guid(d59da744eb441fb43a977a4b91997b2f) Importer(815301076,1909f56bfc062723c751e8b465ee728b)
Start importing Assets/Scripts/Crystal.cs using Guid(d59da744eb441fb43a977a4b91997b2f) Importer(815301076,1909f56bfc062723c751e8b465ee728b)  -> (artifact id: 'd3302ec890bf181c0056bdd0198fdd8a') in 0.014121 seconds 
  Import took 0.025300 seconds .

========================================================================
Received Import Request.
  Time since last request: 68.300262 seconds.
  path: Assets/Scripts/Crystal.cs
  artifactKey: Guid(d59da744eb441fb43a977a4b91997b2f) Importer(815301076,1909f56bfc062723c751e8b465ee728b)
Start importing Assets/Scripts/Crystal.cs using Guid(d59da744eb441fb43a977a4b91997b2f) Importer(815301076,1909f56bfc062723c751e8b465ee728b)  -> (artifact id: '9f3d14a485edb975d87296faaf71636f') in 0.017290 seconds 
  Import took 0.024699 seconds .

========================================================================
Received Import Request.
  Time since last request: 116.922541 seconds.
  path: Assets/Scripts/Crystal.cs
  artifactKey: Guid(d59da744eb441fb43a977a4b91997b2f) Importer(815301076,1909f56bfc062723c751e8b465ee728b)
Start importing Assets/Scripts/Crystal.cs using Guid(d59da744eb441fb43a977a4b91997b2f) Importer(815301076,1909f56bfc062723c751e8b465ee728b)  -> (artifact id: '84c11da32b5bc3129e73379ea0376bba') in 0.010153 seconds 
  Import took 0.024466 seconds .

========================================================================
Received Import Request.
  Time since last request: 155.888842 seconds.
  path: Assets/Scripts/Crystal.cs
  artifactKey: Guid(d59da744eb441fb43a977a4b91997b2f) Importer(815301076,1909f56bfc062723c751e8b465ee728b)
Start importing Assets/Scripts/Crystal.cs using Guid(d59da744eb441fb43a977a4b91997b2f) Importer(815301076,1909f56bfc062723c751e8b465ee728b)  -> (artifact id: 'bb9f4d92555a3c42baa44d159775a339') in 0.017246 seconds 
  Import took 0.035702 seconds .

========================================================================
Received Import Request.
  Time since last request: 39.009665 seconds.
  path: Assets/Scripts/Crystal.cs
  artifactKey: Guid(d59da744eb441fb43a977a4b91997b2f) Importer(815301076,1909f56bfc062723c751e8b465ee728b)
Start importing Assets/Scripts/Crystal.cs using Guid(d59da744eb441fb43a977a4b91997b2f) Importer(815301076,1909f56bfc062723c751e8b465ee728b)  -> (artifact id: '28aa7e3268f2f47132632fb9b20b11d7') in 0.010047 seconds 
  Import took 0.018569 seconds .

========================================================================
Received Import Request.
  Time since last request: 51.051766 seconds.
  path: Assets/Scripts/Crystal.cs
  artifactKey: Guid(d59da744eb441fb43a977a4b91997b2f) Importer(815301076,1909f56bfc062723c751e8b465ee728b)
Start importing Assets/Scripts/Crystal.cs using Guid(d59da744eb441fb43a977a4b91997b2f) Importer(815301076,1909f56bfc062723c751e8b465ee728b)  -> (artifact id: 'ebeaa5f97c7590b628648799bb5b69ee') in 0.019425 seconds 
  Import took 0.029302 seconds .

========================================================================
Received Import Request.
  Time since last request: 5.501931 seconds.
  path: Assets/Scripts/Crystal.cs
  artifactKey: Guid(d59da744eb441fb43a977a4b91997b2f) Importer(815301076,1909f56bfc062723c751e8b465ee728b)
Start importing Assets/Scripts/Crystal.cs using Guid(d59da744eb441fb43a977a4b91997b2f) Importer(815301076,1909f56bfc062723c751e8b465ee728b)  -> (artifact id: 'c4abe1915f166fa0224a000aa3ee162b') in 0.008936 seconds 
  Import took 0.018943 seconds .

========================================================================
Received Import Request.
  Time since last request: 5.816896 seconds.
  path: Assets/Scripts/Crystal.cs
  artifactKey: Guid(d59da744eb441fb43a977a4b91997b2f) Importer(815301076,1909f56bfc062723c751e8b465ee728b)
Start importing Assets/Scripts/Crystal.cs using Guid(d59da744eb441fb43a977a4b91997b2f) Importer(815301076,1909f56bfc062723c751e8b465ee728b)  -> (artifact id: 'b2f498dc5bbf6cba1e7f44bd3c586950') in 0.010317 seconds 
  Import took 0.019025 seconds .

========================================================================
Received Import Request.
  Time since last request: 76.512788 seconds.
  path: Assets/Scripts/Crystal.cs
  artifactKey: Guid(d59da744eb441fb43a977a4b91997b2f) Importer(815301076,1909f56bfc062723c751e8b465ee728b)
Start importing Assets/Scripts/Crystal.cs using Guid(d59da744eb441fb43a977a4b91997b2f) Importer(815301076,1909f56bfc062723c751e8b465ee728b)  -> (artifact id: 'c73ce603593fe44d1848a7711e7cf96b') in 0.022047 seconds 
  Import took 0.031055 seconds .

========================================================================
Received Import Request.
  Time since last request: 116.123359 seconds.
  path: Assets/Scripts/Crystal.cs
  artifactKey: Guid(d59da744eb441fb43a977a4b91997b2f) Importer(815301076,1909f56bfc062723c751e8b465ee728b)
Start importing Assets/Scripts/Crystal.cs using Guid(d59da744eb441fb43a977a4b91997b2f) Importer(815301076,1909f56bfc062723c751e8b465ee728b)  -> (artifact id: 'de5d2b9e33196d8b6d2cbd314111124c') in 0.008325 seconds 
  Import took 0.017248 seconds .

========================================================================
Received Import Request.
  Time since last request: 151.684639 seconds.
  path: Assets/Scripts/Crystal.cs
  artifactKey: Guid(d59da744eb441fb43a977a4b91997b2f) Importer(815301076,1909f56bfc062723c751e8b465ee728b)
Start importing Assets/Scripts/Crystal.cs using Guid(d59da744eb441fb43a977a4b91997b2f) Importer(815301076,1909f56bfc062723c751e8b465ee728b)  -> (artifact id: 'a6969e697ba89505883d65411cd291e9') in 0.007677 seconds 
  Import took 0.017192 seconds .

========================================================================
Received Import Request.
  Time since last request: 0.019645 seconds.
  path: Assets/Scripts/Crystal.cs
  artifactKey: Guid(d59da744eb441fb43a977a4b91997b2f) Importer(815301076,1909f56bfc062723c751e8b465ee728b)
Start importing Assets/Scripts/Crystal.cs using Guid(d59da744eb441fb43a977a4b91997b2f) Importer(815301076,1909f56bfc062723c751e8b465ee728b)  -> (artifact id: 'a6969e697ba89505883d65411cd291e9') in 0.008891 seconds 
  Import took 0.014898 seconds .

========================================================================
Received Import Request.
  Time since last request: 18.693150 seconds.
  path: Assets/Scripts/Crystal.cs
  artifactKey: Guid(d59da744eb441fb43a977a4b91997b2f) Importer(815301076,1909f56bfc062723c751e8b465ee728b)
Start importing Assets/Scripts/Crystal.cs using Guid(d59da744eb441fb43a977a4b91997b2f) Importer(815301076,1909f56bfc062723c751e8b465ee728b)  -> (artifact id: '6de4f2af84955675c761cc0d91673858') in 0.008221 seconds 
  Import took 0.017278 seconds .

========================================================================
Received Import Request.
  Time since last request: 28.080178 seconds.
  path: Assets/Scripts/Crystal.cs
  artifactKey: Guid(d59da744eb441fb43a977a4b91997b2f) Importer(815301076,1909f56bfc062723c751e8b465ee728b)
Start importing Assets/Scripts/Crystal.cs using Guid(d59da744eb441fb43a977a4b91997b2f) Importer(815301076,1909f56bfc062723c751e8b465ee728b)  -> (artifact id: '5a749414f0d61aba4942e850cf8ebc9a') in 0.007372 seconds 
  Import took 0.016843 seconds .

========================================================================
Received Import Request.
  Time since last request: 15.531177 seconds.
  path: Assets/Scripts/Crystal.cs
  artifactKey: Guid(d59da744eb441fb43a977a4b91997b2f) Importer(815301076,1909f56bfc062723c751e8b465ee728b)
Start importing Assets/Scripts/Crystal.cs using Guid(d59da744eb441fb43a977a4b91997b2f) Importer(815301076,1909f56bfc062723c751e8b465ee728b)  -> (artifact id: '0dffadb34aa51149ef984f6fe4e70aa0') in 0.007715 seconds 
  Import took 0.014492 seconds .

========================================================================
Received Import Request.
  Time since last request: 17.015215 seconds.
  path: Assets/Scripts/Crystal.cs
  artifactKey: Guid(d59da744eb441fb43a977a4b91997b2f) Importer(815301076,1909f56bfc062723c751e8b465ee728b)
Start importing Assets/Scripts/Crystal.cs using Guid(d59da744eb441fb43a977a4b91997b2f) Importer(815301076,1909f56bfc062723c751e8b465ee728b)  -> (artifact id: '718bc661c37ed63644125bfd10ff467a') in 0.008214 seconds 
  Import took 0.056503 seconds .

========================================================================
Received Import Request.
  Time since last request: 36.023963 seconds.
  path: Assets/Scripts/Crystal.cs
  artifactKey: Guid(d59da744eb441fb43a977a4b91997b2f) Importer(815301076,1909f56bfc062723c751e8b465ee728b)
Start importing Assets/Scripts/Crystal.cs using Guid(d59da744eb441fb43a977a4b91997b2f) Importer(815301076,1909f56bfc062723c751e8b465ee728b)  -> (artifact id: '34f294c83e4f8578c76e715a1d86fa2e') in 0.008287 seconds 
  Import took 0.017383 seconds .

========================================================================
Received Import Request.
  Time since last request: 0.029700 seconds.
  path: Assets/Scripts/Crystal.cs
  artifactKey: Guid(d59da744eb441fb43a977a4b91997b2f) Importer(815301076,1909f56bfc062723c751e8b465ee728b)
Start importing Assets/Scripts/Crystal.cs using Guid(d59da744eb441fb43a977a4b91997b2f) Importer(815301076,1909f56bfc062723c751e8b465ee728b)  -> (artifact id: '34f294c83e4f8578c76e715a1d86fa2e') in 0.007747 seconds 
  Import took 0.014349 seconds .

========================================================================
Received Import Request.
  Time since last request: 17.211562 seconds.
  path: Assets/Scripts/Crystal.cs
  artifactKey: Guid(d59da744eb441fb43a977a4b91997b2f) Importer(815301076,1909f56bfc062723c751e8b465ee728b)
Start importing Assets/Scripts/Crystal.cs using Guid(d59da744eb441fb43a977a4b91997b2f) Importer(815301076,1909f56bfc062723c751e8b465ee728b)  -> (artifact id: '402abfac335020851b5a5c94ef38ea71') in 0.008103 seconds 
  Import took 0.013480 seconds .

========================================================================
Received Import Request.
  Time since last request: 13.536848 seconds.
  path: Assets/Scripts/Crystal.cs
  artifactKey: Guid(d59da744eb441fb43a977a4b91997b2f) Importer(815301076,1909f56bfc062723c751e8b465ee728b)
Start importing Assets/Scripts/Crystal.cs using Guid(d59da744eb441fb43a977a4b91997b2f) Importer(815301076,1909f56bfc062723c751e8b465ee728b)  -> (artifact id: 'cec61af30ce3cb7411848df928ee225f') in 0.007991 seconds 
  Import took 0.016934 seconds .

========================================================================
Received Import Request.
  Time since last request: 14.334541 seconds.
  path: Assets/Scripts/Crystal.cs
  artifactKey: Guid(d59da744eb441fb43a977a4b91997b2f) Importer(815301076,1909f56bfc062723c751e8b465ee728b)
Start importing Assets/Scripts/Crystal.cs using Guid(d59da744eb441fb43a977a4b91997b2f) Importer(815301076,1909f56bfc062723c751e8b465ee728b)  -> (artifact id: '71ae8c8a18853e8ab638940bf3602ef2') in 0.006349 seconds 
  Import took 0.017161 seconds .

========================================================================
Received Import Request.
  Time since last request: 25.845641 seconds.
  path: Assets/Scripts/Crystal.cs
  artifactKey: Guid(d59da744eb441fb43a977a4b91997b2f) Importer(815301076,1909f56bfc062723c751e8b465ee728b)
Start importing Assets/Scripts/Crystal.cs using Guid(d59da744eb441fb43a977a4b91997b2f) Importer(815301076,1909f56bfc062723c751e8b465ee728b)  -> (artifact id: 'ef6031bbe7a1cee8befee684f297031a') in 0.007768 seconds 
  Import took 0.017939 seconds .

========================================================================
Received Import Request.
  Time since last request: 0.013842 seconds.
  path: Assets/Scripts/Crystal.cs
  artifactKey: Guid(d59da744eb441fb43a977a4b91997b2f) Importer(815301076,1909f56bfc062723c751e8b465ee728b)
Start importing Assets/Scripts/Crystal.cs using Guid(d59da744eb441fb43a977a4b91997b2f) Importer(815301076,1909f56bfc062723c751e8b465ee728b)  -> (artifact id: 'ef6031bbe7a1cee8befee684f297031a') in 0.007892 seconds 
  Import took 0.013212 seconds .

========================================================================
Received Import Request.
  Time since last request: 10.671352 seconds.
  path: Assets/Scripts/Crystal.cs
  artifactKey: Guid(d59da744eb441fb43a977a4b91997b2f) Importer(815301076,1909f56bfc062723c751e8b465ee728b)
Start importing Assets/Scripts/Crystal.cs using Guid(d59da744eb441fb43a977a4b91997b2f) Importer(815301076,1909f56bfc062723c751e8b465ee728b)  -> (artifact id: '209356a93ce6d0d12305db9e5ef86a8d') in 0.007062 seconds 
  Import took 0.016101 seconds .

========================================================================
Received Import Request.
  Time since last request: 15.284577 seconds.
  path: Assets/Scripts/Crystal.cs
  artifactKey: Guid(d59da744eb441fb43a977a4b91997b2f) Importer(815301076,1909f56bfc062723c751e8b465ee728b)
Start importing Assets/Scripts/Crystal.cs using Guid(d59da744eb441fb43a977a4b91997b2f) Importer(815301076,1909f56bfc062723c751e8b465ee728b)  -> (artifact id: 'c40f7c88abfcf50be0f3374ec8d34cd0') in 0.007260 seconds 
  Import took 0.013143 seconds .

========================================================================
Received Import Request.
  Time since last request: 26.204532 seconds.
  path: Assets/Scripts/Crystal.cs
  artifactKey: Guid(d59da744eb441fb43a977a4b91997b2f) Importer(815301076,1909f56bfc062723c751e8b465ee728b)
Start importing Assets/Scripts/Crystal.cs using Guid(d59da744eb441fb43a977a4b91997b2f) Importer(815301076,1909f56bfc062723c751e8b465ee728b)  -> (artifact id: '8abd2ae74d23dcb9017a3fd24747c84a') in 0.008778 seconds 
  Import took 0.018994 seconds .

========================================================================
Received Import Request.
  Time since last request: 0.112611 seconds.
  path: Assets/Scripts/Crystal.cs
  artifactKey: Guid(d59da744eb441fb43a977a4b91997b2f) Importer(815301076,1909f56bfc062723c751e8b465ee728b)
Start importing Assets/Scripts/Crystal.cs using Guid(d59da744eb441fb43a977a4b91997b2f) Importer(815301076,1909f56bfc062723c751e8b465ee728b)  -> (artifact id: '8abd2ae74d23dcb9017a3fd24747c84a') in 0.090721 seconds 
  Import took 0.104819 seconds .

========================================================================
Received Prepare
Registering precompiled user dll's ...
Registered in 0.037589 seconds.
Begin MonoManager ReloadAssembly
Native extension for WindowsStandalone target not found
Refreshing native plugins compatible for Editor in 1.05 ms, found 16 plugins.
Preloading 2 native plugins for Editor in 0.20 ms.
System.Reflection.TargetInvocationException: Exception has been thrown by the target of an invocation. ---> System.NullReferenceException: Object reference not set to an instance of an object
  at Unity.XR.Oculus.OculusLoader.AssetPathToAbsolutePath (System.String assetPath) [0x00048] in C:\Users\erlen\Documents\Github\Crystallographic-Reality\Crystallographic Reality\Library\PackageCache\com.unity.xr.oculus@1.9.1\Runtime\OculusLoader.cs:249 
  at Unity.XR.Oculus.OculusLoader.EditorLoadOVRPlugin () [0x0007b] in C:\Users\erlen\Documents\Github\Crystallographic-Reality\Crystallographic Reality\Library\PackageCache\com.unity.xr.oculus@1.9.1\Runtime\OculusLoader.cs:234 
  at (wrapper managed-to-native) System.Reflection.MonoMethod.InternalInvoke(System.Reflection.MonoMethod,object,object[],System.Exception&)
  at System.Reflection.MonoMethod.Invoke (System.Object obj, System.Reflection.BindingFlags invokeAttr, System.Reflection.Binder binder, System.Object[] parameters, System.Globalization.CultureInfo culture) [0x00032] in <695d1cc93cca45069c528c15c9fdd749>:0 
   --- End of inner exception stack trace ---
  at System.Reflection.MonoMethod.Invoke (System.Object obj, System.Reflection.BindingFlags invokeAttr, System.Reflection.Binder binder, System.Object[] parameters, System.Globalization.CultureInfo culture) [0x00048] in <695d1cc93cca45069c528c15c9fdd749>:0 
  at System.Reflection.MethodBase.Invoke (System.Object obj, System.Object[] parameters) [0x00000] in <695d1cc93cca45069c528c15c9fdd749>:0 
  at UnityEditor.EditorAssemblies.ProcessInitializeOnLoadMethodAttributes () [0x00047] in <ef3b6bf002d8435a97b4e938f6c49b02>:0 
UnityEngine.StackTraceUtility:ExtractStackTrace ()
UnityEngine.DebugLogHandler:LogFormat (UnityEngine.LogType,UnityEngine.Object,string,object[])
UnityEngine.Logger:Log (UnityEngine.LogType,object)
UnityEngine.Debug:LogError (object)
UnityEditor.EditorAssemblies:ProcessInitializeOnLoadMethodAttributes ()

Mono: successfully reloaded assembly
- Completed reload, in  1.751 seconds
Domain Reload Profiling:
	ReloadAssembly (1752ms)
		BeginReloadAssembly (241ms)
			ExecutionOrderSort (0ms)
			DisableScriptedObjects (5ms)
			BackupInstance (0ms)
			ReleaseScriptingObjects (0ms)
			CreateAndSetChildDomain (54ms)
		EndReloadAssembly (1328ms)
			LoadAssemblies (201ms)
			RebuildTransferFunctionScriptingTraits (0ms)
			SetupTypeCache (385ms)
			ReleaseScriptCaches (2ms)
			RebuildScriptCaches (48ms)
			SetupLoadedEditorAssemblies (613ms)
				LogAssemblyErrors (0ms)
				InitializePlatformSupportModulesInManaged (7ms)
				SetLoadedEditorAssemblies (1ms)
				RefreshPlugins (1ms)
				BeforeProcessingInitializeOnLoad (109ms)
				ProcessInitializeOnLoadAttributes (463ms)
				ProcessInitializeOnLoadMethodAttributes (22ms)
				AfterProcessingInitializeOnLoad (9ms)
				EditorAssembliesLoaded (0ms)
			ExecutionOrderSort2 (0ms)
			AwakeInstancesAfterBackupRestoration (9ms)
Platform modules already initialized, skipping
Refreshing native plugins compatible for Editor in 1.01 ms, found 16 plugins.
Preloading 2 native plugins for Editor in 0.15 ms.
Unloading 2357 Unused Serialized files (Serialized files now loaded: 0)
System memory in use before: 125.8 MB.
System memory in use after: 126.1 MB.

Unloading 32 unused Assets to reduce memory usage. Loaded Objects now: 2909.
Total: 3.912000 ms (FindLiveObjects: 0.244700 ms CreateObjectMapping: 0.152200 ms MarkObjects: 3.459500 ms  DeleteObjects: 0.054600 ms)

AssetImportParameters requested are different than current active one (requested -> active):
  custom:framework-win-MediaFoundation: 216162199b28c13a410421893ffa2e32 -> 
  custom:video-decoder-ogg-theora: a1e56fd34408186e4bbccfd4996cb3dc -> 
  custom:container-muxer-webm: aa71ff27fc2769a1b78a27578f13a17b -> 
  custom:container-demuxer-webm: 4f35f7cbe854078d1ac9338744f61a02 -> 
  custom:container-demuxer-ogg: 62fdf1f143b41e24485cea50d1cbac27 -> 
  custom:video-encoder-webm-vp8: eb34c28f22e8b96e1ab97ce403110664 -> 
  custom:video-codec-MediaFoundation-h265: 746d11721c4dcdbdad8f713fa42b33f4 -> 
  custom:video-decoder-webm-vp8: 9c59270c3fd7afecdb556c50c9e8de78 -> 
  custom:audio-decoder-ogg-vorbis: bf7c407c2cedff20999df2af8eb42d56 -> 
  custom:audio-encoder-webm-vorbis: bf7c407c2cedff20999df2af8eb42d56 -> 
========================================================================
Received Import Request.
  Time since last request: 43.792567 seconds.
  path: Assets/Scripts/Crystal.cs
  artifactKey: Guid(d59da744eb441fb43a977a4b91997b2f) Importer(815301076,1909f56bfc062723c751e8b465ee728b)
Start importing Assets/Scripts/Crystal.cs using Guid(d59da744eb441fb43a977a4b91997b2f) Importer(815301076,1909f56bfc062723c751e8b465ee728b)  -> (artifact id: '963804b3ff10618fec2ceea3d29270f8') in 0.146187 seconds 
  Import took 0.172344 seconds .

========================================================================
Received Import Request.
  Time since last request: 0.046893 seconds.
  path: Assets/Scripts/Crystal.cs
  artifactKey: Guid(d59da744eb441fb43a977a4b91997b2f) Importer(815301076,1909f56bfc062723c751e8b465ee728b)
Start importing Assets/Scripts/Crystal.cs using Guid(d59da744eb441fb43a977a4b91997b2f) Importer(815301076,1909f56bfc062723c751e8b465ee728b)  -> (artifact id: '963804b3ff10618fec2ceea3d29270f8') in 0.010482 seconds 
  Import took 0.019827 seconds .

========================================================================
Received Import Request.
  Time since last request: 31.067171 seconds.
  path: Assets/Scripts/Crystal.cs
  artifactKey: Guid(d59da744eb441fb43a977a4b91997b2f) Importer(815301076,1909f56bfc062723c751e8b465ee728b)
Start importing Assets/Scripts/Crystal.cs using Guid(d59da744eb441fb43a977a4b91997b2f) Importer(815301076,1909f56bfc062723c751e8b465ee728b)  -> (artifact id: '8ae64ae27924b99b1f13e7b3fcfb8d9a') in 0.008913 seconds 
  Import took 0.015026 seconds .

========================================================================
Received Import Request.
  Time since last request: 18.093436 seconds.
  path: Assets/Scripts/Crystal.cs
  artifactKey: Guid(d59da744eb441fb43a977a4b91997b2f) Importer(815301076,1909f56bfc062723c751e8b465ee728b)
Start importing Assets/Scripts/Crystal.cs using Guid(d59da744eb441fb43a977a4b91997b2f) Importer(815301076,1909f56bfc062723c751e8b465ee728b)  -> (artifact id: 'ce1318e7a9edf593599f95abb3b986a8') in 0.007196 seconds 
  Import took 0.016354 seconds .

========================================================================
Received Import Request.
  Time since last request: 15.058973 seconds.
  path: Assets/Scripts/Crystal.cs
  artifactKey: Guid(d59da744eb441fb43a977a4b91997b2f) Importer(815301076,1909f56bfc062723c751e8b465ee728b)
Start importing Assets/Scripts/Crystal.cs using Guid(d59da744eb441fb43a977a4b91997b2f) Importer(815301076,1909f56bfc062723c751e8b465ee728b)  -> (artifact id: '548a045e140b6cb1f7803336ddac77e2') in 0.010529 seconds 
  Import took 0.015724 seconds .

========================================================================
Received Import Request.
  Time since last request: 13.931859 seconds.
  path: Assets/Scripts/Crystal.cs
  artifactKey: Guid(d59da744eb441fb43a977a4b91997b2f) Importer(815301076,1909f56bfc062723c751e8b465ee728b)
Start importing Assets/Scripts/Crystal.cs using Guid(d59da744eb441fb43a977a4b91997b2f) Importer(815301076,1909f56bfc062723c751e8b465ee728b)  -> (artifact id: '32c21730af4af0c860c5fa92169bbe43') in 0.007933 seconds 
  Import took 0.017348 seconds .

========================================================================
Received Import Request.
  Time since last request: 13.093470 seconds.
  path: Assets/Scripts/Crystal.cs
  artifactKey: Guid(d59da744eb441fb43a977a4b91997b2f) Importer(815301076,1909f56bfc062723c751e8b465ee728b)
Start importing Assets/Scripts/Crystal.cs using Guid(d59da744eb441fb43a977a4b91997b2f) Importer(815301076,1909f56bfc062723c751e8b465ee728b)  -> (artifact id: '37a9139a931e8693d15dac359090f20f') in 0.007877 seconds 
  Import took 0.017437 seconds .

========================================================================
Received Import Request.
  Time since last request: 10.756866 seconds.
  path: Assets/Scripts/Crystal.cs
  artifactKey: Guid(d59da744eb441fb43a977a4b91997b2f) Importer(815301076,1909f56bfc062723c751e8b465ee728b)
Start importing Assets/Scripts/Crystal.cs using Guid(d59da744eb441fb43a977a4b91997b2f) Importer(815301076,1909f56bfc062723c751e8b465ee728b)  -> (artifact id: '4fca47b4093e7557dbeb5f04549cc036') in 0.007747 seconds 
  Import took 0.018828 seconds .

========================================================================
Received Import Request.
  Time since last request: 14.195376 seconds.
  path: Assets/Scripts/Crystal.cs
  artifactKey: Guid(d59da744eb441fb43a977a4b91997b2f) Importer(815301076,1909f56bfc062723c751e8b465ee728b)
Start importing Assets/Scripts/Crystal.cs using Guid(d59da744eb441fb43a977a4b91997b2f) Importer(815301076,1909f56bfc062723c751e8b465ee728b)  -> (artifact id: 'b8394550f8d606e6146f759442b99f76') in 0.008264 seconds 
  Import took 0.017786 seconds .

========================================================================
Received Import Request.
  Time since last request: 10.466541 seconds.
  path: Assets/Scripts/Crystal.cs
  artifactKey: Guid(d59da744eb441fb43a977a4b91997b2f) Importer(815301076,1909f56bfc062723c751e8b465ee728b)
Start importing Assets/Scripts/Crystal.cs using Guid(d59da744eb441fb43a977a4b91997b2f) Importer(815301076,1909f56bfc062723c751e8b465ee728b)  -> (artifact id: '26f252562305e4b51835a8c0488eb425') in 0.007451 seconds 
  Import took 0.016303 seconds .

========================================================================
Received Import Request.
  Time since last request: 13.274590 seconds.
  path: Assets/Scripts/Crystal.cs
  artifactKey: Guid(d59da744eb441fb43a977a4b91997b2f) Importer(815301076,1909f56bfc062723c751e8b465ee728b)
Start importing Assets/Scripts/Crystal.cs using Guid(d59da744eb441fb43a977a4b91997b2f) Importer(815301076,1909f56bfc062723c751e8b465ee728b)  -> (artifact id: '967bf078be472ec63a6799a12b2d40cd') in 0.007338 seconds 
  Import took 0.011881 seconds .

========================================================================
Received Import Request.
  Time since last request: 35.964269 seconds.
  path: Assets/Scripts/Crystal.cs
  artifactKey: Guid(d59da744eb441fb43a977a4b91997b2f) Importer(815301076,1909f56bfc062723c751e8b465ee728b)
Start importing Assets/Scripts/Crystal.cs using Guid(d59da744eb441fb43a977a4b91997b2f) Importer(815301076,1909f56bfc062723c751e8b465ee728b)  -> (artifact id: 'e07b94ae1844f4b7a0ee54d6deabf63c') in 0.007727 seconds 
  Import took 0.013815 seconds .

========================================================================
Received Import Request.
  Time since last request: 11.925785 seconds.
  path: Assets/Scripts/Crystal.cs
  artifactKey: Guid(d59da744eb441fb43a977a4b91997b2f) Importer(815301076,1909f56bfc062723c751e8b465ee728b)
Start importing Assets/Scripts/Crystal.cs using Guid(d59da744eb441fb43a977a4b91997b2f) Importer(815301076,1909f56bfc062723c751e8b465ee728b)  -> (artifact id: 'c658d9f518169e5f7a37b56c494ca380') in 0.011925 seconds 
  Import took 0.020945 seconds .

========================================================================
Received Import Request.
  Time since last request: 27.899850 seconds.
  path: Assets/Scripts/Crystal.cs
  artifactKey: Guid(d59da744eb441fb43a977a4b91997b2f) Importer(815301076,1909f56bfc062723c751e8b465ee728b)
Start importing Assets/Scripts/Crystal.cs using Guid(d59da744eb441fb43a977a4b91997b2f) Importer(815301076,1909f56bfc062723c751e8b465ee728b)  -> (artifact id: '83f2ab741e8d5f05fcf44fdab0f2bb8f') in 0.012457 seconds 
  Import took 0.021702 seconds .

========================================================================
Received Import Request.
  Time since last request: 4.208745 seconds.
  path: Assets/Scripts/Crystal.cs
  artifactKey: Guid(d59da744eb441fb43a977a4b91997b2f) Importer(815301076,1909f56bfc062723c751e8b465ee728b)
Start importing Assets/Scripts/Crystal.cs using Guid(d59da744eb441fb43a977a4b91997b2f) Importer(815301076,1909f56bfc062723c751e8b465ee728b)  -> (artifact id: 'f1aa2d9a3d40f21eef6624fbb034e7bf') in 0.011747 seconds 
  Import took 0.021413 seconds .

========================================================================
Received Import Request.
  Time since last request: 11.317367 seconds.
  path: Assets/Scripts/Crystal.cs
  artifactKey: Guid(d59da744eb441fb43a977a4b91997b2f) Importer(815301076,1909f56bfc062723c751e8b465ee728b)
Start importing Assets/Scripts/Crystal.cs using Guid(d59da744eb441fb43a977a4b91997b2f) Importer(815301076,1909f56bfc062723c751e8b465ee728b)  -> (artifact id: 'ad3a4b58b5b9abf0ede55d900f92952b') in 0.006718 seconds 
  Import took 0.015492 seconds .

========================================================================
Received Import Request.
  Time since last request: 10.829786 seconds.
  path: Assets/Scripts/Crystal.cs
  artifactKey: Guid(d59da744eb441fb43a977a4b91997b2f) Importer(815301076,1909f56bfc062723c751e8b465ee728b)
Start importing Assets/Scripts/Crystal.cs using Guid(d59da744eb441fb43a977a4b91997b2f) Importer(815301076,1909f56bfc062723c751e8b465ee728b)  -> (artifact id: '16f38d9fa0a0f6dc33a5294de84acaca') in 0.012553 seconds 
  Import took 0.020962 seconds .

========================================================================
Received Import Request.
  Time since last request: 11.703691 seconds.
  path: Assets/Scripts/Crystal.cs
  artifactKey: Guid(d59da744eb441fb43a977a4b91997b2f) Importer(815301076,1909f56bfc062723c751e8b465ee728b)
Start importing Assets/Scripts/Crystal.cs using Guid(d59da744eb441fb43a977a4b91997b2f) Importer(815301076,1909f56bfc062723c751e8b465ee728b)  -> (artifact id: 'f6518f6c93c290238f4cea83051a79b4') in 0.007447 seconds 
  Import took 0.012841 seconds .

========================================================================
Received Import Request.
  Time since last request: 11.986904 seconds.
  path: Assets/Scripts/Crystal.cs
  artifactKey: Guid(d59da744eb441fb43a977a4b91997b2f) Importer(815301076,1909f56bfc062723c751e8b465ee728b)
Start importing Assets/Scripts/Crystal.cs using Guid(d59da744eb441fb43a977a4b91997b2f) Importer(815301076,1909f56bfc062723c751e8b465ee728b)  -> (artifact id: '6f4148264abc7e8d852472b81a18f683') in 0.008591 seconds 
  Import took 0.016910 seconds .

========================================================================
Received Import Request.
  Time since last request: 4.268705 seconds.
  path: Assets/Scripts/Crystal.cs
  artifactKey: Guid(d59da744eb441fb43a977a4b91997b2f) Importer(815301076,1909f56bfc062723c751e8b465ee728b)
Start importing Assets/Scripts/Crystal.cs using Guid(d59da744eb441fb43a977a4b91997b2f) Importer(815301076,1909f56bfc062723c751e8b465ee728b)  -> (artifact id: '3b7611ffeb6f4b7831511aa95cf47800') in 0.008727 seconds 
  Import took 0.018421 seconds .

========================================================================
Received Import Request.
  Time since last request: 27.239145 seconds.
  path: Assets/Scripts/Crystal.cs
  artifactKey: Guid(d59da744eb441fb43a977a4b91997b2f) Importer(815301076,1909f56bfc062723c751e8b465ee728b)
Start importing Assets/Scripts/Crystal.cs using Guid(d59da744eb441fb43a977a4b91997b2f) Importer(815301076,1909f56bfc062723c751e8b465ee728b)  -> (artifact id: '18d0d43cdbb3d00864aed5656b1eaf61') in 0.046938 seconds 
  Import took 0.084660 seconds .

========================================================================
Received Import Request.
  Time since last request: 12.307580 seconds.
  path: Assets/Scripts/Crystal.cs
  artifactKey: Guid(d59da744eb441fb43a977a4b91997b2f) Importer(815301076,1909f56bfc062723c751e8b465ee728b)
Start importing Assets/Scripts/Crystal.cs using Guid(d59da744eb441fb43a977a4b91997b2f) Importer(815301076,1909f56bfc062723c751e8b465ee728b)  -> (artifact id: 'a491f2acaab66571bc43ef26c6e2fd8e') in 0.011436 seconds 
  Import took 0.021018 seconds .

========================================================================
Received Import Request.
  Time since last request: 10.969023 seconds.
  path: Assets/Scripts/Crystal.cs
  artifactKey: Guid(d59da744eb441fb43a977a4b91997b2f) Importer(815301076,1909f56bfc062723c751e8b465ee728b)
Start importing Assets/Scripts/Crystal.cs using Guid(d59da744eb441fb43a977a4b91997b2f) Importer(815301076,1909f56bfc062723c751e8b465ee728b)  -> (artifact id: '26e10089f05aa951bb4c87eeb2f7251e') in 0.007735 seconds 
  Import took 0.016415 seconds .

========================================================================
Received Import Request.
  Time since last request: 12.973004 seconds.
  path: Assets/Scripts/Crystal.cs
  artifactKey: Guid(d59da744eb441fb43a977a4b91997b2f) Importer(815301076,1909f56bfc062723c751e8b465ee728b)
Start importing Assets/Scripts/Crystal.cs using Guid(d59da744eb441fb43a977a4b91997b2f) Importer(815301076,1909f56bfc062723c751e8b465ee728b)  -> (artifact id: 'c23eb86b2be0579d50043196f87ca56c') in 0.007518 seconds 
  Import took 0.016554 seconds .

========================================================================
Received Import Request.
  Time since last request: 8.819255 seconds.
  path: Assets/Scripts/Crystal.cs
  artifactKey: Guid(d59da744eb441fb43a977a4b91997b2f) Importer(815301076,1909f56bfc062723c751e8b465ee728b)
Start importing Assets/Scripts/Crystal.cs using Guid(d59da744eb441fb43a977a4b91997b2f) Importer(815301076,1909f56bfc062723c751e8b465ee728b)  -> (artifact id: 'cd37e9bf6d9b9067b468e02ea70513af') in 0.019806 seconds 
  Import took 0.026142 seconds .

========================================================================
Received Import Request.
  Time since last request: 1.328386 seconds.
  path: Assets/Scripts/Crystal.cs
  artifactKey: Guid(d59da744eb441fb43a977a4b91997b2f) Importer(815301076,1909f56bfc062723c751e8b465ee728b)
Start importing Assets/Scripts/Crystal.cs using Guid(d59da744eb441fb43a977a4b91997b2f) Importer(815301076,1909f56bfc062723c751e8b465ee728b)  -> (artifact id: 'f3473843f79e5611bd7adab80f5575a4') in 0.018766 seconds 
  Import took 0.035271 seconds .

========================================================================
Received Import Request.
  Time since last request: 3.358328 seconds.
  path: Assets/Scripts/Crystal.cs
  artifactKey: Guid(d59da744eb441fb43a977a4b91997b2f) Importer(815301076,1909f56bfc062723c751e8b465ee728b)
Start importing Assets/Scripts/Crystal.cs using Guid(d59da744eb441fb43a977a4b91997b2f) Importer(815301076,1909f56bfc062723c751e8b465ee728b)  -> (artifact id: '0452386559bba263f794792ad6399615') in 0.010224 seconds 
  Import took 0.021448 seconds .

========================================================================
Received Import Request.
  Time since last request: 10.092513 seconds.
  path: Assets/Scripts/Crystal.cs
  artifactKey: Guid(d59da744eb441fb43a977a4b91997b2f) Importer(815301076,1909f56bfc062723c751e8b465ee728b)
Start importing Assets/Scripts/Crystal.cs using Guid(d59da744eb441fb43a977a4b91997b2f) Importer(815301076,1909f56bfc062723c751e8b465ee728b)  -> (artifact id: '3c0e8cf979a2a585de09813a48f2c8f0') in 0.012721 seconds 
  Import took 0.020921 seconds .

========================================================================
Received Import Request.
  Time since last request: 32.668012 seconds.
  path: Assets/Scripts/Crystal.cs
  artifactKey: Guid(d59da744eb441fb43a977a4b91997b2f) Importer(815301076,1909f56bfc062723c751e8b465ee728b)
Start importing Assets/Scripts/Crystal.cs using Guid(d59da744eb441fb43a977a4b91997b2f) Importer(815301076,1909f56bfc062723c751e8b465ee728b)  -> (artifact id: '00204cf553ded7383943fe280a630126') in 0.007622 seconds 
  Import took 0.017002 seconds .

========================================================================
Received Import Request.
  Time since last request: 11.487856 seconds.
  path: Assets/Scripts/Crystal.cs
  artifactKey: Guid(d59da744eb441fb43a977a4b91997b2f) Importer(815301076,1909f56bfc062723c751e8b465ee728b)
Start importing Assets/Scripts/Crystal.cs using Guid(d59da744eb441fb43a977a4b91997b2f) Importer(815301076,1909f56bfc062723c751e8b465ee728b)  -> (artifact id: 'b852f134595e117e01877923052cb5af') in 0.008684 seconds 
  Import took 0.013994 seconds .

========================================================================
Received Import Request.
  Time since last request: 22.662970 seconds.
  path: Assets/Scripts/Crystal.cs
  artifactKey: Guid(d59da744eb441fb43a977a4b91997b2f) Importer(815301076,1909f56bfc062723c751e8b465ee728b)
Start importing Assets/Scripts/Crystal.cs using Guid(d59da744eb441fb43a977a4b91997b2f) Importer(815301076,1909f56bfc062723c751e8b465ee728b)  -> (artifact id: '6938c0ae297540aba0fbec274e90cefb') in 0.014022 seconds 
  Import took 0.023308 seconds .

========================================================================
Received Import Request.
  Time since last request: 20.275274 seconds.
  path: Assets/Scripts/Crystal.cs
  artifactKey: Guid(d59da744eb441fb43a977a4b91997b2f) Importer(815301076,1909f56bfc062723c751e8b465ee728b)
Start importing Assets/Scripts/Crystal.cs using Guid(d59da744eb441fb43a977a4b91997b2f) Importer(815301076,1909f56bfc062723c751e8b465ee728b)  -> (artifact id: '176552f01c12ae41436d5ec9644833c7') in 0.016189 seconds 
  Import took 0.025709 seconds .

========================================================================
Received Import Request.
  Time since last request: 9.196309 seconds.
  path: Assets/Scripts/Crystal.cs
  artifactKey: Guid(d59da744eb441fb43a977a4b91997b2f) Importer(815301076,1909f56bfc062723c751e8b465ee728b)
Start importing Assets/Scripts/Crystal.cs using Guid(d59da744eb441fb43a977a4b91997b2f) Importer(815301076,1909f56bfc062723c751e8b465ee728b)  -> (artifact id: 'b4c360e153d4322df0caef8e5326d749') in 0.007271 seconds 
  Import took 0.016359 seconds .

========================================================================
Received Import Request.
  Time since last request: 12.328043 seconds.
  path: Assets/Scripts/Crystal.cs
  artifactKey: Guid(d59da744eb441fb43a977a4b91997b2f) Importer(815301076,1909f56bfc062723c751e8b465ee728b)
Start importing Assets/Scripts/Crystal.cs using Guid(d59da744eb441fb43a977a4b91997b2f) Importer(815301076,1909f56bfc062723c751e8b465ee728b)  -> (artifact id: '87c88ac801daa956121cc3304b6019b5') in 0.009853 seconds 
  Import took 0.018497 seconds .

========================================================================
Received Import Request.
  Time since last request: 5.462699 seconds.
  path: Assets/Scripts/Crystal.cs
  artifactKey: Guid(d59da744eb441fb43a977a4b91997b2f) Importer(815301076,1909f56bfc062723c751e8b465ee728b)
Start importing Assets/Scripts/Crystal.cs using Guid(d59da744eb441fb43a977a4b91997b2f) Importer(815301076,1909f56bfc062723c751e8b465ee728b)  -> (artifact id: 'a0b7c2373b327be100f5b5bd61f89c9d') in 0.011493 seconds 
  Import took 0.022294 seconds .

========================================================================
Received Import Request.
  Time since last request: 5.065399 seconds.
  path: Assets/Scripts/Crystal.cs
  artifactKey: Guid(d59da744eb441fb43a977a4b91997b2f) Importer(815301076,1909f56bfc062723c751e8b465ee728b)
Start importing Assets/Scripts/Crystal.cs using Guid(d59da744eb441fb43a977a4b91997b2f) Importer(815301076,1909f56bfc062723c751e8b465ee728b)  -> (artifact id: '00df8013a6fdd28c0b7f48b34df06196') in 0.011722 seconds 
  Import took 0.016900 seconds .

========================================================================
Received Import Request.
  Time since last request: 4.197437 seconds.
  path: Assets/Scripts/Crystal.cs
  artifactKey: Guid(d59da744eb441fb43a977a4b91997b2f) Importer(815301076,1909f56bfc062723c751e8b465ee728b)
Start importing Assets/Scripts/Crystal.cs using Guid(d59da744eb441fb43a977a4b91997b2f) Importer(815301076,1909f56bfc062723c751e8b465ee728b)  -> (artifact id: '404981e18b8b79d6d78b20541054573c') in 0.036613 seconds 
  Import took 0.056471 seconds .

========================================================================
Received Import Request.
  Time since last request: 4.447337 seconds.
  path: Assets/Scripts/Crystal.cs
  artifactKey: Guid(d59da744eb441fb43a977a4b91997b2f) Importer(815301076,1909f56bfc062723c751e8b465ee728b)
Start importing Assets/Scripts/Crystal.cs using Guid(d59da744eb441fb43a977a4b91997b2f) Importer(815301076,1909f56bfc062723c751e8b465ee728b)  -> (artifact id: '9bf2a35d392b4bda1c77b170e618134a') in 0.007724 seconds 
  Import took 0.012094 seconds .

========================================================================
Received Import Request.
  Time since last request: 14.844400 seconds.
  path: Assets/Scripts/Crystal.cs
  artifactKey: Guid(d59da744eb441fb43a977a4b91997b2f) Importer(815301076,1909f56bfc062723c751e8b465ee728b)
Start importing Assets/Scripts/Crystal.cs using Guid(d59da744eb441fb43a977a4b91997b2f) Importer(815301076,1909f56bfc062723c751e8b465ee728b)  -> (artifact id: 'd04606a6c4c118d09f5da6b4729a4e39') in 0.007387 seconds 
  Import took 0.012391 seconds .

========================================================================
Received Import Request.
  Time since last request: 4.501321 seconds.
  path: Assets/Scripts/Crystal.cs
  artifactKey: Guid(d59da744eb441fb43a977a4b91997b2f) Importer(815301076,1909f56bfc062723c751e8b465ee728b)
Start importing Assets/Scripts/Crystal.cs using Guid(d59da744eb441fb43a977a4b91997b2f) Importer(815301076,1909f56bfc062723c751e8b465ee728b)  -> (artifact id: 'ac1298d09443b73dd09bd89c3a08e05b') in 0.015083 seconds 
  Import took 0.027081 seconds .

========================================================================
Received Import Request.
  Time since last request: 11.171605 seconds.
  path: Assets/Scripts/Crystal.cs
  artifactKey: Guid(d59da744eb441fb43a977a4b91997b2f) Importer(815301076,1909f56bfc062723c751e8b465ee728b)
Start importing Assets/Scripts/Crystal.cs using Guid(d59da744eb441fb43a977a4b91997b2f) Importer(815301076,1909f56bfc062723c751e8b465ee728b)  -> (artifact id: '6f357fea8cd742e38e4127c19e30c4f3') in 0.011553 seconds 
  Import took 0.016175 seconds .

========================================================================
Received Import Request.
  Time since last request: 3.249067 seconds.
  path: Assets/Scripts/Crystal.cs
  artifactKey: Guid(d59da744eb441fb43a977a4b91997b2f) Importer(815301076,1909f56bfc062723c751e8b465ee728b)
Start importing Assets/Scripts/Crystal.cs using Guid(d59da744eb441fb43a977a4b91997b2f) Importer(815301076,1909f56bfc062723c751e8b465ee728b)  -> (artifact id: 'd6b6e8994e0ecb348217c5e2d51564e7') in 0.007180 seconds 
  Import took 0.016548 seconds .

========================================================================
Received Import Request.
  Time since last request: 5.705744 seconds.
  path: Assets/Scripts/Crystal.cs
  artifactKey: Guid(d59da744eb441fb43a977a4b91997b2f) Importer(815301076,1909f56bfc062723c751e8b465ee728b)
Start importing Assets/Scripts/Crystal.cs using Guid(d59da744eb441fb43a977a4b91997b2f) Importer(815301076,1909f56bfc062723c751e8b465ee728b)  -> (artifact id: '029d932de7146dfac38dc991f36b68aa') in 0.008396 seconds 
  Import took 0.017119 seconds .

========================================================================
Received Import Request.
  Time since last request: 3.522180 seconds.
  path: Assets/Scripts/Crystal.cs
  artifactKey: Guid(d59da744eb441fb43a977a4b91997b2f) Importer(815301076,1909f56bfc062723c751e8b465ee728b)
Start importing Assets/Scripts/Crystal.cs using Guid(d59da744eb441fb43a977a4b91997b2f) Importer(815301076,1909f56bfc062723c751e8b465ee728b)  -> (artifact id: 'e0455f060071fb1a9802d29542dac1c1') in 0.011496 seconds 
  Import took 0.016965 seconds .

========================================================================
Received Import Request.
  Time since last request: 3.272320 seconds.
  path: Assets/Scripts/Crystal.cs
  artifactKey: Guid(d59da744eb441fb43a977a4b91997b2f) Importer(815301076,1909f56bfc062723c751e8b465ee728b)
Start importing Assets/Scripts/Crystal.cs using Guid(d59da744eb441fb43a977a4b91997b2f) Importer(815301076,1909f56bfc062723c751e8b465ee728b)  -> (artifact id: '21ed74ff24b98c70f21af4a965fec59f') in 0.008827 seconds 
  Import took 0.014043 seconds .

========================================================================
Received Import Request.
  Time since last request: 10.465081 seconds.
  path: Assets/Scripts/Crystal.cs
  artifactKey: Guid(d59da744eb441fb43a977a4b91997b2f) Importer(815301076,1909f56bfc062723c751e8b465ee728b)
Start importing Assets/Scripts/Crystal.cs using Guid(d59da744eb441fb43a977a4b91997b2f) Importer(815301076,1909f56bfc062723c751e8b465ee728b)  -> (artifact id: 'a0c3ca37a300d7eb37499d9598e58ebc') in 0.008976 seconds 
  Import took 0.017591 seconds .

========================================================================
Received Import Request.
  Time since last request: 3.225629 seconds.
  path: Assets/Scripts/Crystal.cs
  artifactKey: Guid(d59da744eb441fb43a977a4b91997b2f) Importer(815301076,1909f56bfc062723c751e8b465ee728b)
Start importing Assets/Scripts/Crystal.cs using Guid(d59da744eb441fb43a977a4b91997b2f) Importer(815301076,1909f56bfc062723c751e8b465ee728b)  -> (artifact id: '938fef0f3e17b4602480040dc9a7ec8c') in 0.007455 seconds 
  Import took 0.017005 seconds .

========================================================================
Received Import Request.
  Time since last request: 8.175566 seconds.
  path: Assets/Scripts/Crystal.cs
  artifactKey: Guid(d59da744eb441fb43a977a4b91997b2f) Importer(815301076,1909f56bfc062723c751e8b465ee728b)
Start importing Assets/Scripts/Crystal.cs using Guid(d59da744eb441fb43a977a4b91997b2f) Importer(815301076,1909f56bfc062723c751e8b465ee728b)  -> (artifact id: '12160f5e0f76689d4c9b41a15cef5a4e') in 0.007529 seconds 
  Import took 0.012129 seconds .

========================================================================
Received Import Request.
  Time since last request: 14.541899 seconds.
  path: Assets/Scripts/Crystal.cs
  artifactKey: Guid(d59da744eb441fb43a977a4b91997b2f) Importer(815301076,1909f56bfc062723c751e8b465ee728b)
Start importing Assets/Scripts/Crystal.cs using Guid(d59da744eb441fb43a977a4b91997b2f) Importer(815301076,1909f56bfc062723c751e8b465ee728b)  -> (artifact id: 'af95224a775f5dc09aacd54268221e87') in 0.007966 seconds 
  Import took 0.017840 seconds .

========================================================================
Received Import Request.
  Time since last request: 4.382554 seconds.
  path: Assets/Scripts/Crystal.cs
  artifactKey: Guid(d59da744eb441fb43a977a4b91997b2f) Importer(815301076,1909f56bfc062723c751e8b465ee728b)
Start importing Assets/Scripts/Crystal.cs using Guid(d59da744eb441fb43a977a4b91997b2f) Importer(815301076,1909f56bfc062723c751e8b465ee728b)  -> (artifact id: 'bd397fc438e54fc34d0bc6d02df81968') in 0.013294 seconds 
  Import took 0.018326 seconds .

========================================================================
Received Import Request.
  Time since last request: 3.972085 seconds.
  path: Assets/Scripts/Crystal.cs
  artifactKey: Guid(d59da744eb441fb43a977a4b91997b2f) Importer(815301076,1909f56bfc062723c751e8b465ee728b)
Start importing Assets/Scripts/Crystal.cs using Guid(d59da744eb441fb43a977a4b91997b2f) Importer(815301076,1909f56bfc062723c751e8b465ee728b)  -> (artifact id: '09e47d99a0f6036a546d280888244109') in 0.016690 seconds 
  Import took 0.026090 seconds .

========================================================================
Received Import Request.
  Time since last request: 8.357435 seconds.
  path: Assets/Scripts/Crystal.cs
  artifactKey: Guid(d59da744eb441fb43a977a4b91997b2f) Importer(815301076,1909f56bfc062723c751e8b465ee728b)
Start importing Assets/Scripts/Crystal.cs using Guid(d59da744eb441fb43a977a4b91997b2f) Importer(815301076,1909f56bfc062723c751e8b465ee728b)  -> (artifact id: '4cda10039ce6743eaf03253e0429bf4b') in 0.010291 seconds 
  Import took 0.019440 seconds .

========================================================================
Received Import Request.
  Time since last request: 11.580801 seconds.
  path: Assets/Scripts/Crystal.cs
  artifactKey: Guid(d59da744eb441fb43a977a4b91997b2f) Importer(815301076,1909f56bfc062723c751e8b465ee728b)
Start importing Assets/Scripts/Crystal.cs using Guid(d59da744eb441fb43a977a4b91997b2f) Importer(815301076,1909f56bfc062723c751e8b465ee728b)  -> (artifact id: 'cb7a411c831b39cfe9b1b90aa1d6b05c') in 0.007136 seconds 
  Import took 0.016914 seconds .

========================================================================
Received Import Request.
  Time since last request: 4.822574 seconds.
  path: Assets/Scripts/Crystal.cs
  artifactKey: Guid(d59da744eb441fb43a977a4b91997b2f) Importer(815301076,1909f56bfc062723c751e8b465ee728b)
Start importing Assets/Scripts/Crystal.cs using Guid(d59da744eb441fb43a977a4b91997b2f) Importer(815301076,1909f56bfc062723c751e8b465ee728b)  -> (artifact id: '08ad9add34cf70c63b0d9dbdd6ea8a8f') in 0.060759 seconds 
  Import took 0.065757 seconds .

========================================================================
Received Import Request.
  Time since last request: 16.176614 seconds.
  path: Assets/Scripts/Crystal.cs
  artifactKey: Guid(d59da744eb441fb43a977a4b91997b2f) Importer(815301076,1909f56bfc062723c751e8b465ee728b)
Start importing Assets/Scripts/Crystal.cs using Guid(d59da744eb441fb43a977a4b91997b2f) Importer(815301076,1909f56bfc062723c751e8b465ee728b)  -> (artifact id: '96b640d748f4ff50abca936f51c01b7f') in 0.017417 seconds 
  Import took 0.026184 seconds .

========================================================================
Received Import Request.
  Time since last request: 29.468985 seconds.
  path: Assets/Scripts/Crystal.cs
  artifactKey: Guid(d59da744eb441fb43a977a4b91997b2f) Importer(815301076,1909f56bfc062723c751e8b465ee728b)
Start importing Assets/Scripts/Crystal.cs using Guid(d59da744eb441fb43a977a4b91997b2f) Importer(815301076,1909f56bfc062723c751e8b465ee728b)  -> (artifact id: 'aea1f384b9ee7b969887daf9953e06cb') in 0.013552 seconds 
  Import took 0.023229 seconds .

========================================================================
Received Import Request.
  Time since last request: 25.947667 seconds.
  path: Assets/Scripts/Crystal.cs
  artifactKey: Guid(d59da744eb441fb43a977a4b91997b2f) Importer(815301076,1909f56bfc062723c751e8b465ee728b)
Start importing Assets/Scripts/Crystal.cs using Guid(d59da744eb441fb43a977a4b91997b2f) Importer(815301076,1909f56bfc062723c751e8b465ee728b)  -> (artifact id: '93c3b4ccde66bc8509f9e28085c1a190') in 0.007981 seconds 
  Import took 0.016993 seconds .

========================================================================
Received Import Request.
  Time since last request: 12.087660 seconds.
  path: Assets/Scripts/Crystal.cs
  artifactKey: Guid(d59da744eb441fb43a977a4b91997b2f) Importer(815301076,1909f56bfc062723c751e8b465ee728b)
Start importing Assets/Scripts/Crystal.cs using Guid(d59da744eb441fb43a977a4b91997b2f) Importer(815301076,1909f56bfc062723c751e8b465ee728b)  -> (artifact id: '1c5990a1a017b10e8903ffa28002cd84') in 0.008306 seconds 
  Import took 0.017207 seconds .

========================================================================
Received Import Request.
  Time since last request: 23.746872 seconds.
  path: Assets/Scripts/Crystal.cs
  artifactKey: Guid(d59da744eb441fb43a977a4b91997b2f) Importer(815301076,1909f56bfc062723c751e8b465ee728b)
Start importing Assets/Scripts/Crystal.cs using Guid(d59da744eb441fb43a977a4b91997b2f) Importer(815301076,1909f56bfc062723c751e8b465ee728b)  -> (artifact id: '0f11f90eec7cf74d42f7be0c39910d26') in 0.008077 seconds 
  Import took 0.016595 seconds .

========================================================================
Received Import Request.
  Time since last request: 18.427816 seconds.
  path: Assets/Scripts/Crystal.cs
  artifactKey: Guid(d59da744eb441fb43a977a4b91997b2f) Importer(815301076,1909f56bfc062723c751e8b465ee728b)
Start importing Assets/Scripts/Crystal.cs using Guid(d59da744eb441fb43a977a4b91997b2f) Importer(815301076,1909f56bfc062723c751e8b465ee728b)  -> (artifact id: '39f5e59d7433ff5f78301d668a94f83c') in 0.007432 seconds 
  Import took 0.016807 seconds .

========================================================================
Received Import Request.
  Time since last request: 21.841228 seconds.
  path: Assets/Scripts/Crystal.cs
  artifactKey: Guid(d59da744eb441fb43a977a4b91997b2f) Importer(815301076,1909f56bfc062723c751e8b465ee728b)
Start importing Assets/Scripts/Crystal.cs using Guid(d59da744eb441fb43a977a4b91997b2f) Importer(815301076,1909f56bfc062723c751e8b465ee728b)  -> (artifact id: 'd25af62d10decaf6e8607d7c11ffefb0') in 0.007576 seconds 
  Import took 0.011938 seconds .

========================================================================
Received Prepare
Registering precompiled user dll's ...
Registered in 0.014937 seconds.
Begin MonoManager ReloadAssembly
Native extension for WindowsStandalone target not found
Refreshing native plugins compatible for Editor in 0.94 ms, found 16 plugins.
Preloading 2 native plugins for Editor in 0.20 ms.
System.Reflection.TargetInvocationException: Exception has been thrown by the target of an invocation. ---> System.NullReferenceException: Object reference not set to an instance of an object
  at Unity.XR.Oculus.OculusLoader.AssetPathToAbsolutePath (System.String assetPath) [0x00048] in C:\Users\erlen\Documents\Github\Crystallographic-Reality\Crystallographic Reality\Library\PackageCache\com.unity.xr.oculus@1.9.1\Runtime\OculusLoader.cs:249 
  at Unity.XR.Oculus.OculusLoader.EditorLoadOVRPlugin () [0x0007b] in C:\Users\erlen\Documents\Github\Crystallographic-Reality\Crystallographic Reality\Library\PackageCache\com.unity.xr.oculus@1.9.1\Runtime\OculusLoader.cs:234 
  at (wrapper managed-to-native) System.Reflection.MonoMethod.InternalInvoke(System.Reflection.MonoMethod,object,object[],System.Exception&)
  at System.Reflection.MonoMethod.Invoke (System.Object obj, System.Reflection.BindingFlags invokeAttr, System.Reflection.Binder binder, System.Object[] parameters, System.Globalization.CultureInfo culture) [0x00032] in <695d1cc93cca45069c528c15c9fdd749>:0 
   --- End of inner exception stack trace ---
  at System.Reflection.MonoMethod.Invoke (System.Object obj, System.Reflection.BindingFlags invokeAttr, System.Reflection.Binder binder, System.Object[] parameters, System.Globalization.CultureInfo culture) [0x00048] in <695d1cc93cca45069c528c15c9fdd749>:0 
  at System.Reflection.MethodBase.Invoke (System.Object obj, System.Object[] parameters) [0x00000] in <695d1cc93cca45069c528c15c9fdd749>:0 
  at UnityEditor.EditorAssemblies.ProcessInitializeOnLoadMethodAttributes () [0x00047] in <ef3b6bf002d8435a97b4e938f6c49b02>:0 
UnityEngine.StackTraceUtility:ExtractStackTrace ()
UnityEngine.DebugLogHandler:LogFormat (UnityEngine.LogType,UnityEngine.Object,string,object[])
UnityEngine.Logger:Log (UnityEngine.LogType,object)
UnityEngine.Debug:LogError (object)
UnityEditor.EditorAssemblies:ProcessInitializeOnLoadMethodAttributes ()

Mono: successfully reloaded assembly
- Completed reload, in  2.073 seconds
Domain Reload Profiling:
	ReloadAssembly (2074ms)
		BeginReloadAssembly (159ms)
			ExecutionOrderSort (0ms)
			DisableScriptedObjects (5ms)
			BackupInstance (0ms)
			ReleaseScriptingObjects (0ms)
			CreateAndSetChildDomain (62ms)
		EndReloadAssembly (1832ms)
			LoadAssemblies (174ms)
			RebuildTransferFunctionScriptingTraits (0ms)
			SetupTypeCache (437ms)
			ReleaseScriptCaches (1ms)
			RebuildScriptCaches (176ms)
			SetupLoadedEditorAssemblies (823ms)
				LogAssemblyErrors (0ms)
				InitializePlatformSupportModulesInManaged (5ms)
				SetLoadedEditorAssemblies (1ms)
				RefreshPlugins (1ms)
				BeforeProcessingInitializeOnLoad (117ms)
				ProcessInitializeOnLoadAttributes (674ms)
				ProcessInitializeOnLoadMethodAttributes (18ms)
				AfterProcessingInitializeOnLoad (8ms)
				EditorAssembliesLoaded (0ms)
			ExecutionOrderSort2 (0ms)
			AwakeInstancesAfterBackupRestoration (11ms)
Platform modules already initialized, skipping
Refreshing native plugins compatible for Editor in 1.02 ms, found 16 plugins.
Preloading 2 native plugins for Editor in 0.18 ms.
Unloading 2357 Unused Serialized files (Serialized files now loaded: 0)
System memory in use before: 125.9 MB.
System memory in use after: 126.1 MB.

Unloading 32 unused Assets to reduce memory usage. Loaded Objects now: 2912.
Total: 3.807700 ms (FindLiveObjects: 0.326100 ms CreateObjectMapping: 0.128300 ms MarkObjects: 3.318700 ms  DeleteObjects: 0.033100 ms)

AssetImportParameters requested are different than current active one (requested -> active):
  custom:framework-win-MediaFoundation: 216162199b28c13a410421893ffa2e32 -> 
  custom:video-decoder-ogg-theora: a1e56fd34408186e4bbccfd4996cb3dc -> 
  custom:container-muxer-webm: aa71ff27fc2769a1b78a27578f13a17b -> 
  custom:container-demuxer-webm: 4f35f7cbe854078d1ac9338744f61a02 -> 
  custom:container-demuxer-ogg: 62fdf1f143b41e24485cea50d1cbac27 -> 
  custom:video-encoder-webm-vp8: eb34c28f22e8b96e1ab97ce403110664 -> 
  custom:video-codec-MediaFoundation-h265: 746d11721c4dcdbdad8f713fa42b33f4 -> 
  custom:video-decoder-webm-vp8: 9c59270c3fd7afecdb556c50c9e8de78 -> 
  custom:audio-decoder-ogg-vorbis: bf7c407c2cedff20999df2af8eb42d56 -> 
  custom:audio-encoder-webm-vorbis: bf7c407c2cedff20999df2af8eb42d56 -> 
========================================================================
Received Import Request.
  Time since last request: 42.820709 seconds.
  path: Assets/Scripts/Crystal.cs
  artifactKey: Guid(d59da744eb441fb43a977a4b91997b2f) Importer(815301076,1909f56bfc062723c751e8b465ee728b)
Start importing Assets/Scripts/Crystal.cs using Guid(d59da744eb441fb43a977a4b91997b2f) Importer(815301076,1909f56bfc062723c751e8b465ee728b)  -> (artifact id: 'ab640ef1deb76d657c5f389b8c05bccf') in 0.021025 seconds 
  Import took 0.038585 seconds .

========================================================================
Received Prepare
Registering precompiled user dll's ...
Registered in 0.016414 seconds.
Begin MonoManager ReloadAssembly
Native extension for WindowsStandalone target not found
Refreshing native plugins compatible for Editor in 1.05 ms, found 16 plugins.
Preloading 2 native plugins for Editor in 0.20 ms.
System.Reflection.TargetInvocationException: Exception has been thrown by the target of an invocation. ---> System.NullReferenceException: Object reference not set to an instance of an object
  at Unity.XR.Oculus.OculusLoader.AssetPathToAbsolutePath (System.String assetPath) [0x00048] in C:\Users\erlen\Documents\Github\Crystallographic-Reality\Crystallographic Reality\Library\PackageCache\com.unity.xr.oculus@1.9.1\Runtime\OculusLoader.cs:249 
  at Unity.XR.Oculus.OculusLoader.EditorLoadOVRPlugin () [0x0007b] in C:\Users\erlen\Documents\Github\Crystallographic-Reality\Crystallographic Reality\Library\PackageCache\com.unity.xr.oculus@1.9.1\Runtime\OculusLoader.cs:234 
  at (wrapper managed-to-native) System.Reflection.MonoMethod.InternalInvoke(System.Reflection.MonoMethod,object,object[],System.Exception&)
  at System.Reflection.MonoMethod.Invoke (System.Object obj, System.Reflection.BindingFlags invokeAttr, System.Reflection.Binder binder, System.Object[] parameters, System.Globalization.CultureInfo culture) [0x00032] in <695d1cc93cca45069c528c15c9fdd749>:0 
   --- End of inner exception stack trace ---
  at System.Reflection.MonoMethod.Invoke (System.Object obj, System.Reflection.BindingFlags invokeAttr, System.Reflection.Binder binder, System.Object[] parameters, System.Globalization.CultureInfo culture) [0x00048] in <695d1cc93cca45069c528c15c9fdd749>:0 
  at System.Reflection.MethodBase.Invoke (System.Object obj, System.Object[] parameters) [0x00000] in <695d1cc93cca45069c528c15c9fdd749>:0 
  at UnityEditor.EditorAssemblies.ProcessInitializeOnLoadMethodAttributes () [0x00047] in <ef3b6bf002d8435a97b4e938f6c49b02>:0 
UnityEngine.StackTraceUtility:ExtractStackTrace ()
UnityEngine.DebugLogHandler:LogFormat (UnityEngine.LogType,UnityEngine.Object,string,object[])
UnityEngine.Logger:Log (UnityEngine.LogType,object)
UnityEngine.Debug:LogError (object)
UnityEditor.EditorAssemblies:ProcessInitializeOnLoadMethodAttributes ()

Mono: successfully reloaded assembly
- Completed reload, in  1.967 seconds
Domain Reload Profiling:
	ReloadAssembly (1968ms)
		BeginReloadAssembly (227ms)
			ExecutionOrderSort (0ms)
			DisableScriptedObjects (6ms)
			BackupInstance (0ms)
			ReleaseScriptingObjects (0ms)
			CreateAndSetChildDomain (39ms)
		EndReloadAssembly (1638ms)
			LoadAssemblies (231ms)
			RebuildTransferFunctionScriptingTraits (0ms)
			SetupTypeCache (531ms)
			ReleaseScriptCaches (1ms)
			RebuildScriptCaches (57ms)
			SetupLoadedEditorAssemblies (740ms)
				LogAssemblyErrors (0ms)
				InitializePlatformSupportModulesInManaged (7ms)
				SetLoadedEditorAssemblies (1ms)
				RefreshPlugins (1ms)
				BeforeProcessingInitializeOnLoad (130ms)
				ProcessInitializeOnLoadAttributes (545ms)
				ProcessInitializeOnLoadMethodAttributes (45ms)
				AfterProcessingInitializeOnLoad (11ms)
				EditorAssembliesLoaded (0ms)
			ExecutionOrderSort2 (0ms)
			AwakeInstancesAfterBackupRestoration (9ms)
Platform modules already initialized, skipping
Refreshing native plugins compatible for Editor in 0.93 ms, found 16 plugins.
Preloading 2 native plugins for Editor in 0.25 ms.
Unloading 2357 Unused Serialized files (Serialized files now loaded: 0)
System memory in use before: 126.0 MB.
System memory in use after: 126.2 MB.

Unloading 32 unused Assets to reduce memory usage. Loaded Objects now: 2915.
Total: 4.230200 ms (FindLiveObjects: 0.246700 ms CreateObjectMapping: 0.115200 ms MarkObjects: 3.812500 ms  DeleteObjects: 0.054700 ms)

AssetImportParameters requested are different than current active one (requested -> active):
  custom:framework-win-MediaFoundation: 216162199b28c13a410421893ffa2e32 -> 
  custom:video-decoder-ogg-theora: a1e56fd34408186e4bbccfd4996cb3dc -> 
  custom:container-muxer-webm: aa71ff27fc2769a1b78a27578f13a17b -> 
  custom:container-demuxer-webm: 4f35f7cbe854078d1ac9338744f61a02 -> 
  custom:container-demuxer-ogg: 62fdf1f143b41e24485cea50d1cbac27 -> 
  custom:video-encoder-webm-vp8: eb34c28f22e8b96e1ab97ce403110664 -> 
  custom:video-codec-MediaFoundation-h265: 746d11721c4dcdbdad8f713fa42b33f4 -> 
  custom:video-decoder-webm-vp8: 9c59270c3fd7afecdb556c50c9e8de78 -> 
  custom:audio-decoder-ogg-vorbis: bf7c407c2cedff20999df2af8eb42d56 -> 
  custom:audio-encoder-webm-vorbis: bf7c407c2cedff20999df2af8eb42d56 -> 
========================================================================
Received Prepare
Registering precompiled user dll's ...
Registered in 0.015040 seconds.
Begin MonoManager ReloadAssembly
Native extension for WindowsStandalone target not found
Refreshing native plugins compatible for Editor in 1.01 ms, found 16 plugins.
Preloading 2 native plugins for Editor in 0.17 ms.
System.Reflection.TargetInvocationException: Exception has been thrown by the target of an invocation. ---> System.NullReferenceException: Object reference not set to an instance of an object
  at Unity.XR.Oculus.OculusLoader.AssetPathToAbsolutePath (System.String assetPath) [0x00048] in C:\Users\erlen\Documents\Github\Crystallographic-Reality\Crystallographic Reality\Library\PackageCache\com.unity.xr.oculus@1.9.1\Runtime\OculusLoader.cs:249 
  at Unity.XR.Oculus.OculusLoader.EditorLoadOVRPlugin () [0x0007b] in C:\Users\erlen\Documents\Github\Crystallographic-Reality\Crystallographic Reality\Library\PackageCache\com.unity.xr.oculus@1.9.1\Runtime\OculusLoader.cs:234 
  at (wrapper managed-to-native) System.Reflection.MonoMethod.InternalInvoke(System.Reflection.MonoMethod,object,object[],System.Exception&)
  at System.Reflection.MonoMethod.Invoke (System.Object obj, System.Reflection.BindingFlags invokeAttr, System.Reflection.Binder binder, System.Object[] parameters, System.Globalization.CultureInfo culture) [0x00032] in <695d1cc93cca45069c528c15c9fdd749>:0 
   --- End of inner exception stack trace ---
  at System.Reflection.MonoMethod.Invoke (System.Object obj, System.Reflection.BindingFlags invokeAttr, System.Reflection.Binder binder, System.Object[] parameters, System.Globalization.CultureInfo culture) [0x00048] in <695d1cc93cca45069c528c15c9fdd749>:0 
  at System.Reflection.MethodBase.Invoke (System.Object obj, System.Object[] parameters) [0x00000] in <695d1cc93cca45069c528c15c9fdd749>:0 
  at UnityEditor.EditorAssemblies.ProcessInitializeOnLoadMethodAttributes () [0x00047] in <ef3b6bf002d8435a97b4e938f6c49b02>:0 
UnityEngine.StackTraceUtility:ExtractStackTrace ()
UnityEngine.DebugLogHandler:LogFormat (UnityEngine.LogType,UnityEngine.Object,string,object[])
UnityEngine.Logger:Log (UnityEngine.LogType,object)
UnityEngine.Debug:LogError (object)
UnityEditor.EditorAssemblies:ProcessInitializeOnLoadMethodAttributes ()

Mono: successfully reloaded assembly
- Completed reload, in  1.343 seconds
Domain Reload Profiling:
	ReloadAssembly (1344ms)
		BeginReloadAssembly (119ms)
			ExecutionOrderSort (0ms)
			DisableScriptedObjects (5ms)
			BackupInstance (0ms)
			ReleaseScriptingObjects (0ms)
			CreateAndSetChildDomain (36ms)
		EndReloadAssembly (1154ms)
			LoadAssemblies (116ms)
			RebuildTransferFunctionScriptingTraits (0ms)
			SetupTypeCache (309ms)
			ReleaseScriptCaches (1ms)
			RebuildScriptCaches (43ms)
			SetupLoadedEditorAssemblies (546ms)
				LogAssemblyErrors (0ms)
				InitializePlatformSupportModulesInManaged (4ms)
				SetLoadedEditorAssemblies (0ms)
				RefreshPlugins (1ms)
				BeforeProcessingInitializeOnLoad (93ms)
				ProcessInitializeOnLoadAttributes (425ms)
				ProcessInitializeOnLoadMethodAttributes (15ms)
				AfterProcessingInitializeOnLoad (7ms)
				EditorAssembliesLoaded (0ms)
			ExecutionOrderSort2 (0ms)
			AwakeInstancesAfterBackupRestoration (8ms)
Platform modules already initialized, skipping
Refreshing native plugins compatible for Editor in 0.95 ms, found 16 plugins.
Preloading 2 native plugins for Editor in 0.16 ms.
Unloading 2357 Unused Serialized files (Serialized files now loaded: 0)
System memory in use before: 126.0 MB.
System memory in use after: 126.2 MB.

Unloading 32 unused Assets to reduce memory usage. Loaded Objects now: 2918.
Total: 3.872700 ms (FindLiveObjects: 0.406100 ms CreateObjectMapping: 0.124100 ms MarkObjects: 3.290200 ms  DeleteObjects: 0.051200 ms)

AssetImportParameters requested are different than current active one (requested -> active):
  custom:framework-win-MediaFoundation: 216162199b28c13a410421893ffa2e32 -> 
  custom:video-decoder-ogg-theora: a1e56fd34408186e4bbccfd4996cb3dc -> 
  custom:container-muxer-webm: aa71ff27fc2769a1b78a27578f13a17b -> 
  custom:container-demuxer-webm: 4f35f7cbe854078d1ac9338744f61a02 -> 
  custom:container-demuxer-ogg: 62fdf1f143b41e24485cea50d1cbac27 -> 
  custom:video-encoder-webm-vp8: eb34c28f22e8b96e1ab97ce403110664 -> 
  custom:video-codec-MediaFoundation-h265: 746d11721c4dcdbdad8f713fa42b33f4 -> 
  custom:video-decoder-webm-vp8: 9c59270c3fd7afecdb556c50c9e8de78 -> 
  custom:audio-decoder-ogg-vorbis: bf7c407c2cedff20999df2af8eb42d56 -> 
  custom:audio-encoder-webm-vorbis: bf7c407c2cedff20999df2af8eb42d56 -> 
========================================================================
Received Prepare
Registering precompiled user dll's ...
Registered in 0.014890 seconds.
Begin MonoManager ReloadAssembly
Native extension for WindowsStandalone target not found
Refreshing native plugins compatible for Editor in 0.88 ms, found 16 plugins.
Preloading 2 native plugins for Editor in 0.16 ms.
System.Reflection.TargetInvocationException: Exception has been thrown by the target of an invocation. ---> System.NullReferenceException: Object reference not set to an instance of an object
  at Unity.XR.Oculus.OculusLoader.AssetPathToAbsolutePath (System.String assetPath) [0x00048] in C:\Users\erlen\Documents\Github\Crystallographic-Reality\Crystallographic Reality\Library\PackageCache\com.unity.xr.oculus@1.9.1\Runtime\OculusLoader.cs:249 
  at Unity.XR.Oculus.OculusLoader.EditorLoadOVRPlugin () [0x0007b] in C:\Users\erlen\Documents\Github\Crystallographic-Reality\Crystallographic Reality\Library\PackageCache\com.unity.xr.oculus@1.9.1\Runtime\OculusLoader.cs:234 
  at (wrapper managed-to-native) System.Reflection.MonoMethod.InternalInvoke(System.Reflection.MonoMethod,object,object[],System.Exception&)
  at System.Reflection.MonoMethod.Invoke (System.Object obj, System.Reflection.BindingFlags invokeAttr, System.Reflection.Binder binder, System.Object[] parameters, System.Globalization.CultureInfo culture) [0x00032] in <695d1cc93cca45069c528c15c9fdd749>:0 
   --- End of inner exception stack trace ---
  at System.Reflection.MonoMethod.Invoke (System.Object obj, System.Reflection.BindingFlags invokeAttr, System.Reflection.Binder binder, System.Object[] parameters, System.Globalization.CultureInfo culture) [0x00048] in <695d1cc93cca45069c528c15c9fdd749>:0 
  at System.Reflection.MethodBase.Invoke (System.Object obj, System.Object[] parameters) [0x00000] in <695d1cc93cca45069c528c15c9fdd749>:0 
  at UnityEditor.EditorAssemblies.ProcessInitializeOnLoadMethodAttributes () [0x00047] in <ef3b6bf002d8435a97b4e938f6c49b02>:0 
UnityEngine.StackTraceUtility:ExtractStackTrace ()
UnityEngine.DebugLogHandler:LogFormat (UnityEngine.LogType,UnityEngine.Object,string,object[])
UnityEngine.Logger:Log (UnityEngine.LogType,object)
UnityEngine.Debug:LogError (object)
UnityEditor.EditorAssemblies:ProcessInitializeOnLoadMethodAttributes ()

Mono: successfully reloaded assembly
- Completed reload, in  1.606 seconds
Domain Reload Profiling:
	ReloadAssembly (1607ms)
		BeginReloadAssembly (125ms)
			ExecutionOrderSort (0ms)
			DisableScriptedObjects (5ms)
			BackupInstance (0ms)
			ReleaseScriptingObjects (0ms)
			CreateAndSetChildDomain (38ms)
		EndReloadAssembly (1386ms)
			LoadAssemblies (168ms)
			RebuildTransferFunctionScriptingTraits (0ms)
			SetupTypeCache (431ms)
			ReleaseScriptCaches (2ms)
			RebuildScriptCaches (53ms)
			SetupLoadedEditorAssemblies (572ms)
				LogAssemblyErrors (0ms)
				InitializePlatformSupportModulesInManaged (5ms)
				SetLoadedEditorAssemblies (0ms)
				RefreshPlugins (1ms)
				BeforeProcessingInitializeOnLoad (96ms)
				ProcessInitializeOnLoadAttributes (445ms)
				ProcessInitializeOnLoadMethodAttributes (15ms)
				AfterProcessingInitializeOnLoad (9ms)
				EditorAssembliesLoaded (0ms)
			ExecutionOrderSort2 (0ms)
			AwakeInstancesAfterBackupRestoration (9ms)
Platform modules already initialized, skipping
Refreshing native plugins compatible for Editor in 0.94 ms, found 16 plugins.
Preloading 2 native plugins for Editor in 0.16 ms.
Unloading 2357 Unused Serialized files (Serialized files now loaded: 0)
System memory in use before: 125.9 MB.
System memory in use after: 126.1 MB.

Unloading 32 unused Assets to reduce memory usage. Loaded Objects now: 2921.
Total: 3.949300 ms (FindLiveObjects: 0.277800 ms CreateObjectMapping: 0.178300 ms MarkObjects: 3.432000 ms  DeleteObjects: 0.059700 ms)

AssetImportParameters requested are different than current active one (requested -> active):
  custom:framework-win-MediaFoundation: 216162199b28c13a410421893ffa2e32 -> 
  custom:video-decoder-ogg-theora: a1e56fd34408186e4bbccfd4996cb3dc -> 
  custom:container-muxer-webm: aa71ff27fc2769a1b78a27578f13a17b -> 
  custom:container-demuxer-webm: 4f35f7cbe854078d1ac9338744f61a02 -> 
  custom:container-demuxer-ogg: 62fdf1f143b41e24485cea50d1cbac27 -> 
  custom:video-encoder-webm-vp8: eb34c28f22e8b96e1ab97ce403110664 -> 
  custom:video-codec-MediaFoundation-h265: 746d11721c4dcdbdad8f713fa42b33f4 -> 
  custom:video-decoder-webm-vp8: 9c59270c3fd7afecdb556c50c9e8de78 -> 
  custom:audio-decoder-ogg-vorbis: bf7c407c2cedff20999df2af8eb42d56 -> 
  custom:audio-encoder-webm-vorbis: bf7c407c2cedff20999df2af8eb42d56 -> 
========================================================================
Received Prepare
Registering precompiled user dll's ...
Registered in 0.018138 seconds.
Begin MonoManager ReloadAssembly
Native extension for WindowsStandalone target not found
Refreshing native plugins compatible for Editor in 1.29 ms, found 16 plugins.
Preloading 2 native plugins for Editor in 0.34 ms.
System.Reflection.TargetInvocationException: Exception has been thrown by the target of an invocation. ---> System.NullReferenceException: Object reference not set to an instance of an object
  at Unity.XR.Oculus.OculusLoader.AssetPathToAbsolutePath (System.String assetPath) [0x00048] in C:\Users\erlen\Documents\Github\Crystallographic-Reality\Crystallographic Reality\Library\PackageCache\com.unity.xr.oculus@1.9.1\Runtime\OculusLoader.cs:249 
  at Unity.XR.Oculus.OculusLoader.EditorLoadOVRPlugin () [0x0007b] in C:\Users\erlen\Documents\Github\Crystallographic-Reality\Crystallographic Reality\Library\PackageCache\com.unity.xr.oculus@1.9.1\Runtime\OculusLoader.cs:234 
  at (wrapper managed-to-native) System.Reflection.MonoMethod.InternalInvoke(System.Reflection.MonoMethod,object,object[],System.Exception&)
  at System.Reflection.MonoMethod.Invoke (System.Object obj, System.Reflection.BindingFlags invokeAttr, System.Reflection.Binder binder, System.Object[] parameters, System.Globalization.CultureInfo culture) [0x00032] in <695d1cc93cca45069c528c15c9fdd749>:0 
   --- End of inner exception stack trace ---
  at System.Reflection.MonoMethod.Invoke (System.Object obj, System.Reflection.BindingFlags invokeAttr, System.Reflection.Binder binder, System.Object[] parameters, System.Globalization.CultureInfo culture) [0x00048] in <695d1cc93cca45069c528c15c9fdd749>:0 
  at System.Reflection.MethodBase.Invoke (System.Object obj, System.Object[] parameters) [0x00000] in <695d1cc93cca45069c528c15c9fdd749>:0 
  at UnityEditor.EditorAssemblies.ProcessInitializeOnLoadMethodAttributes () [0x00047] in <ef3b6bf002d8435a97b4e938f6c49b02>:0 
UnityEngine.StackTraceUtility:ExtractStackTrace ()
UnityEngine.DebugLogHandler:LogFormat (UnityEngine.LogType,UnityEngine.Object,string,object[])
UnityEngine.Logger:Log (UnityEngine.LogType,object)
UnityEngine.Debug:LogError (object)
UnityEditor.EditorAssemblies:ProcessInitializeOnLoadMethodAttributes ()

Mono: successfully reloaded assembly
- Completed reload, in  1.921 seconds
Domain Reload Profiling:
	ReloadAssembly (1922ms)
		BeginReloadAssembly (156ms)
			ExecutionOrderSort (0ms)
			DisableScriptedObjects (6ms)
			BackupInstance (0ms)
			ReleaseScriptingObjects (0ms)
			CreateAndSetChildDomain (47ms)
		EndReloadAssembly (1676ms)
			LoadAssemblies (129ms)
			RebuildTransferFunctionScriptingTraits (0ms)
			SetupTypeCache (411ms)
			ReleaseScriptCaches (1ms)
			RebuildScriptCaches (83ms)
			SetupLoadedEditorAssemblies (802ms)
				LogAssemblyErrors (0ms)
				InitializePlatformSupportModulesInManaged (6ms)
				SetLoadedEditorAssemblies (1ms)
				RefreshPlugins (2ms)
				BeforeProcessingInitializeOnLoad (130ms)
				ProcessInitializeOnLoadAttributes (634ms)
				ProcessInitializeOnLoadMethodAttributes (19ms)
				AfterProcessingInitializeOnLoad (10ms)
				EditorAssembliesLoaded (0ms)
			ExecutionOrderSort2 (0ms)
			AwakeInstancesAfterBackupRestoration (13ms)
Platform modules already initialized, skipping
Refreshing native plugins compatible for Editor in 1.03 ms, found 16 plugins.
Preloading 2 native plugins for Editor in 0.29 ms.
Unloading 2357 Unused Serialized files (Serialized files now loaded: 0)
System memory in use before: 126.0 MB.
System memory in use after: 126.2 MB.

Unloading 32 unused Assets to reduce memory usage. Loaded Objects now: 2924.
Total: 5.543500 ms (FindLiveObjects: 0.387300 ms CreateObjectMapping: 0.293700 ms MarkObjects: 4.826900 ms  DeleteObjects: 0.033300 ms)

AssetImportParameters requested are different than current active one (requested -> active):
  custom:framework-win-MediaFoundation: 216162199b28c13a410421893ffa2e32 -> 
  custom:video-decoder-ogg-theora: a1e56fd34408186e4bbccfd4996cb3dc -> 
  custom:container-muxer-webm: aa71ff27fc2769a1b78a27578f13a17b -> 
  custom:container-demuxer-webm: 4f35f7cbe854078d1ac9338744f61a02 -> 
  custom:container-demuxer-ogg: 62fdf1f143b41e24485cea50d1cbac27 -> 
  custom:video-encoder-webm-vp8: eb34c28f22e8b96e1ab97ce403110664 -> 
  custom:video-codec-MediaFoundation-h265: 746d11721c4dcdbdad8f713fa42b33f4 -> 
  custom:video-decoder-webm-vp8: 9c59270c3fd7afecdb556c50c9e8de78 -> 
  custom:audio-decoder-ogg-vorbis: bf7c407c2cedff20999df2af8eb42d56 -> 
  custom:audio-encoder-webm-vorbis: bf7c407c2cedff20999df2af8eb42d56 -> 
========================================================================
Received Prepare
Registering precompiled user dll's ...
Registered in 0.014752 seconds.
Begin MonoManager ReloadAssembly
Native extension for WindowsStandalone target not found
Refreshing native plugins compatible for Editor in 0.93 ms, found 16 plugins.
Preloading 2 native plugins for Editor in 0.18 ms.
System.Reflection.TargetInvocationException: Exception has been thrown by the target of an invocation. ---> System.NullReferenceException: Object reference not set to an instance of an object
  at Unity.XR.Oculus.OculusLoader.AssetPathToAbsolutePath (System.String assetPath) [0x00048] in C:\Users\erlen\Documents\Github\Crystallographic-Reality\Crystallographic Reality\Library\PackageCache\com.unity.xr.oculus@1.9.1\Runtime\OculusLoader.cs:249 
  at Unity.XR.Oculus.OculusLoader.EditorLoadOVRPlugin () [0x0007b] in C:\Users\erlen\Documents\Github\Crystallographic-Reality\Crystallographic Reality\Library\PackageCache\com.unity.xr.oculus@1.9.1\Runtime\OculusLoader.cs:234 
  at (wrapper managed-to-native) System.Reflection.MonoMethod.InternalInvoke(System.Reflection.MonoMethod,object,object[],System.Exception&)
  at System.Reflection.MonoMethod.Invoke (System.Object obj, System.Reflection.BindingFlags invokeAttr, System.Reflection.Binder binder, System.Object[] parameters, System.Globalization.CultureInfo culture) [0x00032] in <695d1cc93cca45069c528c15c9fdd749>:0 
   --- End of inner exception stack trace ---
  at System.Reflection.MonoMethod.Invoke (System.Object obj, System.Reflection.BindingFlags invokeAttr, System.Reflection.Binder binder, System.Object[] parameters, System.Globalization.CultureInfo culture) [0x00048] in <695d1cc93cca45069c528c15c9fdd749>:0 
  at System.Reflection.MethodBase.Invoke (System.Object obj, System.Object[] parameters) [0x00000] in <695d1cc93cca45069c528c15c9fdd749>:0 
  at UnityEditor.EditorAssemblies.ProcessInitializeOnLoadMethodAttributes () [0x00047] in <ef3b6bf002d8435a97b4e938f6c49b02>:0 
UnityEngine.StackTraceUtility:ExtractStackTrace ()
UnityEngine.DebugLogHandler:LogFormat (UnityEngine.LogType,UnityEngine.Object,string,object[])
UnityEngine.Logger:Log (UnityEngine.LogType,object)
UnityEngine.Debug:LogError (object)
UnityEditor.EditorAssemblies:ProcessInitializeOnLoadMethodAttributes ()

Mono: successfully reloaded assembly
- Completed reload, in  1.706 seconds
Domain Reload Profiling:
	ReloadAssembly (1707ms)
		BeginReloadAssembly (125ms)
			ExecutionOrderSort (0ms)
			DisableScriptedObjects (5ms)
			BackupInstance (0ms)
			ReleaseScriptingObjects (0ms)
			CreateAndSetChildDomain (40ms)
		EndReloadAssembly (1404ms)
			LoadAssemblies (145ms)
			RebuildTransferFunctionScriptingTraits (0ms)
			SetupTypeCache (461ms)
			ReleaseScriptCaches (1ms)
			RebuildScriptCaches (54ms)
			SetupLoadedEditorAssemblies (556ms)
				LogAssemblyErrors (0ms)
				InitializePlatformSupportModulesInManaged (5ms)
				SetLoadedEditorAssemblies (1ms)
				RefreshPlugins (1ms)
				BeforeProcessingInitializeOnLoad (94ms)
				ProcessInitializeOnLoadAttributes (419ms)
				ProcessInitializeOnLoadMethodAttributes (23ms)
				AfterProcessingInitializeOnLoad (13ms)
				EditorAssembliesLoaded (0ms)
			ExecutionOrderSort2 (0ms)
			AwakeInstancesAfterBackupRestoration (15ms)
Platform modules already initialized, skipping
Refreshing native plugins compatible for Editor in 1.04 ms, found 16 plugins.
Preloading 2 native plugins for Editor in 0.16 ms.
Unloading 2357 Unused Serialized files (Serialized files now loaded: 0)
System memory in use before: 126.0 MB.
System memory in use after: 126.3 MB.

Unloading 32 unused Assets to reduce memory usage. Loaded Objects now: 2927.
Total: 3.544000 ms (FindLiveObjects: 0.236800 ms CreateObjectMapping: 0.108300 ms MarkObjects: 3.124900 ms  DeleteObjects: 0.072900 ms)

AssetImportParameters requested are different than current active one (requested -> active):
  custom:framework-win-MediaFoundation: 216162199b28c13a410421893ffa2e32 -> 
  custom:video-decoder-ogg-theora: a1e56fd34408186e4bbccfd4996cb3dc -> 
  custom:container-muxer-webm: aa71ff27fc2769a1b78a27578f13a17b -> 
  custom:container-demuxer-webm: 4f35f7cbe854078d1ac9338744f61a02 -> 
  custom:container-demuxer-ogg: 62fdf1f143b41e24485cea50d1cbac27 -> 
  custom:video-encoder-webm-vp8: eb34c28f22e8b96e1ab97ce403110664 -> 
  custom:video-codec-MediaFoundation-h265: 746d11721c4dcdbdad8f713fa42b33f4 -> 
  custom:video-decoder-webm-vp8: 9c59270c3fd7afecdb556c50c9e8de78 -> 
  custom:audio-decoder-ogg-vorbis: bf7c407c2cedff20999df2af8eb42d56 -> 
  custom:audio-encoder-webm-vorbis: bf7c407c2cedff20999df2af8eb42d56 -> 
========================================================================
Received Prepare
Registering precompiled user dll's ...
Registered in 0.016970 seconds.
Begin MonoManager ReloadAssembly
Native extension for WindowsStandalone target not found
Refreshing native plugins compatible for Editor in 1.09 ms, found 16 plugins.
Preloading 2 native plugins for Editor in 0.21 ms.
System.Reflection.TargetInvocationException: Exception has been thrown by the target of an invocation. ---> System.NullReferenceException: Object reference not set to an instance of an object
  at Unity.XR.Oculus.OculusLoader.AssetPathToAbsolutePath (System.String assetPath) [0x00048] in C:\Users\erlen\Documents\Github\Crystallographic-Reality\Crystallographic Reality\Library\PackageCache\com.unity.xr.oculus@1.9.1\Runtime\OculusLoader.cs:249 
  at Unity.XR.Oculus.OculusLoader.EditorLoadOVRPlugin () [0x0007b] in C:\Users\erlen\Documents\Github\Crystallographic-Reality\Crystallographic Reality\Library\PackageCache\com.unity.xr.oculus@1.9.1\Runtime\OculusLoader.cs:234 
  at (wrapper managed-to-native) System.Reflection.MonoMethod.InternalInvoke(System.Reflection.MonoMethod,object,object[],System.Exception&)
  at System.Reflection.MonoMethod.Invoke (System.Object obj, System.Reflection.BindingFlags invokeAttr, System.Reflection.Binder binder, System.Object[] parameters, System.Globalization.CultureInfo culture) [0x00032] in <695d1cc93cca45069c528c15c9fdd749>:0 
   --- End of inner exception stack trace ---
  at System.Reflection.MonoMethod.Invoke (System.Object obj, System.Reflection.BindingFlags invokeAttr, System.Reflection.Binder binder, System.Object[] parameters, System.Globalization.CultureInfo culture) [0x00048] in <695d1cc93cca45069c528c15c9fdd749>:0 
  at System.Reflection.MethodBase.Invoke (System.Object obj, System.Object[] parameters) [0x00000] in <695d1cc93cca45069c528c15c9fdd749>:0 
  at UnityEditor.EditorAssemblies.ProcessInitializeOnLoadMethodAttributes () [0x00047] in <ef3b6bf002d8435a97b4e938f6c49b02>:0 
UnityEngine.StackTraceUtility:ExtractStackTrace ()
UnityEngine.DebugLogHandler:LogFormat (UnityEngine.LogType,UnityEngine.Object,string,object[])
UnityEngine.Logger:Log (UnityEngine.LogType,object)
UnityEngine.Debug:LogError (object)
UnityEditor.EditorAssemblies:ProcessInitializeOnLoadMethodAttributes ()

Mono: successfully reloaded assembly
- Completed reload, in  2.058 seconds
Domain Reload Profiling:
	ReloadAssembly (2058ms)
		BeginReloadAssembly (229ms)
			ExecutionOrderSort (0ms)
			DisableScriptedObjects (5ms)
			BackupInstance (0ms)
			ReleaseScriptingObjects (0ms)
			CreateAndSetChildDomain (44ms)
		EndReloadAssembly (1706ms)
			LoadAssemblies (154ms)
			RebuildTransferFunctionScriptingTraits (0ms)
			SetupTypeCache (524ms)
			ReleaseScriptCaches (2ms)
			RebuildScriptCaches (56ms)
			SetupLoadedEditorAssemblies (818ms)
				LogAssemblyErrors (0ms)
				InitializePlatformSupportModulesInManaged (5ms)
				SetLoadedEditorAssemblies (1ms)
				RefreshPlugins (1ms)
				BeforeProcessingInitializeOnLoad (158ms)
				ProcessInitializeOnLoadAttributes (605ms)
				ProcessInitializeOnLoadMethodAttributes (34ms)
				AfterProcessingInitializeOnLoad (14ms)
				EditorAssembliesLoaded (0ms)
			ExecutionOrderSort2 (0ms)
			AwakeInstancesAfterBackupRestoration (10ms)
Platform modules already initialized, skipping
Refreshing native plugins compatible for Editor in 1.04 ms, found 16 plugins.
Preloading 2 native plugins for Editor in 0.19 ms.
Unloading 2357 Unused Serialized files (Serialized files now loaded: 0)
System memory in use before: 126.0 MB.
System memory in use after: 126.3 MB.

Unloading 32 unused Assets to reduce memory usage. Loaded Objects now: 2930.
Total: 3.813600 ms (FindLiveObjects: 0.276700 ms CreateObjectMapping: 0.123600 ms MarkObjects: 3.352100 ms  DeleteObjects: 0.060000 ms)

AssetImportParameters requested are different than current active one (requested -> active):
  custom:framework-win-MediaFoundation: 216162199b28c13a410421893ffa2e32 -> 
  custom:video-decoder-ogg-theora: a1e56fd34408186e4bbccfd4996cb3dc -> 
  custom:container-muxer-webm: aa71ff27fc2769a1b78a27578f13a17b -> 
  custom:container-demuxer-webm: 4f35f7cbe854078d1ac9338744f61a02 -> 
  custom:container-demuxer-ogg: 62fdf1f143b41e24485cea50d1cbac27 -> 
  custom:video-encoder-webm-vp8: eb34c28f22e8b96e1ab97ce403110664 -> 
  custom:video-codec-MediaFoundation-h265: 746d11721c4dcdbdad8f713fa42b33f4 -> 
  custom:video-decoder-webm-vp8: 9c59270c3fd7afecdb556c50c9e8de78 -> 
  custom:audio-decoder-ogg-vorbis: bf7c407c2cedff20999df2af8eb42d56 -> 
  custom:audio-encoder-webm-vorbis: bf7c407c2cedff20999df2af8eb42d56 -> 
========================================================================
Received Prepare
Registering precompiled user dll's ...
Registered in 0.043446 seconds.
Begin MonoManager ReloadAssembly
Native extension for WindowsStandalone target not found
Refreshing native plugins compatible for Editor in 1.09 ms, found 16 plugins.
Preloading 2 native plugins for Editor in 0.45 ms.
System.Reflection.TargetInvocationException: Exception has been thrown by the target of an invocation. ---> System.NullReferenceException: Object reference not set to an instance of an object
  at Unity.XR.Oculus.OculusLoader.AssetPathToAbsolutePath (System.String assetPath) [0x00048] in C:\Users\erlen\Documents\Github\Crystallographic-Reality\Crystallographic Reality\Library\PackageCache\com.unity.xr.oculus@1.9.1\Runtime\OculusLoader.cs:249 
  at Unity.XR.Oculus.OculusLoader.EditorLoadOVRPlugin () [0x0007b] in C:\Users\erlen\Documents\Github\Crystallographic-Reality\Crystallographic Reality\Library\PackageCache\com.unity.xr.oculus@1.9.1\Runtime\OculusLoader.cs:234 
  at (wrapper managed-to-native) System.Reflection.MonoMethod.InternalInvoke(System.Reflection.MonoMethod,object,object[],System.Exception&)
  at System.Reflection.MonoMethod.Invoke (System.Object obj, System.Reflection.BindingFlags invokeAttr, System.Reflection.Binder binder, System.Object[] parameters, System.Globalization.CultureInfo culture) [0x00032] in <695d1cc93cca45069c528c15c9fdd749>:0 
   --- End of inner exception stack trace ---
  at System.Reflection.MonoMethod.Invoke (System.Object obj, System.Reflection.BindingFlags invokeAttr, System.Reflection.Binder binder, System.Object[] parameters, System.Globalization.CultureInfo culture) [0x00048] in <695d1cc93cca45069c528c15c9fdd749>:0 
  at System.Reflection.MethodBase.Invoke (System.Object obj, System.Object[] parameters) [0x00000] in <695d1cc93cca45069c528c15c9fdd749>:0 
  at UnityEditor.EditorAssemblies.ProcessInitializeOnLoadMethodAttributes () [0x00047] in <ef3b6bf002d8435a97b4e938f6c49b02>:0 
UnityEngine.StackTraceUtility:ExtractStackTrace ()
UnityEngine.DebugLogHandler:LogFormat (UnityEngine.LogType,UnityEngine.Object,string,object[])
UnityEngine.Logger:Log (UnityEngine.LogType,object)
UnityEngine.Debug:LogError (object)
UnityEditor.EditorAssemblies:ProcessInitializeOnLoadMethodAttributes ()

Mono: successfully reloaded assembly
- Completed reload, in  1.660 seconds
Domain Reload Profiling:
	ReloadAssembly (1660ms)
		BeginReloadAssembly (132ms)
			ExecutionOrderSort (0ms)
			DisableScriptedObjects (5ms)
			BackupInstance (0ms)
			ReleaseScriptingObjects (0ms)
			CreateAndSetChildDomain (39ms)
		EndReloadAssembly (1450ms)
			LoadAssemblies (171ms)
			RebuildTransferFunctionScriptingTraits (0ms)
			SetupTypeCache (460ms)
			ReleaseScriptCaches (1ms)
			RebuildScriptCaches (46ms)
			SetupLoadedEditorAssemblies (616ms)
				LogAssemblyErrors (0ms)
				InitializePlatformSupportModulesInManaged (5ms)
				SetLoadedEditorAssemblies (1ms)
				RefreshPlugins (2ms)
				BeforeProcessingInitializeOnLoad (112ms)
				ProcessInitializeOnLoadAttributes (472ms)
				ProcessInitializeOnLoadMethodAttributes (16ms)
				AfterProcessingInitializeOnLoad (8ms)
				EditorAssembliesLoaded (0ms)
			ExecutionOrderSort2 (0ms)
			AwakeInstancesAfterBackupRestoration (10ms)
Platform modules already initialized, skipping
Refreshing native plugins compatible for Editor in 1.06 ms, found 16 plugins.
Preloading 2 native plugins for Editor in 0.19 ms.
Unloading 2357 Unused Serialized files (Serialized files now loaded: 0)
System memory in use before: 126.1 MB.
System memory in use after: 126.3 MB.

Unloading 32 unused Assets to reduce memory usage. Loaded Objects now: 2933.
Total: 4.154400 ms (FindLiveObjects: 0.298400 ms CreateObjectMapping: 0.117500 ms MarkObjects: 3.679200 ms  DeleteObjects: 0.057900 ms)

AssetImportParameters requested are different than current active one (requested -> active):
  custom:framework-win-MediaFoundation: 216162199b28c13a410421893ffa2e32 -> 
  custom:video-decoder-ogg-theora: a1e56fd34408186e4bbccfd4996cb3dc -> 
  custom:container-muxer-webm: aa71ff27fc2769a1b78a27578f13a17b -> 
  custom:container-demuxer-webm: 4f35f7cbe854078d1ac9338744f61a02 -> 
  custom:container-demuxer-ogg: 62fdf1f143b41e24485cea50d1cbac27 -> 
  custom:video-encoder-webm-vp8: eb34c28f22e8b96e1ab97ce403110664 -> 
  custom:video-codec-MediaFoundation-h265: 746d11721c4dcdbdad8f713fa42b33f4 -> 
  custom:video-decoder-webm-vp8: 9c59270c3fd7afecdb556c50c9e8de78 -> 
  custom:audio-decoder-ogg-vorbis: bf7c407c2cedff20999df2af8eb42d56 -> 
  custom:audio-encoder-webm-vorbis: bf7c407c2cedff20999df2af8eb42d56 -> 
========================================================================
Received Prepare
Registering precompiled user dll's ...
Registered in 0.017249 seconds.
Begin MonoManager ReloadAssembly
Native extension for WindowsStandalone target not found
Refreshing native plugins compatible for Editor in 0.97 ms, found 16 plugins.
Preloading 2 native plugins for Editor in 0.21 ms.
System.Reflection.TargetInvocationException: Exception has been thrown by the target of an invocation. ---> System.NullReferenceException: Object reference not set to an instance of an object
  at Unity.XR.Oculus.OculusLoader.AssetPathToAbsolutePath (System.String assetPath) [0x00048] in C:\Users\erlen\Documents\Github\Crystallographic-Reality\Crystallographic Reality\Library\PackageCache\com.unity.xr.oculus@1.9.1\Runtime\OculusLoader.cs:249 
  at Unity.XR.Oculus.OculusLoader.EditorLoadOVRPlugin () [0x0007b] in C:\Users\erlen\Documents\Github\Crystallographic-Reality\Crystallographic Reality\Library\PackageCache\com.unity.xr.oculus@1.9.1\Runtime\OculusLoader.cs:234 
  at (wrapper managed-to-native) System.Reflection.MonoMethod.InternalInvoke(System.Reflection.MonoMethod,object,object[],System.Exception&)
  at System.Reflection.MonoMethod.Invoke (System.Object obj, System.Reflection.BindingFlags invokeAttr, System.Reflection.Binder binder, System.Object[] parameters, System.Globalization.CultureInfo culture) [0x00032] in <695d1cc93cca45069c528c15c9fdd749>:0 
   --- End of inner exception stack trace ---
  at System.Reflection.MonoMethod.Invoke (System.Object obj, System.Reflection.BindingFlags invokeAttr, System.Reflection.Binder binder, System.Object[] parameters, System.Globalization.CultureInfo culture) [0x00048] in <695d1cc93cca45069c528c15c9fdd749>:0 
  at System.Reflection.MethodBase.Invoke (System.Object obj, System.Object[] parameters) [0x00000] in <695d1cc93cca45069c528c15c9fdd749>:0 
  at UnityEditor.EditorAssemblies.ProcessInitializeOnLoadMethodAttributes () [0x00047] in <ef3b6bf002d8435a97b4e938f6c49b02>:0 
UnityEngine.StackTraceUtility:ExtractStackTrace ()
UnityEngine.DebugLogHandler:LogFormat (UnityEngine.LogType,UnityEngine.Object,string,object[])
UnityEngine.Logger:Log (UnityEngine.LogType,object)
UnityEngine.Debug:LogError (object)
UnityEditor.EditorAssemblies:ProcessInitializeOnLoadMethodAttributes ()

Mono: successfully reloaded assembly
- Completed reload, in  1.491 seconds
Domain Reload Profiling:
	ReloadAssembly (1491ms)
		BeginReloadAssembly (125ms)
			ExecutionOrderSort (0ms)
			DisableScriptedObjects (6ms)
			BackupInstance (0ms)
			ReleaseScriptingObjects (0ms)
			CreateAndSetChildDomain (36ms)
		EndReloadAssembly (1286ms)
			LoadAssemblies (109ms)
			RebuildTransferFunctionScriptingTraits (0ms)
			SetupTypeCache (354ms)
			ReleaseScriptCaches (1ms)
			RebuildScriptCaches (48ms)
			SetupLoadedEditorAssemblies (617ms)
				LogAssemblyErrors (0ms)
				InitializePlatformSupportModulesInManaged (5ms)
				SetLoadedEditorAssemblies (1ms)
				RefreshPlugins (1ms)
				BeforeProcessingInitializeOnLoad (109ms)
				ProcessInitializeOnLoadAttributes (475ms)
				ProcessInitializeOnLoadMethodAttributes (17ms)
				AfterProcessingInitializeOnLoad (8ms)
				EditorAssembliesLoaded (0ms)
			ExecutionOrderSort2 (0ms)
			AwakeInstancesAfterBackupRestoration (9ms)
Platform modules already initialized, skipping
Refreshing native plugins compatible for Editor in 1.18 ms, found 16 plugins.
Preloading 2 native plugins for Editor in 0.19 ms.
Unloading 2357 Unused Serialized files (Serialized files now loaded: 0)
System memory in use before: 126.0 MB.
System memory in use after: 126.2 MB.

Unloading 32 unused Assets to reduce memory usage. Loaded Objects now: 2936.
Total: 11.796800 ms (FindLiveObjects: 1.532100 ms CreateObjectMapping: 0.818700 ms MarkObjects: 9.413200 ms  DeleteObjects: 0.030600 ms)

AssetImportParameters requested are different than current active one (requested -> active):
  custom:framework-win-MediaFoundation: 216162199b28c13a410421893ffa2e32 -> 
  custom:video-decoder-ogg-theora: a1e56fd34408186e4bbccfd4996cb3dc -> 
  custom:container-muxer-webm: aa71ff27fc2769a1b78a27578f13a17b -> 
  custom:container-demuxer-webm: 4f35f7cbe854078d1ac9338744f61a02 -> 
  custom:container-demuxer-ogg: 62fdf1f143b41e24485cea50d1cbac27 -> 
  custom:video-encoder-webm-vp8: eb34c28f22e8b96e1ab97ce403110664 -> 
  custom:video-codec-MediaFoundation-h265: 746d11721c4dcdbdad8f713fa42b33f4 -> 
  custom:video-decoder-webm-vp8: 9c59270c3fd7afecdb556c50c9e8de78 -> 
  custom:audio-decoder-ogg-vorbis: bf7c407c2cedff20999df2af8eb42d56 -> 
  custom:audio-encoder-webm-vorbis: bf7c407c2cedff20999df2af8eb42d56 -> 
========================================================================
Received Prepare
Registering precompiled user dll's ...
Registered in 0.015442 seconds.
Begin MonoManager ReloadAssembly
Native extension for WindowsStandalone target not found
Refreshing native plugins compatible for Editor in 1.13 ms, found 16 plugins.
Preloading 2 native plugins for Editor in 0.31 ms.
System.Reflection.TargetInvocationException: Exception has been thrown by the target of an invocation. ---> System.NullReferenceException: Object reference not set to an instance of an object
  at Unity.XR.Oculus.OculusLoader.AssetPathToAbsolutePath (System.String assetPath) [0x00048] in C:\Users\erlen\Documents\Github\Crystallographic-Reality\Crystallographic Reality\Library\PackageCache\com.unity.xr.oculus@1.9.1\Runtime\OculusLoader.cs:249 
  at Unity.XR.Oculus.OculusLoader.EditorLoadOVRPlugin () [0x0007b] in C:\Users\erlen\Documents\Github\Crystallographic-Reality\Crystallographic Reality\Library\PackageCache\com.unity.xr.oculus@1.9.1\Runtime\OculusLoader.cs:234 
  at (wrapper managed-to-native) System.Reflection.MonoMethod.InternalInvoke(System.Reflection.MonoMethod,object,object[],System.Exception&)
  at System.Reflection.MonoMethod.Invoke (System.Object obj, System.Reflection.BindingFlags invokeAttr, System.Reflection.Binder binder, System.Object[] parameters, System.Globalization.CultureInfo culture) [0x00032] in <695d1cc93cca45069c528c15c9fdd749>:0 
   --- End of inner exception stack trace ---
  at System.Reflection.MonoMethod.Invoke (System.Object obj, System.Reflection.BindingFlags invokeAttr, System.Reflection.Binder binder, System.Object[] parameters, System.Globalization.CultureInfo culture) [0x00048] in <695d1cc93cca45069c528c15c9fdd749>:0 
  at System.Reflection.MethodBase.Invoke (System.Object obj, System.Object[] parameters) [0x00000] in <695d1cc93cca45069c528c15c9fdd749>:0 
  at UnityEditor.EditorAssemblies.ProcessInitializeOnLoadMethodAttributes () [0x00047] in <ef3b6bf002d8435a97b4e938f6c49b02>:0 
UnityEngine.StackTraceUtility:ExtractStackTrace ()
UnityEngine.DebugLogHandler:LogFormat (UnityEngine.LogType,UnityEngine.Object,string,object[])
UnityEngine.Logger:Log (UnityEngine.LogType,object)
UnityEngine.Debug:LogError (object)
UnityEditor.EditorAssemblies:ProcessInitializeOnLoadMethodAttributes ()

Mono: successfully reloaded assembly
- Completed reload, in  1.588 seconds
Domain Reload Profiling:
	ReloadAssembly (1589ms)
		BeginReloadAssembly (128ms)
			ExecutionOrderSort (0ms)
			DisableScriptedObjects (6ms)
			BackupInstance (0ms)
			ReleaseScriptingObjects (0ms)
			CreateAndSetChildDomain (37ms)
		EndReloadAssembly (1385ms)
			LoadAssemblies (162ms)
			RebuildTransferFunctionScriptingTraits (0ms)
			SetupTypeCache (407ms)
			ReleaseScriptCaches (1ms)
			RebuildScriptCaches (51ms)
			SetupLoadedEditorAssemblies (593ms)
				LogAssemblyErrors (0ms)
				InitializePlatformSupportModulesInManaged (12ms)
				SetLoadedEditorAssemblies (3ms)
				RefreshPlugins (2ms)
				BeforeProcessingInitializeOnLoad (109ms)
				ProcessInitializeOnLoadAttributes (445ms)
				ProcessInitializeOnLoadMethodAttributes (15ms)
				AfterProcessingInitializeOnLoad (8ms)
				EditorAssembliesLoaded (0ms)
			ExecutionOrderSort2 (0ms)
			AwakeInstancesAfterBackupRestoration (8ms)
Platform modules already initialized, skipping
Refreshing native plugins compatible for Editor in 0.93 ms, found 16 plugins.
Preloading 2 native plugins for Editor in 0.16 ms.
Unloading 2357 Unused Serialized files (Serialized files now loaded: 0)
System memory in use before: 126.1 MB.
System memory in use after: 126.3 MB.

Unloading 32 unused Assets to reduce memory usage. Loaded Objects now: 2939.
Total: 3.713700 ms (FindLiveObjects: 0.251400 ms CreateObjectMapping: 0.110600 ms MarkObjects: 3.274400 ms  DeleteObjects: 0.076300 ms)

AssetImportParameters requested are different than current active one (requested -> active):
  custom:framework-win-MediaFoundation: 216162199b28c13a410421893ffa2e32 -> 
  custom:video-decoder-ogg-theora: a1e56fd34408186e4bbccfd4996cb3dc -> 
  custom:container-muxer-webm: aa71ff27fc2769a1b78a27578f13a17b -> 
  custom:container-demuxer-webm: 4f35f7cbe854078d1ac9338744f61a02 -> 
  custom:container-demuxer-ogg: 62fdf1f143b41e24485cea50d1cbac27 -> 
  custom:video-encoder-webm-vp8: eb34c28f22e8b96e1ab97ce403110664 -> 
  custom:video-codec-MediaFoundation-h265: 746d11721c4dcdbdad8f713fa42b33f4 -> 
  custom:video-decoder-webm-vp8: 9c59270c3fd7afecdb556c50c9e8de78 -> 
  custom:audio-decoder-ogg-vorbis: bf7c407c2cedff20999df2af8eb42d56 -> 
  custom:audio-encoder-webm-vorbis: bf7c407c2cedff20999df2af8eb42d56 -> 
========================================================================
Received Prepare
Registering precompiled user dll's ...
Registered in 0.045834 seconds.
Begin MonoManager ReloadAssembly
Native extension for WindowsStandalone target not found
Refreshing native plugins compatible for Editor in 0.91 ms, found 16 plugins.
Preloading 2 native plugins for Editor in 0.20 ms.
System.Reflection.TargetInvocationException: Exception has been thrown by the target of an invocation. ---> System.NullReferenceException: Object reference not set to an instance of an object
  at Unity.XR.Oculus.OculusLoader.AssetPathToAbsolutePath (System.String assetPath) [0x00048] in C:\Users\erlen\Documents\Github\Crystallographic-Reality\Crystallographic Reality\Library\PackageCache\com.unity.xr.oculus@1.9.1\Runtime\OculusLoader.cs:249 
  at Unity.XR.Oculus.OculusLoader.EditorLoadOVRPlugin () [0x0007b] in C:\Users\erlen\Documents\Github\Crystallographic-Reality\Crystallographic Reality\Library\PackageCache\com.unity.xr.oculus@1.9.1\Runtime\OculusLoader.cs:234 
  at (wrapper managed-to-native) System.Reflection.MonoMethod.InternalInvoke(System.Reflection.MonoMethod,object,object[],System.Exception&)
  at System.Reflection.MonoMethod.Invoke (System.Object obj, System.Reflection.BindingFlags invokeAttr, System.Reflection.Binder binder, System.Object[] parameters, System.Globalization.CultureInfo culture) [0x00032] in <695d1cc93cca45069c528c15c9fdd749>:0 
   --- End of inner exception stack trace ---
  at System.Reflection.MonoMethod.Invoke (System.Object obj, System.Reflection.BindingFlags invokeAttr, System.Reflection.Binder binder, System.Object[] parameters, System.Globalization.CultureInfo culture) [0x00048] in <695d1cc93cca45069c528c15c9fdd749>:0 
  at System.Reflection.MethodBase.Invoke (System.Object obj, System.Object[] parameters) [0x00000] in <695d1cc93cca45069c528c15c9fdd749>:0 
  at UnityEditor.EditorAssemblies.ProcessInitializeOnLoadMethodAttributes () [0x00047] in <ef3b6bf002d8435a97b4e938f6c49b02>:0 
UnityEngine.StackTraceUtility:ExtractStackTrace ()
UnityEngine.DebugLogHandler:LogFormat (UnityEngine.LogType,UnityEngine.Object,string,object[])
UnityEngine.Logger:Log (UnityEngine.LogType,object)
UnityEngine.Debug:LogError (object)
UnityEditor.EditorAssemblies:ProcessInitializeOnLoadMethodAttributes ()

Mono: successfully reloaded assembly
- Completed reload, in  1.641 seconds
Domain Reload Profiling:
	ReloadAssembly (1642ms)
		BeginReloadAssembly (238ms)
			ExecutionOrderSort (0ms)
			DisableScriptedObjects (6ms)
			BackupInstance (0ms)
			ReleaseScriptingObjects (0ms)
			CreateAndSetChildDomain (47ms)
		EndReloadAssembly (1292ms)
			LoadAssemblies (254ms)
			RebuildTransferFunctionScriptingTraits (0ms)
			SetupTypeCache (352ms)
			ReleaseScriptCaches (1ms)
			RebuildScriptCaches (56ms)
			SetupLoadedEditorAssemblies (574ms)
				LogAssemblyErrors (0ms)
				InitializePlatformSupportModulesInManaged (5ms)
				SetLoadedEditorAssemblies (0ms)
				RefreshPlugins (1ms)
				BeforeProcessingInitializeOnLoad (101ms)
				ProcessInitializeOnLoadAttributes (443ms)
				ProcessInitializeOnLoadMethodAttributes (16ms)
				AfterProcessingInitializeOnLoad (8ms)
				EditorAssembliesLoaded (0ms)
			ExecutionOrderSort2 (0ms)
			AwakeInstancesAfterBackupRestoration (9ms)
Platform modules already initialized, skipping
Refreshing native plugins compatible for Editor in 0.95 ms, found 16 plugins.
Preloading 2 native plugins for Editor in 0.17 ms.
Unloading 2357 Unused Serialized files (Serialized files now loaded: 0)
System memory in use before: 126.1 MB.
System memory in use after: 126.3 MB.

Unloading 32 unused Assets to reduce memory usage. Loaded Objects now: 2942.
Total: 4.109200 ms (FindLiveObjects: 0.254600 ms CreateObjectMapping: 0.117600 ms MarkObjects: 3.682700 ms  DeleteObjects: 0.053200 ms)

AssetImportParameters requested are different than current active one (requested -> active):
  custom:framework-win-MediaFoundation: 216162199b28c13a410421893ffa2e32 -> 
  custom:video-decoder-ogg-theora: a1e56fd34408186e4bbccfd4996cb3dc -> 
  custom:container-muxer-webm: aa71ff27fc2769a1b78a27578f13a17b -> 
  custom:container-demuxer-webm: 4f35f7cbe854078d1ac9338744f61a02 -> 
  custom:container-demuxer-ogg: 62fdf1f143b41e24485cea50d1cbac27 -> 
  custom:video-encoder-webm-vp8: eb34c28f22e8b96e1ab97ce403110664 -> 
  custom:video-codec-MediaFoundation-h265: 746d11721c4dcdbdad8f713fa42b33f4 -> 
  custom:video-decoder-webm-vp8: 9c59270c3fd7afecdb556c50c9e8de78 -> 
  custom:audio-decoder-ogg-vorbis: bf7c407c2cedff20999df2af8eb42d56 -> 
  custom:audio-encoder-webm-vorbis: bf7c407c2cedff20999df2af8eb42d56 -> 
========================================================================
Received Prepare
Registering precompiled user dll's ...
Registered in 0.015298 seconds.
Begin MonoManager ReloadAssembly
Native extension for WindowsStandalone target not found
Refreshing native plugins compatible for Editor in 0.97 ms, found 16 plugins.
Preloading 2 native plugins for Editor in 0.20 ms.
System.Reflection.TargetInvocationException: Exception has been thrown by the target of an invocation. ---> System.NullReferenceException: Object reference not set to an instance of an object
  at Unity.XR.Oculus.OculusLoader.AssetPathToAbsolutePath (System.String assetPath) [0x00048] in C:\Users\erlen\Documents\Github\Crystallographic-Reality\Crystallographic Reality\Library\PackageCache\com.unity.xr.oculus@1.9.1\Runtime\OculusLoader.cs:249 
  at Unity.XR.Oculus.OculusLoader.EditorLoadOVRPlugin () [0x0007b] in C:\Users\erlen\Documents\Github\Crystallographic-Reality\Crystallographic Reality\Library\PackageCache\com.unity.xr.oculus@1.9.1\Runtime\OculusLoader.cs:234 
  at (wrapper managed-to-native) System.Reflection.MonoMethod.InternalInvoke(System.Reflection.MonoMethod,object,object[],System.Exception&)
  at System.Reflection.MonoMethod.Invoke (System.Object obj, System.Reflection.BindingFlags invokeAttr, System.Reflection.Binder binder, System.Object[] parameters, System.Globalization.CultureInfo culture) [0x00032] in <695d1cc93cca45069c528c15c9fdd749>:0 
   --- End of inner exception stack trace ---
  at System.Reflection.MonoMethod.Invoke (System.Object obj, System.Reflection.BindingFlags invokeAttr, System.Reflection.Binder binder, System.Object[] parameters, System.Globalization.CultureInfo culture) [0x00048] in <695d1cc93cca45069c528c15c9fdd749>:0 
  at System.Reflection.MethodBase.Invoke (System.Object obj, System.Object[] parameters) [0x00000] in <695d1cc93cca45069c528c15c9fdd749>:0 
  at UnityEditor.EditorAssemblies.ProcessInitializeOnLoadMethodAttributes () [0x00047] in <ef3b6bf002d8435a97b4e938f6c49b02>:0 
UnityEngine.StackTraceUtility:ExtractStackTrace ()
UnityEngine.DebugLogHandler:LogFormat (UnityEngine.LogType,UnityEngine.Object,string,object[])
UnityEngine.Logger:Log (UnityEngine.LogType,object)
UnityEngine.Debug:LogError (object)
UnityEditor.EditorAssemblies:ProcessInitializeOnLoadMethodAttributes ()

Mono: successfully reloaded assembly
- Completed reload, in  1.678 seconds
Domain Reload Profiling:
	ReloadAssembly (1679ms)
		BeginReloadAssembly (225ms)
			ExecutionOrderSort (0ms)
			DisableScriptedObjects (5ms)
			BackupInstance (0ms)
			ReleaseScriptingObjects (0ms)
			CreateAndSetChildDomain (51ms)
		EndReloadAssembly (1368ms)
			LoadAssemblies (126ms)
			RebuildTransferFunctionScriptingTraits (0ms)
			SetupTypeCache (381ms)
			ReleaseScriptCaches (1ms)
			RebuildScriptCaches (50ms)
			SetupLoadedEditorAssemblies (645ms)
				LogAssemblyErrors (0ms)
				InitializePlatformSupportModulesInManaged (5ms)
				SetLoadedEditorAssemblies (1ms)
				RefreshPlugins (1ms)
				BeforeProcessingInitializeOnLoad (111ms)
				ProcessInitializeOnLoadAttributes (502ms)
				ProcessInitializeOnLoadMethodAttributes (16ms)
				AfterProcessingInitializeOnLoad (8ms)
				EditorAssembliesLoaded (0ms)
			ExecutionOrderSort2 (0ms)
			AwakeInstancesAfterBackupRestoration (10ms)
Platform modules already initialized, skipping
Refreshing native plugins compatible for Editor in 1.31 ms, found 16 plugins.
Preloading 2 native plugins for Editor in 0.22 ms.
Unloading 2357 Unused Serialized files (Serialized files now loaded: 0)
System memory in use before: 126.1 MB.
System memory in use after: 126.3 MB.

Unloading 32 unused Assets to reduce memory usage. Loaded Objects now: 2945.
Total: 6.166900 ms (FindLiveObjects: 1.665000 ms CreateObjectMapping: 0.198800 ms MarkObjects: 4.269500 ms  DeleteObjects: 0.031500 ms)

AssetImportParameters requested are different than current active one (requested -> active):
  custom:framework-win-MediaFoundation: 216162199b28c13a410421893ffa2e32 -> 
  custom:video-decoder-ogg-theora: a1e56fd34408186e4bbccfd4996cb3dc -> 
  custom:container-muxer-webm: aa71ff27fc2769a1b78a27578f13a17b -> 
  custom:container-demuxer-webm: 4f35f7cbe854078d1ac9338744f61a02 -> 
  custom:container-demuxer-ogg: 62fdf1f143b41e24485cea50d1cbac27 -> 
  custom:video-encoder-webm-vp8: eb34c28f22e8b96e1ab97ce403110664 -> 
  custom:video-codec-MediaFoundation-h265: 746d11721c4dcdbdad8f713fa42b33f4 -> 
  custom:video-decoder-webm-vp8: 9c59270c3fd7afecdb556c50c9e8de78 -> 
  custom:audio-decoder-ogg-vorbis: bf7c407c2cedff20999df2af8eb42d56 -> 
  custom:audio-encoder-webm-vorbis: bf7c407c2cedff20999df2af8eb42d56 -> 
========================================================================
Received Prepare
Registering precompiled user dll's ...
Registered in 0.018682 seconds.
Begin MonoManager ReloadAssembly
Native extension for WindowsStandalone target not found
Refreshing native plugins compatible for Editor in 1.02 ms, found 16 plugins.
Preloading 2 native plugins for Editor in 0.17 ms.
System.Reflection.TargetInvocationException: Exception has been thrown by the target of an invocation. ---> System.NullReferenceException: Object reference not set to an instance of an object
  at Unity.XR.Oculus.OculusLoader.AssetPathToAbsolutePath (System.String assetPath) [0x00048] in C:\Users\erlen\Documents\Github\Crystallographic-Reality\Crystallographic Reality\Library\PackageCache\com.unity.xr.oculus@1.9.1\Runtime\OculusLoader.cs:249 
  at Unity.XR.Oculus.OculusLoader.EditorLoadOVRPlugin () [0x0007b] in C:\Users\erlen\Documents\Github\Crystallographic-Reality\Crystallographic Reality\Library\PackageCache\com.unity.xr.oculus@1.9.1\Runtime\OculusLoader.cs:234 
  at (wrapper managed-to-native) System.Reflection.MonoMethod.InternalInvoke(System.Reflection.MonoMethod,object,object[],System.Exception&)
  at System.Reflection.MonoMethod.Invoke (System.Object obj, System.Reflection.BindingFlags invokeAttr, System.Reflection.Binder binder, System.Object[] parameters, System.Globalization.CultureInfo culture) [0x00032] in <695d1cc93cca45069c528c15c9fdd749>:0 
   --- End of inner exception stack trace ---
  at System.Reflection.MonoMethod.Invoke (System.Object obj, System.Reflection.BindingFlags invokeAttr, System.Reflection.Binder binder, System.Object[] parameters, System.Globalization.CultureInfo culture) [0x00048] in <695d1cc93cca45069c528c15c9fdd749>:0 
  at System.Reflection.MethodBase.Invoke (System.Object obj, System.Object[] parameters) [0x00000] in <695d1cc93cca45069c528c15c9fdd749>:0 
  at UnityEditor.EditorAssemblies.ProcessInitializeOnLoadMethodAttributes () [0x00047] in <ef3b6bf002d8435a97b4e938f6c49b02>:0 
UnityEngine.StackTraceUtility:ExtractStackTrace ()
UnityEngine.DebugLogHandler:LogFormat (UnityEngine.LogType,UnityEngine.Object,string,object[])
UnityEngine.Logger:Log (UnityEngine.LogType,object)
UnityEngine.Debug:LogError (object)
UnityEditor.EditorAssemblies:ProcessInitializeOnLoadMethodAttributes ()

Mono: successfully reloaded assembly
- Completed reload, in  1.585 seconds
Domain Reload Profiling:
	ReloadAssembly (1586ms)
		BeginReloadAssembly (177ms)
			ExecutionOrderSort (0ms)
			DisableScriptedObjects (5ms)
			BackupInstance (0ms)
			ReleaseScriptingObjects (0ms)
			CreateAndSetChildDomain (60ms)
		EndReloadAssembly (1244ms)
			LoadAssemblies (153ms)
			RebuildTransferFunctionScriptingTraits (0ms)
			SetupTypeCache (342ms)
			ReleaseScriptCaches (1ms)
			RebuildScriptCaches (45ms)
			SetupLoadedEditorAssemblies (586ms)
				LogAssemblyErrors (0ms)
				InitializePlatformSupportModulesInManaged (5ms)
				SetLoadedEditorAssemblies (0ms)
				RefreshPlugins (1ms)
				BeforeProcessingInitializeOnLoad (95ms)
				ProcessInitializeOnLoadAttributes (459ms)
				ProcessInitializeOnLoadMethodAttributes (18ms)
				AfterProcessingInitializeOnLoad (8ms)
				EditorAssembliesLoaded (0ms)
			ExecutionOrderSort2 (0ms)
			AwakeInstancesAfterBackupRestoration (9ms)
Platform modules already initialized, skipping
Refreshing native plugins compatible for Editor in 1.00 ms, found 16 plugins.
Preloading 2 native plugins for Editor in 0.16 ms.
Unloading 2357 Unused Serialized files (Serialized files now loaded: 0)
System memory in use before: 126.1 MB.
System memory in use after: 126.3 MB.

Unloading 32 unused Assets to reduce memory usage. Loaded Objects now: 2948.
Total: 4.619400 ms (FindLiveObjects: 0.266200 ms CreateObjectMapping: 0.120600 ms MarkObjects: 4.171900 ms  DeleteObjects: 0.059100 ms)

AssetImportParameters requested are different than current active one (requested -> active):
  custom:framework-win-MediaFoundation: 216162199b28c13a410421893ffa2e32 -> 
  custom:video-decoder-ogg-theora: a1e56fd34408186e4bbccfd4996cb3dc -> 
  custom:container-muxer-webm: aa71ff27fc2769a1b78a27578f13a17b -> 
  custom:container-demuxer-webm: 4f35f7cbe854078d1ac9338744f61a02 -> 
  custom:container-demuxer-ogg: 62fdf1f143b41e24485cea50d1cbac27 -> 
  custom:video-encoder-webm-vp8: eb34c28f22e8b96e1ab97ce403110664 -> 
  custom:video-codec-MediaFoundation-h265: 746d11721c4dcdbdad8f713fa42b33f4 -> 
  custom:video-decoder-webm-vp8: 9c59270c3fd7afecdb556c50c9e8de78 -> 
  custom:audio-decoder-ogg-vorbis: bf7c407c2cedff20999df2af8eb42d56 -> 
  custom:audio-encoder-webm-vorbis: bf7c407c2cedff20999df2af8eb42d56 -> 
========================================================================
Received Prepare
Registering precompiled user dll's ...
Registered in 0.020154 seconds.
Begin MonoManager ReloadAssembly
Native extension for WindowsStandalone target not found
Refreshing native plugins compatible for Editor in 1.02 ms, found 16 plugins.
Preloading 2 native plugins for Editor in 0.20 ms.
System.Reflection.TargetInvocationException: Exception has been thrown by the target of an invocation. ---> System.NullReferenceException: Object reference not set to an instance of an object
  at Unity.XR.Oculus.OculusLoader.AssetPathToAbsolutePath (System.String assetPath) [0x00048] in C:\Users\erlen\Documents\Github\Crystallographic-Reality\Crystallographic Reality\Library\PackageCache\com.unity.xr.oculus@1.9.1\Runtime\OculusLoader.cs:249 
  at Unity.XR.Oculus.OculusLoader.EditorLoadOVRPlugin () [0x0007b] in C:\Users\erlen\Documents\Github\Crystallographic-Reality\Crystallographic Reality\Library\PackageCache\com.unity.xr.oculus@1.9.1\Runtime\OculusLoader.cs:234 
  at (wrapper managed-to-native) System.Reflection.MonoMethod.InternalInvoke(System.Reflection.MonoMethod,object,object[],System.Exception&)
  at System.Reflection.MonoMethod.Invoke (System.Object obj, System.Reflection.BindingFlags invokeAttr, System.Reflection.Binder binder, System.Object[] parameters, System.Globalization.CultureInfo culture) [0x00032] in <695d1cc93cca45069c528c15c9fdd749>:0 
   --- End of inner exception stack trace ---
  at System.Reflection.MonoMethod.Invoke (System.Object obj, System.Reflection.BindingFlags invokeAttr, System.Reflection.Binder binder, System.Object[] parameters, System.Globalization.CultureInfo culture) [0x00048] in <695d1cc93cca45069c528c15c9fdd749>:0 
  at System.Reflection.MethodBase.Invoke (System.Object obj, System.Object[] parameters) [0x00000] in <695d1cc93cca45069c528c15c9fdd749>:0 
  at UnityEditor.EditorAssemblies.ProcessInitializeOnLoadMethodAttributes () [0x00047] in <ef3b6bf002d8435a97b4e938f6c49b02>:0 
UnityEngine.StackTraceUtility:ExtractStackTrace ()
UnityEngine.DebugLogHandler:LogFormat (UnityEngine.LogType,UnityEngine.Object,string,object[])
UnityEngine.Logger:Log (UnityEngine.LogType,object)
UnityEngine.Debug:LogError (object)
UnityEditor.EditorAssemblies:ProcessInitializeOnLoadMethodAttributes ()

Mono: successfully reloaded assembly
- Completed reload, in  1.798 seconds
Domain Reload Profiling:
	ReloadAssembly (1799ms)
		BeginReloadAssembly (156ms)
			ExecutionOrderSort (0ms)
			DisableScriptedObjects (6ms)
			BackupInstance (0ms)
			ReleaseScriptingObjects (0ms)
			CreateAndSetChildDomain (50ms)
		EndReloadAssembly (1550ms)
			LoadAssemblies (135ms)
			RebuildTransferFunctionScriptingTraits (0ms)
			SetupTypeCache (430ms)
			ReleaseScriptCaches (1ms)
			RebuildScriptCaches (60ms)
			SetupLoadedEditorAssemblies (728ms)
				LogAssemblyErrors (0ms)
				InitializePlatformSupportModulesInManaged (5ms)
				SetLoadedEditorAssemblies (1ms)
				RefreshPlugins (1ms)
				BeforeProcessingInitializeOnLoad (124ms)
				ProcessInitializeOnLoadAttributes (569ms)
				ProcessInitializeOnLoadMethodAttributes (20ms)
				AfterProcessingInitializeOnLoad (8ms)
				EditorAssembliesLoaded (0ms)
			ExecutionOrderSort2 (0ms)
			AwakeInstancesAfterBackupRestoration (12ms)
Platform modules already initialized, skipping
Refreshing native plugins compatible for Editor in 0.99 ms, found 16 plugins.
Preloading 2 native plugins for Editor in 0.17 ms.
Unloading 2357 Unused Serialized files (Serialized files now loaded: 0)
System memory in use before: 126.0 MB.
System memory in use after: 126.3 MB.

Unloading 32 unused Assets to reduce memory usage. Loaded Objects now: 2951.
Total: 6.648000 ms (FindLiveObjects: 1.731000 ms CreateObjectMapping: 0.186400 ms MarkObjects: 4.665700 ms  DeleteObjects: 0.060500 ms)

AssetImportParameters requested are different than current active one (requested -> active):
  custom:framework-win-MediaFoundation: 216162199b28c13a410421893ffa2e32 -> 
  custom:video-decoder-ogg-theora: a1e56fd34408186e4bbccfd4996cb3dc -> 
  custom:container-muxer-webm: aa71ff27fc2769a1b78a27578f13a17b -> 
  custom:container-demuxer-webm: 4f35f7cbe854078d1ac9338744f61a02 -> 
  custom:container-demuxer-ogg: 62fdf1f143b41e24485cea50d1cbac27 -> 
  custom:video-encoder-webm-vp8: eb34c28f22e8b96e1ab97ce403110664 -> 
  custom:video-codec-MediaFoundation-h265: 746d11721c4dcdbdad8f713fa42b33f4 -> 
  custom:video-decoder-webm-vp8: 9c59270c3fd7afecdb556c50c9e8de78 -> 
  custom:audio-decoder-ogg-vorbis: bf7c407c2cedff20999df2af8eb42d56 -> 
  custom:audio-encoder-webm-vorbis: bf7c407c2cedff20999df2af8eb42d56 -> 
========================================================================
Received Import Request.
  Time since last request: 725.593743 seconds.
  path: Assets/Scenes/MainGameScene.unity
  artifactKey: Guid(9fc0d4010bbf28b4594072e72b8655ab) Importer(815301076,1909f56bfc062723c751e8b465ee728b)
Start importing Assets/Scenes/MainGameScene.unity using Guid(9fc0d4010bbf28b4594072e72b8655ab) Importer(815301076,1909f56bfc062723c751e8b465ee728b)  -> (artifact id: 'f20dfb6768c0536fc58fa5f7ddcc1882') in 0.043686 seconds 
  Import took 0.050108 seconds .

========================================================================
Received Import Request.
  Time since last request: 0.015159 seconds.
  path: Assets/Scenes/MainGameScene.unity
  artifactKey: Guid(9fc0d4010bbf28b4594072e72b8655ab) Importer(815301076,1909f56bfc062723c751e8b465ee728b)
Start importing Assets/Scenes/MainGameScene.unity using Guid(9fc0d4010bbf28b4594072e72b8655ab) Importer(815301076,1909f56bfc062723c751e8b465ee728b)  -> (artifact id: 'f20dfb6768c0536fc58fa5f7ddcc1882') in 0.005394 seconds 
  Import took 0.010306 seconds .

========================================================================
Received Import Request.
  Time since last request: 310.537507 seconds.
  path: Assets/Scripts/ButtonHandler.cs
  artifactKey: Guid(0c26cc5cad85a4a4eab7ac277a5fe1a8) Importer(815301076,1909f56bfc062723c751e8b465ee728b)
Start importing Assets/Scripts/ButtonHandler.cs using Guid(0c26cc5cad85a4a4eab7ac277a5fe1a8) Importer(815301076,1909f56bfc062723c751e8b465ee728b)  -> (artifact id: '7c6c379437e6177dc7f01de59345a570') in 0.012366 seconds 
  Import took 0.018321 seconds .

========================================================================
Received Import Request.
  Time since last request: 0.009864 seconds.
  path: Assets/Scripts/ButtonHandler.cs
  artifactKey: Guid(0c26cc5cad85a4a4eab7ac277a5fe1a8) Importer(815301076,1909f56bfc062723c751e8b465ee728b)
Start importing Assets/Scripts/ButtonHandler.cs using Guid(0c26cc5cad85a4a4eab7ac277a5fe1a8) Importer(815301076,1909f56bfc062723c751e8b465ee728b)  -> (artifact id: '7c6c379437e6177dc7f01de59345a570') in 0.008168 seconds 
  Import took 0.013974 seconds .

========================================================================
Received Prepare
Registering precompiled user dll's ...
Registered in 1.481432 seconds.
Begin MonoManager ReloadAssembly
Native extension for WindowsStandalone target not found
Refreshing native plugins compatible for Editor in 1.09 ms, found 16 plugins.
Preloading 2 native plugins for Editor in 0.40 ms.
System.Reflection.TargetInvocationException: Exception has been thrown by the target of an invocation. ---> System.NullReferenceException: Object reference not set to an instance of an object
  at Unity.XR.Oculus.OculusLoader.AssetPathToAbsolutePath (System.String assetPath) [0x00048] in C:\Users\erlen\Documents\Github\Crystallographic-Reality\Crystallographic Reality\Library\PackageCache\com.unity.xr.oculus@1.9.1\Runtime\OculusLoader.cs:249 
  at Unity.XR.Oculus.OculusLoader.EditorLoadOVRPlugin () [0x0007b] in C:\Users\erlen\Documents\Github\Crystallographic-Reality\Crystallographic Reality\Library\PackageCache\com.unity.xr.oculus@1.9.1\Runtime\OculusLoader.cs:234 
  at (wrapper managed-to-native) System.Reflection.MonoMethod.InternalInvoke(System.Reflection.MonoMethod,object,object[],System.Exception&)
  at System.Reflection.MonoMethod.Invoke (System.Object obj, System.Reflection.BindingFlags invokeAttr, System.Reflection.Binder binder, System.Object[] parameters, System.Globalization.CultureInfo culture) [0x00032] in <695d1cc93cca45069c528c15c9fdd749>:0 
   --- End of inner exception stack trace ---
  at System.Reflection.MonoMethod.Invoke (System.Object obj, System.Reflection.BindingFlags invokeAttr, System.Reflection.Binder binder, System.Object[] parameters, System.Globalization.CultureInfo culture) [0x00048] in <695d1cc93cca45069c528c15c9fdd749>:0 
  at System.Reflection.MethodBase.Invoke (System.Object obj, System.Object[] parameters) [0x00000] in <695d1cc93cca45069c528c15c9fdd749>:0 
  at UnityEditor.EditorAssemblies.ProcessInitializeOnLoadMethodAttributes () [0x00047] in <ef3b6bf002d8435a97b4e938f6c49b02>:0 
UnityEngine.StackTraceUtility:ExtractStackTrace ()
UnityEngine.DebugLogHandler:LogFormat (UnityEngine.LogType,UnityEngine.Object,string,object[])
UnityEngine.Logger:Log (UnityEngine.LogType,object)
UnityEngine.Debug:LogError (object)
UnityEditor.EditorAssemblies:ProcessInitializeOnLoadMethodAttributes ()

Mono: successfully reloaded assembly
- Completed reload, in  1.950 seconds
Domain Reload Profiling:
	ReloadAssembly (1950ms)
		BeginReloadAssembly (146ms)
			ExecutionOrderSort (0ms)
			DisableScriptedObjects (6ms)
			BackupInstance (0ms)
			ReleaseScriptingObjects (0ms)
			CreateAndSetChildDomain (46ms)
		EndReloadAssembly (1728ms)
			LoadAssemblies (127ms)
			RebuildTransferFunctionScriptingTraits (0ms)
			SetupTypeCache (539ms)
			ReleaseScriptCaches (1ms)
			RebuildScriptCaches (53ms)
			SetupLoadedEditorAssemblies (726ms)
				LogAssemblyErrors (0ms)
				InitializePlatformSupportModulesInManaged (5ms)
				SetLoadedEditorAssemblies (1ms)
				RefreshPlugins (2ms)
				BeforeProcessingInitializeOnLoad (138ms)
				ProcessInitializeOnLoadAttributes (553ms)
				ProcessInitializeOnLoadMethodAttributes (17ms)
				AfterProcessingInitializeOnLoad (9ms)
				EditorAssembliesLoaded (0ms)
			ExecutionOrderSort2 (0ms)
			AwakeInstancesAfterBackupRestoration (9ms)
Platform modules already initialized, skipping
Refreshing native plugins compatible for Editor in 1.00 ms, found 16 plugins.
Preloading 2 native plugins for Editor in 0.16 ms.
Unloading 2358 Unused Serialized files (Serialized files now loaded: 0)
System memory in use before: 126.2 MB.
System memory in use after: 126.4 MB.

Unloading 32 unused Assets to reduce memory usage. Loaded Objects now: 2955.
Total: 5.284000 ms (FindLiveObjects: 0.295300 ms CreateObjectMapping: 0.121000 ms MarkObjects: 4.816300 ms  DeleteObjects: 0.049200 ms)

AssetImportParameters requested are different than current active one (requested -> active):
  custom:framework-win-MediaFoundation: 216162199b28c13a410421893ffa2e32 -> 
  custom:video-decoder-ogg-theora: a1e56fd34408186e4bbccfd4996cb3dc -> 
  custom:container-muxer-webm: aa71ff27fc2769a1b78a27578f13a17b -> 
  custom:container-demuxer-webm: 4f35f7cbe854078d1ac9338744f61a02 -> 
  custom:container-demuxer-ogg: 62fdf1f143b41e24485cea50d1cbac27 -> 
  custom:video-encoder-webm-vp8: eb34c28f22e8b96e1ab97ce403110664 -> 
  custom:video-codec-MediaFoundation-h265: 746d11721c4dcdbdad8f713fa42b33f4 -> 
  custom:video-decoder-webm-vp8: 9c59270c3fd7afecdb556c50c9e8de78 -> 
  custom:audio-decoder-ogg-vorbis: bf7c407c2cedff20999df2af8eb42d56 -> 
  custom:audio-encoder-webm-vorbis: bf7c407c2cedff20999df2af8eb42d56 -> 
========================================================================
Received Prepare
Registering precompiled user dll's ...
Registered in 0.014777 seconds.
Begin MonoManager ReloadAssembly
Native extension for WindowsStandalone target not found
Refreshing native plugins compatible for Editor in 0.92 ms, found 16 plugins.
Preloading 2 native plugins for Editor in 0.15 ms.
System.Reflection.TargetInvocationException: Exception has been thrown by the target of an invocation. ---> System.NullReferenceException: Object reference not set to an instance of an object
  at Unity.XR.Oculus.OculusLoader.AssetPathToAbsolutePath (System.String assetPath) [0x00048] in C:\Users\erlen\Documents\Github\Crystallographic-Reality\Crystallographic Reality\Library\PackageCache\com.unity.xr.oculus@1.9.1\Runtime\OculusLoader.cs:249 
  at Unity.XR.Oculus.OculusLoader.EditorLoadOVRPlugin () [0x0007b] in C:\Users\erlen\Documents\Github\Crystallographic-Reality\Crystallographic Reality\Library\PackageCache\com.unity.xr.oculus@1.9.1\Runtime\OculusLoader.cs:234 
  at (wrapper managed-to-native) System.Reflection.MonoMethod.InternalInvoke(System.Reflection.MonoMethod,object,object[],System.Exception&)
  at System.Reflection.MonoMethod.Invoke (System.Object obj, System.Reflection.BindingFlags invokeAttr, System.Reflection.Binder binder, System.Object[] parameters, System.Globalization.CultureInfo culture) [0x00032] in <695d1cc93cca45069c528c15c9fdd749>:0 
   --- End of inner exception stack trace ---
  at System.Reflection.MonoMethod.Invoke (System.Object obj, System.Reflection.BindingFlags invokeAttr, System.Reflection.Binder binder, System.Object[] parameters, System.Globalization.CultureInfo culture) [0x00048] in <695d1cc93cca45069c528c15c9fdd749>:0 
  at System.Reflection.MethodBase.Invoke (System.Object obj, System.Object[] parameters) [0x00000] in <695d1cc93cca45069c528c15c9fdd749>:0 
  at UnityEditor.EditorAssemblies.ProcessInitializeOnLoadMethodAttributes () [0x00047] in <ef3b6bf002d8435a97b4e938f6c49b02>:0 
UnityEngine.StackTraceUtility:ExtractStackTrace ()
UnityEngine.DebugLogHandler:LogFormat (UnityEngine.LogType,UnityEngine.Object,string,object[])
UnityEngine.Logger:Log (UnityEngine.LogType,object)
UnityEngine.Debug:LogError (object)
UnityEditor.EditorAssemblies:ProcessInitializeOnLoadMethodAttributes ()

Mono: successfully reloaded assembly
- Completed reload, in  1.434 seconds
Domain Reload Profiling:
	ReloadAssembly (1434ms)
		BeginReloadAssembly (133ms)
			ExecutionOrderSort (0ms)
			DisableScriptedObjects (5ms)
			BackupInstance (0ms)
			ReleaseScriptingObjects (0ms)
			CreateAndSetChildDomain (39ms)
		EndReloadAssembly (1215ms)
			LoadAssemblies (107ms)
			RebuildTransferFunctionScriptingTraits (0ms)
			SetupTypeCache (379ms)
			ReleaseScriptCaches (1ms)
			RebuildScriptCaches (42ms)
			SetupLoadedEditorAssemblies (539ms)
				LogAssemblyErrors (0ms)
				InitializePlatformSupportModulesInManaged (4ms)
				SetLoadedEditorAssemblies (0ms)
				RefreshPlugins (1ms)
				BeforeProcessingInitializeOnLoad (99ms)
				ProcessInitializeOnLoadAttributes (413ms)
				ProcessInitializeOnLoadMethodAttributes (14ms)
				AfterProcessingInitializeOnLoad (7ms)
				EditorAssembliesLoaded (0ms)
			ExecutionOrderSort2 (0ms)
			AwakeInstancesAfterBackupRestoration (10ms)
Platform modules already initialized, skipping
Refreshing native plugins compatible for Editor in 0.93 ms, found 16 plugins.
Preloading 2 native plugins for Editor in 0.23 ms.
Unloading 2358 Unused Serialized files (Serialized files now loaded: 0)
System memory in use before: 126.2 MB.
System memory in use after: 126.4 MB.

Unloading 32 unused Assets to reduce memory usage. Loaded Objects now: 2958.
Total: 13.031300 ms (FindLiveObjects: 1.172900 ms CreateObjectMapping: 0.199500 ms MarkObjects: 11.625000 ms  DeleteObjects: 0.032000 ms)

AssetImportParameters requested are different than current active one (requested -> active):
  custom:framework-win-MediaFoundation: 216162199b28c13a410421893ffa2e32 -> 
  custom:video-decoder-ogg-theora: a1e56fd34408186e4bbccfd4996cb3dc -> 
  custom:container-muxer-webm: aa71ff27fc2769a1b78a27578f13a17b -> 
  custom:container-demuxer-webm: 4f35f7cbe854078d1ac9338744f61a02 -> 
  custom:container-demuxer-ogg: 62fdf1f143b41e24485cea50d1cbac27 -> 
  custom:video-encoder-webm-vp8: eb34c28f22e8b96e1ab97ce403110664 -> 
  custom:video-codec-MediaFoundation-h265: 746d11721c4dcdbdad8f713fa42b33f4 -> 
  custom:video-decoder-webm-vp8: 9c59270c3fd7afecdb556c50c9e8de78 -> 
  custom:audio-decoder-ogg-vorbis: bf7c407c2cedff20999df2af8eb42d56 -> 
  custom:audio-encoder-webm-vorbis: bf7c407c2cedff20999df2af8eb42d56 -> 
========================================================================
Received Import Request.
  Time since last request: 1522.333296 seconds.
  path: Assets/Scripts/ToggleHandler.cs
  artifactKey: Guid(28d5fd198ab911f44ae19a0242286e72) Importer(815301076,1909f56bfc062723c751e8b465ee728b)
Start importing Assets/Scripts/ToggleHandler.cs using Guid(28d5fd198ab911f44ae19a0242286e72) Importer(815301076,1909f56bfc062723c751e8b465ee728b)  -> (artifact id: 'bd064525236f8c285a0b04bbbc65b478') in 0.021566 seconds 
  Import took 0.027109 seconds .

========================================================================
Received Import Request.
  Time since last request: 151.354635 seconds.
  path: Assets/Scripts/ToggleHandler.cs
  artifactKey: Guid(28d5fd198ab911f44ae19a0242286e72) Importer(815301076,1909f56bfc062723c751e8b465ee728b)
Start importing Assets/Scripts/ToggleHandler.cs using Guid(28d5fd198ab911f44ae19a0242286e72) Importer(815301076,1909f56bfc062723c751e8b465ee728b)  -> (artifact id: '50026d340bc32c06eae528985e651636') in 0.010251 seconds 
  Import took 0.017275 seconds .

========================================================================
Received Prepare
Registering precompiled user dll's ...
Registered in 0.014168 seconds.
Begin MonoManager ReloadAssembly
Native extension for WindowsStandalone target not found
Refreshing native plugins compatible for Editor in 1.30 ms, found 16 plugins.
Preloading 2 native plugins for Editor in 0.28 ms.
System.Reflection.TargetInvocationException: Exception has been thrown by the target of an invocation. ---> System.NullReferenceException: Object reference not set to an instance of an object
  at Unity.XR.Oculus.OculusLoader.AssetPathToAbsolutePath (System.String assetPath) [0x00048] in C:\Users\erlen\Documents\Github\Crystallographic-Reality\Crystallographic Reality\Library\PackageCache\com.unity.xr.oculus@1.9.1\Runtime\OculusLoader.cs:249 
  at Unity.XR.Oculus.OculusLoader.EditorLoadOVRPlugin () [0x0007b] in C:\Users\erlen\Documents\Github\Crystallographic-Reality\Crystallographic Reality\Library\PackageCache\com.unity.xr.oculus@1.9.1\Runtime\OculusLoader.cs:234 
  at (wrapper managed-to-native) System.Reflection.MonoMethod.InternalInvoke(System.Reflection.MonoMethod,object,object[],System.Exception&)
  at System.Reflection.MonoMethod.Invoke (System.Object obj, System.Reflection.BindingFlags invokeAttr, System.Reflection.Binder binder, System.Object[] parameters, System.Globalization.CultureInfo culture) [0x00032] in <695d1cc93cca45069c528c15c9fdd749>:0 
   --- End of inner exception stack trace ---
  at System.Reflection.MonoMethod.Invoke (System.Object obj, System.Reflection.BindingFlags invokeAttr, System.Reflection.Binder binder, System.Object[] parameters, System.Globalization.CultureInfo culture) [0x00048] in <695d1cc93cca45069c528c15c9fdd749>:0 
  at System.Reflection.MethodBase.Invoke (System.Object obj, System.Object[] parameters) [0x00000] in <695d1cc93cca45069c528c15c9fdd749>:0 
  at UnityEditor.EditorAssemblies.ProcessInitializeOnLoadMethodAttributes () [0x00047] in <ef3b6bf002d8435a97b4e938f6c49b02>:0 
UnityEngine.StackTraceUtility:ExtractStackTrace ()
UnityEngine.DebugLogHandler:LogFormat (UnityEngine.LogType,UnityEngine.Object,string,object[])
UnityEngine.Logger:Log (UnityEngine.LogType,object)
UnityEngine.Debug:LogError (object)
UnityEditor.EditorAssemblies:ProcessInitializeOnLoadMethodAttributes ()

Mono: successfully reloaded assembly
- Completed reload, in  2.025 seconds
Domain Reload Profiling:
	ReloadAssembly (2026ms)
		BeginReloadAssembly (200ms)
			ExecutionOrderSort (0ms)
			DisableScriptedObjects (5ms)
			BackupInstance (0ms)
			ReleaseScriptingObjects (0ms)
			CreateAndSetChildDomain (78ms)
		EndReloadAssembly (1681ms)
			LoadAssemblies (138ms)
			RebuildTransferFunctionScriptingTraits (0ms)
			SetupTypeCache (452ms)
			ReleaseScriptCaches (1ms)
			RebuildScriptCaches (78ms)
			SetupLoadedEditorAssemblies (792ms)
				LogAssemblyErrors (0ms)
				InitializePlatformSupportModulesInManaged (8ms)
				SetLoadedEditorAssemblies (1ms)
				RefreshPlugins (2ms)
				BeforeProcessingInitializeOnLoad (147ms)
				ProcessInitializeOnLoadAttributes (611ms)
				ProcessInitializeOnLoadMethodAttributes (15ms)
				AfterProcessingInitializeOnLoad (7ms)
				EditorAssembliesLoaded (0ms)
			ExecutionOrderSort2 (0ms)
			AwakeInstancesAfterBackupRestoration (9ms)
Platform modules already initialized, skipping
Refreshing native plugins compatible for Editor in 1.06 ms, found 16 plugins.
Preloading 2 native plugins for Editor in 0.17 ms.
Unloading 2358 Unused Serialized files (Serialized files now loaded: 0)
System memory in use before: 126.2 MB.
System memory in use after: 126.5 MB.

Unloading 32 unused Assets to reduce memory usage. Loaded Objects now: 2961.
Total: 4.389900 ms (FindLiveObjects: 0.280900 ms CreateObjectMapping: 0.107500 ms MarkObjects: 3.930900 ms  DeleteObjects: 0.069600 ms)

AssetImportParameters requested are different than current active one (requested -> active):
  custom:framework-win-MediaFoundation: 216162199b28c13a410421893ffa2e32 -> 
  custom:video-decoder-ogg-theora: a1e56fd34408186e4bbccfd4996cb3dc -> 
  custom:container-muxer-webm: aa71ff27fc2769a1b78a27578f13a17b -> 
  custom:container-demuxer-webm: 4f35f7cbe854078d1ac9338744f61a02 -> 
  custom:container-demuxer-ogg: 62fdf1f143b41e24485cea50d1cbac27 -> 
  custom:video-encoder-webm-vp8: eb34c28f22e8b96e1ab97ce403110664 -> 
  custom:video-codec-MediaFoundation-h265: 746d11721c4dcdbdad8f713fa42b33f4 -> 
  custom:video-decoder-webm-vp8: 9c59270c3fd7afecdb556c50c9e8de78 -> 
  custom:audio-decoder-ogg-vorbis: bf7c407c2cedff20999df2af8eb42d56 -> 
  custom:audio-encoder-webm-vorbis: bf7c407c2cedff20999df2af8eb42d56 -> 
========================================================================
Received Prepare
Registering precompiled user dll's ...
Registered in 0.013659 seconds.
Begin MonoManager ReloadAssembly
Native extension for WindowsStandalone target not found
Refreshing native plugins compatible for Editor in 0.87 ms, found 16 plugins.
Preloading 2 native plugins for Editor in 0.16 ms.
System.Reflection.TargetInvocationException: Exception has been thrown by the target of an invocation. ---> System.NullReferenceException: Object reference not set to an instance of an object
  at Unity.XR.Oculus.OculusLoader.AssetPathToAbsolutePath (System.String assetPath) [0x00048] in C:\Users\erlen\Documents\Github\Crystallographic-Reality\Crystallographic Reality\Library\PackageCache\com.unity.xr.oculus@1.9.1\Runtime\OculusLoader.cs:249 
  at Unity.XR.Oculus.OculusLoader.EditorLoadOVRPlugin () [0x0007b] in C:\Users\erlen\Documents\Github\Crystallographic-Reality\Crystallographic Reality\Library\PackageCache\com.unity.xr.oculus@1.9.1\Runtime\OculusLoader.cs:234 
  at (wrapper managed-to-native) System.Reflection.MonoMethod.InternalInvoke(System.Reflection.MonoMethod,object,object[],System.Exception&)
  at System.Reflection.MonoMethod.Invoke (System.Object obj, System.Reflection.BindingFlags invokeAttr, System.Reflection.Binder binder, System.Object[] parameters, System.Globalization.CultureInfo culture) [0x00032] in <695d1cc93cca45069c528c15c9fdd749>:0 
   --- End of inner exception stack trace ---
  at System.Reflection.MonoMethod.Invoke (System.Object obj, System.Reflection.BindingFlags invokeAttr, System.Reflection.Binder binder, System.Object[] parameters, System.Globalization.CultureInfo culture) [0x00048] in <695d1cc93cca45069c528c15c9fdd749>:0 
  at System.Reflection.MethodBase.Invoke (System.Object obj, System.Object[] parameters) [0x00000] in <695d1cc93cca45069c528c15c9fdd749>:0 
  at UnityEditor.EditorAssemblies.ProcessInitializeOnLoadMethodAttributes () [0x00047] in <ef3b6bf002d8435a97b4e938f6c49b02>:0 
UnityEngine.StackTraceUtility:ExtractStackTrace ()
UnityEngine.DebugLogHandler:LogFormat (UnityEngine.LogType,UnityEngine.Object,string,object[])
UnityEngine.Logger:Log (UnityEngine.LogType,object)
UnityEngine.Debug:LogError (object)
UnityEditor.EditorAssemblies:ProcessInitializeOnLoadMethodAttributes ()

Mono: successfully reloaded assembly
- Completed reload, in  1.572 seconds
Domain Reload Profiling:
	ReloadAssembly (1572ms)
		BeginReloadAssembly (188ms)
			ExecutionOrderSort (0ms)
			DisableScriptedObjects (6ms)
			BackupInstance (0ms)
			ReleaseScriptingObjects (0ms)
			CreateAndSetChildDomain (39ms)
		EndReloadAssembly (1281ms)
			LoadAssemblies (198ms)
			RebuildTransferFunctionScriptingTraits (0ms)
			SetupTypeCache (363ms)
			ReleaseScriptCaches (1ms)
			RebuildScriptCaches (45ms)
			SetupLoadedEditorAssemblies (576ms)
				LogAssemblyErrors (0ms)
				InitializePlatformSupportModulesInManaged (5ms)
				SetLoadedEditorAssemblies (1ms)
				RefreshPlugins (1ms)
				BeforeProcessingInitializeOnLoad (94ms)
				ProcessInitializeOnLoadAttributes (452ms)
				ProcessInitializeOnLoadMethodAttributes (15ms)
				AfterProcessingInitializeOnLoad (8ms)
				EditorAssembliesLoaded (0ms)
			ExecutionOrderSort2 (0ms)
			AwakeInstancesAfterBackupRestoration (9ms)
Platform modules already initialized, skipping
Refreshing native plugins compatible for Editor in 0.93 ms, found 16 plugins.
Preloading 2 native plugins for Editor in 0.16 ms.
Unloading 2358 Unused Serialized files (Serialized files now loaded: 0)
System memory in use before: 126.2 MB.
System memory in use after: 126.5 MB.

Unloading 32 unused Assets to reduce memory usage. Loaded Objects now: 2964.
Total: 3.709300 ms (FindLiveObjects: 0.241900 ms CreateObjectMapping: 0.104400 ms MarkObjects: 3.304800 ms  DeleteObjects: 0.057600 ms)

AssetImportParameters requested are different than current active one (requested -> active):
  custom:framework-win-MediaFoundation: 216162199b28c13a410421893ffa2e32 -> 
  custom:video-decoder-ogg-theora: a1e56fd34408186e4bbccfd4996cb3dc -> 
  custom:container-muxer-webm: aa71ff27fc2769a1b78a27578f13a17b -> 
  custom:container-demuxer-webm: 4f35f7cbe854078d1ac9338744f61a02 -> 
  custom:container-demuxer-ogg: 62fdf1f143b41e24485cea50d1cbac27 -> 
  custom:video-encoder-webm-vp8: eb34c28f22e8b96e1ab97ce403110664 -> 
  custom:video-codec-MediaFoundation-h265: 746d11721c4dcdbdad8f713fa42b33f4 -> 
  custom:video-decoder-webm-vp8: 9c59270c3fd7afecdb556c50c9e8de78 -> 
  custom:audio-decoder-ogg-vorbis: bf7c407c2cedff20999df2af8eb42d56 -> 
  custom:audio-encoder-webm-vorbis: bf7c407c2cedff20999df2af8eb42d56 -> 
========================================================================
Received Import Request.
  Time since last request: 176.083526 seconds.
  path: Assets/Scenes/MainGameScene.unity
  artifactKey: Guid(9fc0d4010bbf28b4594072e72b8655ab) Importer(815301076,1909f56bfc062723c751e8b465ee728b)
Start importing Assets/Scenes/MainGameScene.unity using Guid(9fc0d4010bbf28b4594072e72b8655ab) Importer(815301076,1909f56bfc062723c751e8b465ee728b)  -> (artifact id: 'd1adb3e30c533e5fb845ea5b5fd4e274') in 0.037198 seconds 
  Import took 0.043494 seconds .

========================================================================
Received Prepare
Registering precompiled user dll's ...
Registered in 0.018145 seconds.
Begin MonoManager ReloadAssembly
Native extension for WindowsStandalone target not found
Refreshing native plugins compatible for Editor in 0.89 ms, found 16 plugins.
Preloading 2 native plugins for Editor in 0.17 ms.
System.Reflection.TargetInvocationException: Exception has been thrown by the target of an invocation. ---> System.NullReferenceException: Object reference not set to an instance of an object
  at Unity.XR.Oculus.OculusLoader.AssetPathToAbsolutePath (System.String assetPath) [0x00048] in C:\Users\erlen\Documents\Github\Crystallographic-Reality\Crystallographic Reality\Library\PackageCache\com.unity.xr.oculus@1.9.1\Runtime\OculusLoader.cs:249 
  at Unity.XR.Oculus.OculusLoader.EditorLoadOVRPlugin () [0x0007b] in C:\Users\erlen\Documents\Github\Crystallographic-Reality\Crystallographic Reality\Library\PackageCache\com.unity.xr.oculus@1.9.1\Runtime\OculusLoader.cs:234 
  at (wrapper managed-to-native) System.Reflection.MonoMethod.InternalInvoke(System.Reflection.MonoMethod,object,object[],System.Exception&)
  at System.Reflection.MonoMethod.Invoke (System.Object obj, System.Reflection.BindingFlags invokeAttr, System.Reflection.Binder binder, System.Object[] parameters, System.Globalization.CultureInfo culture) [0x00032] in <695d1cc93cca45069c528c15c9fdd749>:0 
   --- End of inner exception stack trace ---
  at System.Reflection.MonoMethod.Invoke (System.Object obj, System.Reflection.BindingFlags invokeAttr, System.Reflection.Binder binder, System.Object[] parameters, System.Globalization.CultureInfo culture) [0x00048] in <695d1cc93cca45069c528c15c9fdd749>:0 
  at System.Reflection.MethodBase.Invoke (System.Object obj, System.Object[] parameters) [0x00000] in <695d1cc93cca45069c528c15c9fdd749>:0 
  at UnityEditor.EditorAssemblies.ProcessInitializeOnLoadMethodAttributes () [0x00047] in <ef3b6bf002d8435a97b4e938f6c49b02>:0 
UnityEngine.StackTraceUtility:ExtractStackTrace ()
UnityEngine.DebugLogHandler:LogFormat (UnityEngine.LogType,UnityEngine.Object,string,object[])
UnityEngine.Logger:Log (UnityEngine.LogType,object)
UnityEngine.Debug:LogError (object)
UnityEditor.EditorAssemblies:ProcessInitializeOnLoadMethodAttributes ()

Mono: successfully reloaded assembly
- Completed reload, in  1.783 seconds
Domain Reload Profiling:
	ReloadAssembly (1783ms)
		BeginReloadAssembly (202ms)
			ExecutionOrderSort (0ms)
			DisableScriptedObjects (5ms)
			BackupInstance (0ms)
			ReleaseScriptingObjects (0ms)
			CreateAndSetChildDomain (44ms)
		EndReloadAssembly (1369ms)
			LoadAssemblies (210ms)
			RebuildTransferFunctionScriptingTraits (0ms)
			SetupTypeCache (398ms)
			ReleaseScriptCaches (1ms)
			RebuildScriptCaches (58ms)
			SetupLoadedEditorAssemblies (607ms)
				LogAssemblyErrors (0ms)
				InitializePlatformSupportModulesInManaged (5ms)
				SetLoadedEditorAssemblies (0ms)
				RefreshPlugins (1ms)
				BeforeProcessingInitializeOnLoad (98ms)
				ProcessInitializeOnLoadAttributes (476ms)
				ProcessInitializeOnLoadMethodAttributes (19ms)
				AfterProcessingInitializeOnLoad (7ms)
				EditorAssembliesLoaded (0ms)
			ExecutionOrderSort2 (0ms)
			AwakeInstancesAfterBackupRestoration (8ms)
Platform modules already initialized, skipping
Refreshing native plugins compatible for Editor in 0.95 ms, found 16 plugins.
Preloading 2 native plugins for Editor in 0.16 ms.
Unloading 2358 Unused Serialized files (Serialized files now loaded: 0)
System memory in use before: 126.2 MB.
System memory in use after: 126.4 MB.

Unloading 32 unused Assets to reduce memory usage. Loaded Objects now: 2967.
Total: 3.919700 ms (FindLiveObjects: 0.239100 ms CreateObjectMapping: 0.100800 ms MarkObjects: 3.524700 ms  DeleteObjects: 0.054100 ms)

AssetImportParameters requested are different than current active one (requested -> active):
  custom:framework-win-MediaFoundation: 216162199b28c13a410421893ffa2e32 -> 
  custom:video-decoder-ogg-theora: a1e56fd34408186e4bbccfd4996cb3dc -> 
  custom:container-muxer-webm: aa71ff27fc2769a1b78a27578f13a17b -> 
  custom:container-demuxer-webm: 4f35f7cbe854078d1ac9338744f61a02 -> 
  custom:container-demuxer-ogg: 62fdf1f143b41e24485cea50d1cbac27 -> 
  custom:video-encoder-webm-vp8: eb34c28f22e8b96e1ab97ce403110664 -> 
  custom:video-codec-MediaFoundation-h265: 746d11721c4dcdbdad8f713fa42b33f4 -> 
  custom:video-decoder-webm-vp8: 9c59270c3fd7afecdb556c50c9e8de78 -> 
  custom:audio-decoder-ogg-vorbis: bf7c407c2cedff20999df2af8eb42d56 -> 
  custom:audio-encoder-webm-vorbis: bf7c407c2cedff20999df2af8eb42d56 -> 
========================================================================
Received Prepare
Registering precompiled user dll's ...
Registered in 0.014232 seconds.
Begin MonoManager ReloadAssembly
Native extension for WindowsStandalone target not found
Refreshing native plugins compatible for Editor in 1.07 ms, found 16 plugins.
Preloading 2 native plugins for Editor in 0.18 ms.
System.Reflection.TargetInvocationException: Exception has been thrown by the target of an invocation. ---> System.NullReferenceException: Object reference not set to an instance of an object
  at Unity.XR.Oculus.OculusLoader.AssetPathToAbsolutePath (System.String assetPath) [0x00048] in C:\Users\erlen\Documents\Github\Crystallographic-Reality\Crystallographic Reality\Library\PackageCache\com.unity.xr.oculus@1.9.1\Runtime\OculusLoader.cs:249 
  at Unity.XR.Oculus.OculusLoader.EditorLoadOVRPlugin () [0x0007b] in C:\Users\erlen\Documents\Github\Crystallographic-Reality\Crystallographic Reality\Library\PackageCache\com.unity.xr.oculus@1.9.1\Runtime\OculusLoader.cs:234 
  at (wrapper managed-to-native) System.Reflection.MonoMethod.InternalInvoke(System.Reflection.MonoMethod,object,object[],System.Exception&)
  at System.Reflection.MonoMethod.Invoke (System.Object obj, System.Reflection.BindingFlags invokeAttr, System.Reflection.Binder binder, System.Object[] parameters, System.Globalization.CultureInfo culture) [0x00032] in <695d1cc93cca45069c528c15c9fdd749>:0 
   --- End of inner exception stack trace ---
  at System.Reflection.MonoMethod.Invoke (System.Object obj, System.Reflection.BindingFlags invokeAttr, System.Reflection.Binder binder, System.Object[] parameters, System.Globalization.CultureInfo culture) [0x00048] in <695d1cc93cca45069c528c15c9fdd749>:0 
  at System.Reflection.MethodBase.Invoke (System.Object obj, System.Object[] parameters) [0x00000] in <695d1cc93cca45069c528c15c9fdd749>:0 
  at UnityEditor.EditorAssemblies.ProcessInitializeOnLoadMethodAttributes () [0x00047] in <ef3b6bf002d8435a97b4e938f6c49b02>:0 
UnityEngine.StackTraceUtility:ExtractStackTrace ()
UnityEngine.DebugLogHandler:LogFormat (UnityEngine.LogType,UnityEngine.Object,string,object[])
UnityEngine.Logger:Log (UnityEngine.LogType,object)
UnityEngine.Debug:LogError (object)
UnityEditor.EditorAssemblies:ProcessInitializeOnLoadMethodAttributes ()

Mono: successfully reloaded assembly
- Completed reload, in  1.680 seconds
Domain Reload Profiling:
	ReloadAssembly (1680ms)
		BeginReloadAssembly (145ms)
			ExecutionOrderSort (0ms)
			DisableScriptedObjects (5ms)
			BackupInstance (0ms)
			ReleaseScriptingObjects (0ms)
			CreateAndSetChildDomain (39ms)
		EndReloadAssembly (1350ms)
			LoadAssemblies (172ms)
			RebuildTransferFunctionScriptingTraits (0ms)
			SetupTypeCache (390ms)
			ReleaseScriptCaches (1ms)
			RebuildScriptCaches (50ms)
			SetupLoadedEditorAssemblies (601ms)
				LogAssemblyErrors (0ms)
				InitializePlatformSupportModulesInManaged (5ms)
				SetLoadedEditorAssemblies (1ms)
				RefreshPlugins (1ms)
				BeforeProcessingInitializeOnLoad (102ms)
				ProcessInitializeOnLoadAttributes (468ms)
				ProcessInitializeOnLoadMethodAttributes (16ms)
				AfterProcessingInitializeOnLoad (8ms)
				EditorAssembliesLoaded (0ms)
			ExecutionOrderSort2 (0ms)
			AwakeInstancesAfterBackupRestoration (9ms)
Platform modules already initialized, skipping
Refreshing native plugins compatible for Editor in 1.38 ms, found 16 plugins.
Preloading 2 native plugins for Editor in 0.20 ms.
Unloading 2358 Unused Serialized files (Serialized files now loaded: 0)
System memory in use before: 126.3 MB.
System memory in use after: 126.5 MB.

Unloading 32 unused Assets to reduce memory usage. Loaded Objects now: 2970.
Total: 4.633600 ms (FindLiveObjects: 0.720000 ms CreateObjectMapping: 0.153600 ms MarkObjects: 3.693800 ms  DeleteObjects: 0.065100 ms)

AssetImportParameters requested are different than current active one (requested -> active):
  custom:framework-win-MediaFoundation: 216162199b28c13a410421893ffa2e32 -> 
  custom:video-decoder-ogg-theora: a1e56fd34408186e4bbccfd4996cb3dc -> 
  custom:container-muxer-webm: aa71ff27fc2769a1b78a27578f13a17b -> 
  custom:container-demuxer-webm: 4f35f7cbe854078d1ac9338744f61a02 -> 
  custom:container-demuxer-ogg: 62fdf1f143b41e24485cea50d1cbac27 -> 
  custom:video-encoder-webm-vp8: eb34c28f22e8b96e1ab97ce403110664 -> 
  custom:video-codec-MediaFoundation-h265: 746d11721c4dcdbdad8f713fa42b33f4 -> 
  custom:video-decoder-webm-vp8: 9c59270c3fd7afecdb556c50c9e8de78 -> 
  custom:audio-decoder-ogg-vorbis: bf7c407c2cedff20999df2af8eb42d56 -> 
  custom:audio-encoder-webm-vorbis: bf7c407c2cedff20999df2af8eb42d56 -> 
========================================================================
Received Prepare
Registering precompiled user dll's ...
Registered in 0.014776 seconds.
Begin MonoManager ReloadAssembly
Native extension for WindowsStandalone target not found
Refreshing native plugins compatible for Editor in 0.99 ms, found 16 plugins.
Preloading 2 native plugins for Editor in 0.27 ms.
System.Reflection.TargetInvocationException: Exception has been thrown by the target of an invocation. ---> System.NullReferenceException: Object reference not set to an instance of an object
  at Unity.XR.Oculus.OculusLoader.AssetPathToAbsolutePath (System.String assetPath) [0x00048] in C:\Users\erlen\Documents\Github\Crystallographic-Reality\Crystallographic Reality\Library\PackageCache\com.unity.xr.oculus@1.9.1\Runtime\OculusLoader.cs:249 
  at Unity.XR.Oculus.OculusLoader.EditorLoadOVRPlugin () [0x0007b] in C:\Users\erlen\Documents\Github\Crystallographic-Reality\Crystallographic Reality\Library\PackageCache\com.unity.xr.oculus@1.9.1\Runtime\OculusLoader.cs:234 
  at (wrapper managed-to-native) System.Reflection.MonoMethod.InternalInvoke(System.Reflection.MonoMethod,object,object[],System.Exception&)
  at System.Reflection.MonoMethod.Invoke (System.Object obj, System.Reflection.BindingFlags invokeAttr, System.Reflection.Binder binder, System.Object[] parameters, System.Globalization.CultureInfo culture) [0x00032] in <695d1cc93cca45069c528c15c9fdd749>:0 
   --- End of inner exception stack trace ---
  at System.Reflection.MonoMethod.Invoke (System.Object obj, System.Reflection.BindingFlags invokeAttr, System.Reflection.Binder binder, System.Object[] parameters, System.Globalization.CultureInfo culture) [0x00048] in <695d1cc93cca45069c528c15c9fdd749>:0 
  at System.Reflection.MethodBase.Invoke (System.Object obj, System.Object[] parameters) [0x00000] in <695d1cc93cca45069c528c15c9fdd749>:0 
  at UnityEditor.EditorAssemblies.ProcessInitializeOnLoadMethodAttributes () [0x00047] in <ef3b6bf002d8435a97b4e938f6c49b02>:0 
UnityEngine.StackTraceUtility:ExtractStackTrace ()
UnityEngine.DebugLogHandler:LogFormat (UnityEngine.LogType,UnityEngine.Object,string,object[])
UnityEngine.Logger:Log (UnityEngine.LogType,object)
UnityEngine.Debug:LogError (object)
UnityEditor.EditorAssemblies:ProcessInitializeOnLoadMethodAttributes ()

Mono: successfully reloaded assembly
- Completed reload, in  1.572 seconds
Domain Reload Profiling:
	ReloadAssembly (1573ms)
		BeginReloadAssembly (145ms)
			ExecutionOrderSort (0ms)
			DisableScriptedObjects (6ms)
			BackupInstance (0ms)
			ReleaseScriptingObjects (0ms)
			CreateAndSetChildDomain (40ms)
		EndReloadAssembly (1285ms)
			LoadAssemblies (168ms)
			RebuildTransferFunctionScriptingTraits (0ms)
			SetupTypeCache (376ms)
			ReleaseScriptCaches (1ms)
			RebuildScriptCaches (46ms)
			SetupLoadedEditorAssemblies (553ms)
				LogAssemblyErrors (0ms)
				InitializePlatformSupportModulesInManaged (4ms)
				SetLoadedEditorAssemblies (1ms)
				RefreshPlugins (1ms)
				BeforeProcessingInitializeOnLoad (92ms)
				ProcessInitializeOnLoadAttributes (426ms)
				ProcessInitializeOnLoadMethodAttributes (20ms)
				AfterProcessingInitializeOnLoad (8ms)
				EditorAssembliesLoaded (0ms)
			ExecutionOrderSort2 (0ms)
			AwakeInstancesAfterBackupRestoration (9ms)
Platform modules already initialized, skipping
Refreshing native plugins compatible for Editor in 0.98 ms, found 16 plugins.
Preloading 2 native plugins for Editor in 0.16 ms.
Unloading 2358 Unused Serialized files (Serialized files now loaded: 0)
System memory in use before: 126.3 MB.
System memory in use after: 126.5 MB.

Unloading 32 unused Assets to reduce memory usage. Loaded Objects now: 2973.
Total: 3.841100 ms (FindLiveObjects: 0.266000 ms CreateObjectMapping: 0.123200 ms MarkObjects: 3.396300 ms  DeleteObjects: 0.054400 ms)

AssetImportParameters requested are different than current active one (requested -> active):
  custom:framework-win-MediaFoundation: 216162199b28c13a410421893ffa2e32 -> 
  custom:video-decoder-ogg-theora: a1e56fd34408186e4bbccfd4996cb3dc -> 
  custom:container-muxer-webm: aa71ff27fc2769a1b78a27578f13a17b -> 
  custom:container-demuxer-webm: 4f35f7cbe854078d1ac9338744f61a02 -> 
  custom:container-demuxer-ogg: 62fdf1f143b41e24485cea50d1cbac27 -> 
  custom:video-encoder-webm-vp8: eb34c28f22e8b96e1ab97ce403110664 -> 
  custom:video-codec-MediaFoundation-h265: 746d11721c4dcdbdad8f713fa42b33f4 -> 
  custom:video-decoder-webm-vp8: 9c59270c3fd7afecdb556c50c9e8de78 -> 
  custom:audio-decoder-ogg-vorbis: bf7c407c2cedff20999df2af8eb42d56 -> 
  custom:audio-encoder-webm-vorbis: bf7c407c2cedff20999df2af8eb42d56 -> 
========================================================================
Received Prepare
Registering precompiled user dll's ...
Registered in 0.015636 seconds.
Begin MonoManager ReloadAssembly
Native extension for WindowsStandalone target not found
Refreshing native plugins compatible for Editor in 0.97 ms, found 16 plugins.
Preloading 2 native plugins for Editor in 0.17 ms.
System.Reflection.TargetInvocationException: Exception has been thrown by the target of an invocation. ---> System.NullReferenceException: Object reference not set to an instance of an object
  at Unity.XR.Oculus.OculusLoader.AssetPathToAbsolutePath (System.String assetPath) [0x00048] in C:\Users\erlen\Documents\Github\Crystallographic-Reality\Crystallographic Reality\Library\PackageCache\com.unity.xr.oculus@1.9.1\Runtime\OculusLoader.cs:249 
  at Unity.XR.Oculus.OculusLoader.EditorLoadOVRPlugin () [0x0007b] in C:\Users\erlen\Documents\Github\Crystallographic-Reality\Crystallographic Reality\Library\PackageCache\com.unity.xr.oculus@1.9.1\Runtime\OculusLoader.cs:234 
  at (wrapper managed-to-native) System.Reflection.MonoMethod.InternalInvoke(System.Reflection.MonoMethod,object,object[],System.Exception&)
  at System.Reflection.MonoMethod.Invoke (System.Object obj, System.Reflection.BindingFlags invokeAttr, System.Reflection.Binder binder, System.Object[] parameters, System.Globalization.CultureInfo culture) [0x00032] in <695d1cc93cca45069c528c15c9fdd749>:0 
   --- End of inner exception stack trace ---
  at System.Reflection.MonoMethod.Invoke (System.Object obj, System.Reflection.BindingFlags invokeAttr, System.Reflection.Binder binder, System.Object[] parameters, System.Globalization.CultureInfo culture) [0x00048] in <695d1cc93cca45069c528c15c9fdd749>:0 
  at System.Reflection.MethodBase.Invoke (System.Object obj, System.Object[] parameters) [0x00000] in <695d1cc93cca45069c528c15c9fdd749>:0 
  at UnityEditor.EditorAssemblies.ProcessInitializeOnLoadMethodAttributes () [0x00047] in <ef3b6bf002d8435a97b4e938f6c49b02>:0 
UnityEngine.StackTraceUtility:ExtractStackTrace ()
UnityEngine.DebugLogHandler:LogFormat (UnityEngine.LogType,UnityEngine.Object,string,object[])
UnityEngine.Logger:Log (UnityEngine.LogType,object)
UnityEngine.Debug:LogError (object)
UnityEditor.EditorAssemblies:ProcessInitializeOnLoadMethodAttributes ()

Mono: successfully reloaded assembly
- Completed reload, in  1.468 seconds
Domain Reload Profiling:
	ReloadAssembly (1469ms)
		BeginReloadAssembly (141ms)
			ExecutionOrderSort (0ms)
			DisableScriptedObjects (6ms)
			BackupInstance (0ms)
			ReleaseScriptingObjects (0ms)
			CreateAndSetChildDomain (40ms)
		EndReloadAssembly (1243ms)
			LoadAssemblies (116ms)
			RebuildTransferFunctionScriptingTraits (0ms)
			SetupTypeCache (366ms)
			ReleaseScriptCaches (1ms)
			RebuildScriptCaches (51ms)
			SetupLoadedEditorAssemblies (559ms)
				LogAssemblyErrors (0ms)
				InitializePlatformSupportModulesInManaged (5ms)
				SetLoadedEditorAssemblies (0ms)
				RefreshPlugins (1ms)
				BeforeProcessingInitializeOnLoad (100ms)
				ProcessInitializeOnLoadAttributes (430ms)
				ProcessInitializeOnLoadMethodAttributes (15ms)
				AfterProcessingInitializeOnLoad (7ms)
				EditorAssembliesLoaded (0ms)
			ExecutionOrderSort2 (0ms)
			AwakeInstancesAfterBackupRestoration (9ms)
Platform modules already initialized, skipping
Refreshing native plugins compatible for Editor in 1.00 ms, found 16 plugins.
Preloading 2 native plugins for Editor in 0.16 ms.
Unloading 2358 Unused Serialized files (Serialized files now loaded: 0)
System memory in use before: 126.3 MB.
System memory in use after: 126.5 MB.

Unloading 32 unused Assets to reduce memory usage. Loaded Objects now: 2976.
Total: 3.837700 ms (FindLiveObjects: 0.269000 ms CreateObjectMapping: 0.124000 ms MarkObjects: 3.376800 ms  DeleteObjects: 0.066900 ms)

AssetImportParameters requested are different than current active one (requested -> active):
  custom:framework-win-MediaFoundation: 216162199b28c13a410421893ffa2e32 -> 
  custom:video-decoder-ogg-theora: a1e56fd34408186e4bbccfd4996cb3dc -> 
  custom:container-muxer-webm: aa71ff27fc2769a1b78a27578f13a17b -> 
  custom:container-demuxer-webm: 4f35f7cbe854078d1ac9338744f61a02 -> 
  custom:container-demuxer-ogg: 62fdf1f143b41e24485cea50d1cbac27 -> 
  custom:video-encoder-webm-vp8: eb34c28f22e8b96e1ab97ce403110664 -> 
  custom:video-codec-MediaFoundation-h265: 746d11721c4dcdbdad8f713fa42b33f4 -> 
  custom:video-decoder-webm-vp8: 9c59270c3fd7afecdb556c50c9e8de78 -> 
  custom:audio-decoder-ogg-vorbis: bf7c407c2cedff20999df2af8eb42d56 -> 
  custom:audio-encoder-webm-vorbis: bf7c407c2cedff20999df2af8eb42d56 -> 
========================================================================
Received Prepare
Registering precompiled user dll's ...
Registered in 0.015161 seconds.
Begin MonoManager ReloadAssembly
Native extension for WindowsStandalone target not found
Refreshing native plugins compatible for Editor in 0.96 ms, found 16 plugins.
Preloading 2 native plugins for Editor in 0.21 ms.
System.Reflection.TargetInvocationException: Exception has been thrown by the target of an invocation. ---> System.NullReferenceException: Object reference not set to an instance of an object
  at Unity.XR.Oculus.OculusLoader.AssetPathToAbsolutePath (System.String assetPath) [0x00048] in C:\Users\erlen\Documents\Github\Crystallographic-Reality\Crystallographic Reality\Library\PackageCache\com.unity.xr.oculus@1.9.1\Runtime\OculusLoader.cs:249 
  at Unity.XR.Oculus.OculusLoader.EditorLoadOVRPlugin () [0x0007b] in C:\Users\erlen\Documents\Github\Crystallographic-Reality\Crystallographic Reality\Library\PackageCache\com.unity.xr.oculus@1.9.1\Runtime\OculusLoader.cs:234 
  at (wrapper managed-to-native) System.Reflection.MonoMethod.InternalInvoke(System.Reflection.MonoMethod,object,object[],System.Exception&)
  at System.Reflection.MonoMethod.Invoke (System.Object obj, System.Reflection.BindingFlags invokeAttr, System.Reflection.Binder binder, System.Object[] parameters, System.Globalization.CultureInfo culture) [0x00032] in <695d1cc93cca45069c528c15c9fdd749>:0 
   --- End of inner exception stack trace ---
  at System.Reflection.MonoMethod.Invoke (System.Object obj, System.Reflection.BindingFlags invokeAttr, System.Reflection.Binder binder, System.Object[] parameters, System.Globalization.CultureInfo culture) [0x00048] in <695d1cc93cca45069c528c15c9fdd749>:0 
  at System.Reflection.MethodBase.Invoke (System.Object obj, System.Object[] parameters) [0x00000] in <695d1cc93cca45069c528c15c9fdd749>:0 
  at UnityEditor.EditorAssemblies.ProcessInitializeOnLoadMethodAttributes () [0x00047] in <ef3b6bf002d8435a97b4e938f6c49b02>:0 
UnityEngine.StackTraceUtility:ExtractStackTrace ()
UnityEngine.DebugLogHandler:LogFormat (UnityEngine.LogType,UnityEngine.Object,string,object[])
UnityEngine.Logger:Log (UnityEngine.LogType,object)
UnityEngine.Debug:LogError (object)
UnityEditor.EditorAssemblies:ProcessInitializeOnLoadMethodAttributes ()

Mono: successfully reloaded assembly
- Completed reload, in  1.370 seconds
Domain Reload Profiling:
	ReloadAssembly (1371ms)
		BeginReloadAssembly (136ms)
			ExecutionOrderSort (0ms)
			DisableScriptedObjects (5ms)
			BackupInstance (0ms)
			ReleaseScriptingObjects (0ms)
			CreateAndSetChildDomain (40ms)
		EndReloadAssembly (1164ms)
			LoadAssemblies (103ms)
			RebuildTransferFunctionScriptingTraits (0ms)
			SetupTypeCache (326ms)
			ReleaseScriptCaches (1ms)
			RebuildScriptCaches (44ms)
			SetupLoadedEditorAssemblies (547ms)
				LogAssemblyErrors (0ms)
				InitializePlatformSupportModulesInManaged (5ms)
				SetLoadedEditorAssemblies (0ms)
				RefreshPlugins (1ms)
				BeforeProcessingInitializeOnLoad (97ms)
				ProcessInitializeOnLoadAttributes (421ms)
				ProcessInitializeOnLoadMethodAttributes (15ms)
				AfterProcessingInitializeOnLoad (8ms)
				EditorAssembliesLoaded (0ms)
			ExecutionOrderSort2 (0ms)
			AwakeInstancesAfterBackupRestoration (9ms)
Platform modules already initialized, skipping
Refreshing native plugins compatible for Editor in 0.94 ms, found 16 plugins.
Preloading 2 native plugins for Editor in 0.16 ms.
Unloading 2358 Unused Serialized files (Serialized files now loaded: 0)
System memory in use before: 126.3 MB.
System memory in use after: 126.5 MB.

Unloading 32 unused Assets to reduce memory usage. Loaded Objects now: 2979.
Total: 4.062500 ms (FindLiveObjects: 0.250200 ms CreateObjectMapping: 0.105800 ms MarkObjects: 3.647600 ms  DeleteObjects: 0.057300 ms)

AssetImportParameters requested are different than current active one (requested -> active):
  custom:framework-win-MediaFoundation: 216162199b28c13a410421893ffa2e32 -> 
  custom:video-decoder-ogg-theora: a1e56fd34408186e4bbccfd4996cb3dc -> 
  custom:container-muxer-webm: aa71ff27fc2769a1b78a27578f13a17b -> 
  custom:container-demuxer-webm: 4f35f7cbe854078d1ac9338744f61a02 -> 
  custom:container-demuxer-ogg: 62fdf1f143b41e24485cea50d1cbac27 -> 
  custom:video-encoder-webm-vp8: eb34c28f22e8b96e1ab97ce403110664 -> 
  custom:video-codec-MediaFoundation-h265: 746d11721c4dcdbdad8f713fa42b33f4 -> 
  custom:video-decoder-webm-vp8: 9c59270c3fd7afecdb556c50c9e8de78 -> 
  custom:audio-decoder-ogg-vorbis: bf7c407c2cedff20999df2af8eb42d56 -> 
  custom:audio-encoder-webm-vorbis: bf7c407c2cedff20999df2af8eb42d56 -> 
========================================================================
Received Prepare
Registering precompiled user dll's ...
Registered in 0.030058 seconds.
Begin MonoManager ReloadAssembly
Native extension for WindowsStandalone target not found
Refreshing native plugins compatible for Editor in 1.01 ms, found 16 plugins.
Preloading 2 native plugins for Editor in 0.24 ms.
System.Reflection.TargetInvocationException: Exception has been thrown by the target of an invocation. ---> System.NullReferenceException: Object reference not set to an instance of an object
  at Unity.XR.Oculus.OculusLoader.AssetPathToAbsolutePath (System.String assetPath) [0x00048] in C:\Users\erlen\Documents\Github\Crystallographic-Reality\Crystallographic Reality\Library\PackageCache\com.unity.xr.oculus@1.9.1\Runtime\OculusLoader.cs:249 
  at Unity.XR.Oculus.OculusLoader.EditorLoadOVRPlugin () [0x0007b] in C:\Users\erlen\Documents\Github\Crystallographic-Reality\Crystallographic Reality\Library\PackageCache\com.unity.xr.oculus@1.9.1\Runtime\OculusLoader.cs:234 
  at (wrapper managed-to-native) System.Reflection.MonoMethod.InternalInvoke(System.Reflection.MonoMethod,object,object[],System.Exception&)
  at System.Reflection.MonoMethod.Invoke (System.Object obj, System.Reflection.BindingFlags invokeAttr, System.Reflection.Binder binder, System.Object[] parameters, System.Globalization.CultureInfo culture) [0x00032] in <695d1cc93cca45069c528c15c9fdd749>:0 
   --- End of inner exception stack trace ---
  at System.Reflection.MonoMethod.Invoke (System.Object obj, System.Reflection.BindingFlags invokeAttr, System.Reflection.Binder binder, System.Object[] parameters, System.Globalization.CultureInfo culture) [0x00048] in <695d1cc93cca45069c528c15c9fdd749>:0 
  at System.Reflection.MethodBase.Invoke (System.Object obj, System.Object[] parameters) [0x00000] in <695d1cc93cca45069c528c15c9fdd749>:0 
  at UnityEditor.EditorAssemblies.ProcessInitializeOnLoadMethodAttributes () [0x00047] in <ef3b6bf002d8435a97b4e938f6c49b02>:0 
UnityEngine.StackTraceUtility:ExtractStackTrace ()
UnityEngine.DebugLogHandler:LogFormat (UnityEngine.LogType,UnityEngine.Object,string,object[])
UnityEngine.Logger:Log (UnityEngine.LogType,object)
UnityEngine.Debug:LogError (object)
UnityEditor.EditorAssemblies:ProcessInitializeOnLoadMethodAttributes ()

Mono: successfully reloaded assembly
- Completed reload, in  3.352 seconds
Domain Reload Profiling:
	ReloadAssembly (3352ms)
		BeginReloadAssembly (153ms)
			ExecutionOrderSort (0ms)
			DisableScriptedObjects (7ms)
			BackupInstance (0ms)
			ReleaseScriptingObjects (0ms)
			CreateAndSetChildDomain (46ms)
		EndReloadAssembly (2923ms)
			LoadAssemblies (682ms)
			RebuildTransferFunctionScriptingTraits (0ms)
			SetupTypeCache (592ms)
			ReleaseScriptCaches (7ms)
			RebuildScriptCaches (63ms)
			SetupLoadedEditorAssemblies (1234ms)
				LogAssemblyErrors (0ms)
				InitializePlatformSupportModulesInManaged (5ms)
				SetLoadedEditorAssemblies (1ms)
				RefreshPlugins (1ms)
				BeforeProcessingInitializeOnLoad (201ms)
				ProcessInitializeOnLoadAttributes (961ms)
				ProcessInitializeOnLoadMethodAttributes (56ms)
				AfterProcessingInitializeOnLoad (9ms)
				EditorAssembliesLoaded (0ms)
			ExecutionOrderSort2 (0ms)
			AwakeInstancesAfterBackupRestoration (13ms)
Platform modules already initialized, skipping
Refreshing native plugins compatible for Editor in 1.09 ms, found 16 plugins.
Preloading 2 native plugins for Editor in 0.25 ms.
Unloading 2358 Unused Serialized files (Serialized files now loaded: 0)
System memory in use before: 126.2 MB.
System memory in use after: 126.4 MB.

Unloading 32 unused Assets to reduce memory usage. Loaded Objects now: 2982.
Total: 3.976000 ms (FindLiveObjects: 0.258100 ms CreateObjectMapping: 0.117000 ms MarkObjects: 3.537600 ms  DeleteObjects: 0.062100 ms)

AssetImportParameters requested are different than current active one (requested -> active):
  custom:framework-win-MediaFoundation: 216162199b28c13a410421893ffa2e32 -> 
  custom:video-decoder-ogg-theora: a1e56fd34408186e4bbccfd4996cb3dc -> 
  custom:container-muxer-webm: aa71ff27fc2769a1b78a27578f13a17b -> 
  custom:container-demuxer-webm: 4f35f7cbe854078d1ac9338744f61a02 -> 
  custom:container-demuxer-ogg: 62fdf1f143b41e24485cea50d1cbac27 -> 
  custom:video-encoder-webm-vp8: eb34c28f22e8b96e1ab97ce403110664 -> 
  custom:video-codec-MediaFoundation-h265: 746d11721c4dcdbdad8f713fa42b33f4 -> 
  custom:video-decoder-webm-vp8: 9c59270c3fd7afecdb556c50c9e8de78 -> 
  custom:audio-decoder-ogg-vorbis: bf7c407c2cedff20999df2af8eb42d56 -> 
  custom:audio-encoder-webm-vorbis: bf7c407c2cedff20999df2af8eb42d56 -> 
========================================================================
Received Prepare
Registering precompiled user dll's ...
Registered in 0.088480 seconds.
Begin MonoManager ReloadAssembly
Native extension for WindowsStandalone target not found
Refreshing native plugins compatible for Editor in 1.06 ms, found 16 plugins.
Preloading 2 native plugins for Editor in 0.25 ms.
System.Reflection.TargetInvocationException: Exception has been thrown by the target of an invocation. ---> System.NullReferenceException: Object reference not set to an instance of an object
  at Unity.XR.Oculus.OculusLoader.AssetPathToAbsolutePath (System.String assetPath) [0x00048] in C:\Users\erlen\Documents\Github\Crystallographic-Reality\Crystallographic Reality\Library\PackageCache\com.unity.xr.oculus@1.9.1\Runtime\OculusLoader.cs:249 
  at Unity.XR.Oculus.OculusLoader.EditorLoadOVRPlugin () [0x0007b] in C:\Users\erlen\Documents\Github\Crystallographic-Reality\Crystallographic Reality\Library\PackageCache\com.unity.xr.oculus@1.9.1\Runtime\OculusLoader.cs:234 
  at (wrapper managed-to-native) System.Reflection.MonoMethod.InternalInvoke(System.Reflection.MonoMethod,object,object[],System.Exception&)
  at System.Reflection.MonoMethod.Invoke (System.Object obj, System.Reflection.BindingFlags invokeAttr, System.Reflection.Binder binder, System.Object[] parameters, System.Globalization.CultureInfo culture) [0x00032] in <695d1cc93cca45069c528c15c9fdd749>:0 
   --- End of inner exception stack trace ---
  at System.Reflection.MonoMethod.Invoke (System.Object obj, System.Reflection.BindingFlags invokeAttr, System.Reflection.Binder binder, System.Object[] parameters, System.Globalization.CultureInfo culture) [0x00048] in <695d1cc93cca45069c528c15c9fdd749>:0 
  at System.Reflection.MethodBase.Invoke (System.Object obj, System.Object[] parameters) [0x00000] in <695d1cc93cca45069c528c15c9fdd749>:0 
  at UnityEditor.EditorAssemblies.ProcessInitializeOnLoadMethodAttributes () [0x00047] in <ef3b6bf002d8435a97b4e938f6c49b02>:0 
UnityEngine.StackTraceUtility:ExtractStackTrace ()
UnityEngine.DebugLogHandler:LogFormat (UnityEngine.LogType,UnityEngine.Object,string,object[])
UnityEngine.Logger:Log (UnityEngine.LogType,object)
UnityEngine.Debug:LogError (object)
UnityEditor.EditorAssemblies:ProcessInitializeOnLoadMethodAttributes ()

Mono: successfully reloaded assembly
- Completed reload, in  1.946 seconds
Domain Reload Profiling:
	ReloadAssembly (1946ms)
		BeginReloadAssembly (180ms)
			ExecutionOrderSort (0ms)
			DisableScriptedObjects (6ms)
			BackupInstance (0ms)
			ReleaseScriptingObjects (0ms)
			CreateAndSetChildDomain (56ms)
		EndReloadAssembly (1684ms)
			LoadAssemblies (219ms)
			RebuildTransferFunctionScriptingTraits (0ms)
			SetupTypeCache (455ms)
			ReleaseScriptCaches (1ms)
			RebuildScriptCaches (54ms)
			SetupLoadedEditorAssemblies (740ms)
				LogAssemblyErrors (0ms)
				InitializePlatformSupportModulesInManaged (5ms)
				SetLoadedEditorAssemblies (1ms)
				RefreshPlugins (1ms)
				BeforeProcessingInitializeOnLoad (124ms)
				ProcessInitializeOnLoadAttributes (580ms)
				ProcessInitializeOnLoadMethodAttributes (19ms)
				AfterProcessingInitializeOnLoad (9ms)
				EditorAssembliesLoaded (0ms)
			ExecutionOrderSort2 (0ms)
			AwakeInstancesAfterBackupRestoration (11ms)
Platform modules already initialized, skipping
Refreshing native plugins compatible for Editor in 1.18 ms, found 16 plugins.
Preloading 2 native plugins for Editor in 0.32 ms.
Unloading 2358 Unused Serialized files (Serialized files now loaded: 0)
System memory in use before: 126.4 MB.
System memory in use after: 126.6 MB.

Unloading 32 unused Assets to reduce memory usage. Loaded Objects now: 2985.
Total: 5.349600 ms (FindLiveObjects: 0.257100 ms CreateObjectMapping: 0.109300 ms MarkObjects: 4.940500 ms  DeleteObjects: 0.040900 ms)

AssetImportParameters requested are different than current active one (requested -> active):
  custom:framework-win-MediaFoundation: 216162199b28c13a410421893ffa2e32 -> 
  custom:video-decoder-ogg-theora: a1e56fd34408186e4bbccfd4996cb3dc -> 
  custom:container-muxer-webm: aa71ff27fc2769a1b78a27578f13a17b -> 
  custom:container-demuxer-webm: 4f35f7cbe854078d1ac9338744f61a02 -> 
  custom:container-demuxer-ogg: 62fdf1f143b41e24485cea50d1cbac27 -> 
  custom:video-encoder-webm-vp8: eb34c28f22e8b96e1ab97ce403110664 -> 
  custom:video-codec-MediaFoundation-h265: 746d11721c4dcdbdad8f713fa42b33f4 -> 
  custom:video-decoder-webm-vp8: 9c59270c3fd7afecdb556c50c9e8de78 -> 
  custom:audio-decoder-ogg-vorbis: bf7c407c2cedff20999df2af8eb42d56 -> 
  custom:audio-encoder-webm-vorbis: bf7c407c2cedff20999df2af8eb42d56 -> 
========================================================================
Received Prepare
Registering precompiled user dll's ...
Registered in 0.185067 seconds.
Begin MonoManager ReloadAssembly
Native extension for WindowsStandalone target not found
Refreshing native plugins compatible for Editor in 8.95 ms, found 16 plugins.
Preloading 2 native plugins for Editor in 0.26 ms.
System.Reflection.TargetInvocationException: Exception has been thrown by the target of an invocation. ---> System.NullReferenceException: Object reference not set to an instance of an object
  at Unity.XR.Oculus.OculusLoader.AssetPathToAbsolutePath (System.String assetPath) [0x00048] in C:\Users\erlen\Documents\Github\Crystallographic-Reality\Crystallographic Reality\Library\PackageCache\com.unity.xr.oculus@1.9.1\Runtime\OculusLoader.cs:249 
  at Unity.XR.Oculus.OculusLoader.EditorLoadOVRPlugin () [0x0007b] in C:\Users\erlen\Documents\Github\Crystallographic-Reality\Crystallographic Reality\Library\PackageCache\com.unity.xr.oculus@1.9.1\Runtime\OculusLoader.cs:234 
  at (wrapper managed-to-native) System.Reflection.MonoMethod.InternalInvoke(System.Reflection.MonoMethod,object,object[],System.Exception&)
  at System.Reflection.MonoMethod.Invoke (System.Object obj, System.Reflection.BindingFlags invokeAttr, System.Reflection.Binder binder, System.Object[] parameters, System.Globalization.CultureInfo culture) [0x00032] in <695d1cc93cca45069c528c15c9fdd749>:0 
   --- End of inner exception stack trace ---
  at System.Reflection.MonoMethod.Invoke (System.Object obj, System.Reflection.BindingFlags invokeAttr, System.Reflection.Binder binder, System.Object[] parameters, System.Globalization.CultureInfo culture) [0x00048] in <695d1cc93cca45069c528c15c9fdd749>:0 
  at System.Reflection.MethodBase.Invoke (System.Object obj, System.Object[] parameters) [0x00000] in <695d1cc93cca45069c528c15c9fdd749>:0 
  at UnityEditor.EditorAssemblies.ProcessInitializeOnLoadMethodAttributes () [0x00047] in <ef3b6bf002d8435a97b4e938f6c49b02>:0 
UnityEngine.StackTraceUtility:ExtractStackTrace ()
UnityEngine.DebugLogHandler:LogFormat (UnityEngine.LogType,UnityEngine.Object,string,object[])
UnityEngine.Logger:Log (UnityEngine.LogType,object)
UnityEngine.Debug:LogError (object)
UnityEditor.EditorAssemblies:ProcessInitializeOnLoadMethodAttributes ()

Mono: successfully reloaded assembly
- Completed reload, in  4.142 seconds
Domain Reload Profiling:
	ReloadAssembly (4142ms)
		BeginReloadAssembly (399ms)
			ExecutionOrderSort (0ms)
			DisableScriptedObjects (15ms)
			BackupInstance (0ms)
			ReleaseScriptingObjects (0ms)
			CreateAndSetChildDomain (126ms)
		EndReloadAssembly (3481ms)
			LoadAssemblies (476ms)
			RebuildTransferFunctionScriptingTraits (0ms)
			SetupTypeCache (1114ms)
			ReleaseScriptCaches (1ms)
			RebuildScriptCaches (152ms)
			SetupLoadedEditorAssemblies (1265ms)
				LogAssemblyErrors (0ms)
				InitializePlatformSupportModulesInManaged (10ms)
				SetLoadedEditorAssemblies (2ms)
				RefreshPlugins (9ms)
				BeforeProcessingInitializeOnLoad (306ms)
				ProcessInitializeOnLoadAttributes (910ms)
				ProcessInitializeOnLoadMethodAttributes (19ms)
				AfterProcessingInitializeOnLoad (9ms)
				EditorAssembliesLoaded (0ms)
			ExecutionOrderSort2 (0ms)
			AwakeInstancesAfterBackupRestoration (11ms)
Platform modules already initialized, skipping
Refreshing native plugins compatible for Editor in 1.03 ms, found 16 plugins.
Preloading 2 native plugins for Editor in 0.23 ms.
Unloading 2358 Unused Serialized files (Serialized files now loaded: 0)
System memory in use before: 126.4 MB.
System memory in use after: 126.6 MB.

Unloading 32 unused Assets to reduce memory usage. Loaded Objects now: 2988.
Total: 8.958700 ms (FindLiveObjects: 0.285800 ms CreateObjectMapping: 0.177500 ms MarkObjects: 8.415800 ms  DeleteObjects: 0.078400 ms)

AssetImportParameters requested are different than current active one (requested -> active):
  custom:framework-win-MediaFoundation: 216162199b28c13a410421893ffa2e32 -> 
  custom:video-decoder-ogg-theora: a1e56fd34408186e4bbccfd4996cb3dc -> 
  custom:container-muxer-webm: aa71ff27fc2769a1b78a27578f13a17b -> 
  custom:container-demuxer-webm: 4f35f7cbe854078d1ac9338744f61a02 -> 
  custom:container-demuxer-ogg: 62fdf1f143b41e24485cea50d1cbac27 -> 
  custom:video-encoder-webm-vp8: eb34c28f22e8b96e1ab97ce403110664 -> 
  custom:video-codec-MediaFoundation-h265: 746d11721c4dcdbdad8f713fa42b33f4 -> 
  custom:video-decoder-webm-vp8: 9c59270c3fd7afecdb556c50c9e8de78 -> 
  custom:audio-decoder-ogg-vorbis: bf7c407c2cedff20999df2af8eb42d56 -> 
  custom:audio-encoder-webm-vorbis: bf7c407c2cedff20999df2af8eb42d56 -> 
========================================================================
Received Prepare
Registering precompiled user dll's ...
Registered in 0.105217 seconds.
Begin MonoManager ReloadAssembly
Native extension for WindowsStandalone target not found
Refreshing native plugins compatible for Editor in 1.10 ms, found 16 plugins.
Preloading 2 native plugins for Editor in 0.24 ms.
System.Reflection.TargetInvocationException: Exception has been thrown by the target of an invocation. ---> System.NullReferenceException: Object reference not set to an instance of an object
  at Unity.XR.Oculus.OculusLoader.AssetPathToAbsolutePath (System.String assetPath) [0x00048] in C:\Users\erlen\Documents\Github\Crystallographic-Reality\Crystallographic Reality\Library\PackageCache\com.unity.xr.oculus@1.9.1\Runtime\OculusLoader.cs:249 
  at Unity.XR.Oculus.OculusLoader.EditorLoadOVRPlugin () [0x0007b] in C:\Users\erlen\Documents\Github\Crystallographic-Reality\Crystallographic Reality\Library\PackageCache\com.unity.xr.oculus@1.9.1\Runtime\OculusLoader.cs:234 
  at (wrapper managed-to-native) System.Reflection.MonoMethod.InternalInvoke(System.Reflection.MonoMethod,object,object[],System.Exception&)
  at System.Reflection.MonoMethod.Invoke (System.Object obj, System.Reflection.BindingFlags invokeAttr, System.Reflection.Binder binder, System.Object[] parameters, System.Globalization.CultureInfo culture) [0x00032] in <695d1cc93cca45069c528c15c9fdd749>:0 
   --- End of inner exception stack trace ---
  at System.Reflection.MonoMethod.Invoke (System.Object obj, System.Reflection.BindingFlags invokeAttr, System.Reflection.Binder binder, System.Object[] parameters, System.Globalization.CultureInfo culture) [0x00048] in <695d1cc93cca45069c528c15c9fdd749>:0 
  at System.Reflection.MethodBase.Invoke (System.Object obj, System.Object[] parameters) [0x00000] in <695d1cc93cca45069c528c15c9fdd749>:0 
  at UnityEditor.EditorAssemblies.ProcessInitializeOnLoadMethodAttributes () [0x00047] in <ef3b6bf002d8435a97b4e938f6c49b02>:0 
UnityEngine.StackTraceUtility:ExtractStackTrace ()
UnityEngine.DebugLogHandler:LogFormat (UnityEngine.LogType,UnityEngine.Object,string,object[])
UnityEngine.Logger:Log (UnityEngine.LogType,object)
UnityEngine.Debug:LogError (object)
UnityEditor.EditorAssemblies:ProcessInitializeOnLoadMethodAttributes ()

Mono: successfully reloaded assembly
- Completed reload, in  2.802 seconds
Domain Reload Profiling:
	ReloadAssembly (2804ms)
		BeginReloadAssembly (297ms)
			ExecutionOrderSort (0ms)
			DisableScriptedObjects (10ms)
			BackupInstance (0ms)
			ReleaseScriptingObjects (0ms)
			CreateAndSetChildDomain (77ms)
		EndReloadAssembly (2299ms)
			LoadAssemblies (562ms)
			RebuildTransferFunctionScriptingTraits (0ms)
			SetupTypeCache (737ms)
			ReleaseScriptCaches (1ms)
			RebuildScriptCaches (53ms)
			SetupLoadedEditorAssemblies (741ms)
				LogAssemblyErrors (0ms)
				InitializePlatformSupportModulesInManaged (6ms)
				SetLoadedEditorAssemblies (1ms)
				RefreshPlugins (1ms)
				BeforeProcessingInitializeOnLoad (128ms)
				ProcessInitializeOnLoadAttributes (578ms)
				ProcessInitializeOnLoadMethodAttributes (18ms)
				AfterProcessingInitializeOnLoad (9ms)
				EditorAssembliesLoaded (0ms)
			ExecutionOrderSort2 (0ms)
			AwakeInstancesAfterBackupRestoration (10ms)
Platform modules already initialized, skipping
Refreshing native plugins compatible for Editor in 1.35 ms, found 16 plugins.
Preloading 2 native plugins for Editor in 0.22 ms.
Unloading 2358 Unused Serialized files (Serialized files now loaded: 0)
System memory in use before: 126.4 MB.
System memory in use after: 126.6 MB.

Unloading 32 unused Assets to reduce memory usage. Loaded Objects now: 2991.
Total: 4.685900 ms (FindLiveObjects: 0.270000 ms CreateObjectMapping: 0.264200 ms MarkObjects: 4.082100 ms  DeleteObjects: 0.068000 ms)

AssetImportParameters requested are different than current active one (requested -> active):
  custom:framework-win-MediaFoundation: 216162199b28c13a410421893ffa2e32 -> 
  custom:video-decoder-ogg-theora: a1e56fd34408186e4bbccfd4996cb3dc -> 
  custom:container-muxer-webm: aa71ff27fc2769a1b78a27578f13a17b -> 
  custom:container-demuxer-webm: 4f35f7cbe854078d1ac9338744f61a02 -> 
  custom:container-demuxer-ogg: 62fdf1f143b41e24485cea50d1cbac27 -> 
  custom:video-encoder-webm-vp8: eb34c28f22e8b96e1ab97ce403110664 -> 
  custom:video-codec-MediaFoundation-h265: 746d11721c4dcdbdad8f713fa42b33f4 -> 
  custom:video-decoder-webm-vp8: 9c59270c3fd7afecdb556c50c9e8de78 -> 
  custom:audio-decoder-ogg-vorbis: bf7c407c2cedff20999df2af8eb42d56 -> 
  custom:audio-encoder-webm-vorbis: bf7c407c2cedff20999df2af8eb42d56 -> 
========================================================================
Received Import Request.
  Time since last request: 1310.552770 seconds.
  path: Assets/Scripts/ToggleHandler.cs
  artifactKey: Guid(28d5fd198ab911f44ae19a0242286e72) Importer(815301076,1909f56bfc062723c751e8b465ee728b)
Start importing Assets/Scripts/ToggleHandler.cs using Guid(28d5fd198ab911f44ae19a0242286e72) Importer(815301076,1909f56bfc062723c751e8b465ee728b)  -> (artifact id: 'dcc20c0858a87f7067dda0934654620f') in 0.028065 seconds 
  Import took 0.035411 seconds .

========================================================================
Received Prepare
Registering precompiled user dll's ...
Registered in 0.021183 seconds.
Begin MonoManager ReloadAssembly
Native extension for WindowsStandalone target not found
Refreshing native plugins compatible for Editor in 1.10 ms, found 16 plugins.
Preloading 2 native plugins for Editor in 0.20 ms.
System.Reflection.TargetInvocationException: Exception has been thrown by the target of an invocation. ---> System.NullReferenceException: Object reference not set to an instance of an object
  at Unity.XR.Oculus.OculusLoader.AssetPathToAbsolutePath (System.String assetPath) [0x00048] in C:\Users\erlen\Documents\Github\Crystallographic-Reality\Crystallographic Reality\Library\PackageCache\com.unity.xr.oculus@1.9.1\Runtime\OculusLoader.cs:249 
  at Unity.XR.Oculus.OculusLoader.EditorLoadOVRPlugin () [0x0007b] in C:\Users\erlen\Documents\Github\Crystallographic-Reality\Crystallographic Reality\Library\PackageCache\com.unity.xr.oculus@1.9.1\Runtime\OculusLoader.cs:234 
  at (wrapper managed-to-native) System.Reflection.MonoMethod.InternalInvoke(System.Reflection.MonoMethod,object,object[],System.Exception&)
  at System.Reflection.MonoMethod.Invoke (System.Object obj, System.Reflection.BindingFlags invokeAttr, System.Reflection.Binder binder, System.Object[] parameters, System.Globalization.CultureInfo culture) [0x00032] in <695d1cc93cca45069c528c15c9fdd749>:0 
   --- End of inner exception stack trace ---
  at System.Reflection.MonoMethod.Invoke (System.Object obj, System.Reflection.BindingFlags invokeAttr, System.Reflection.Binder binder, System.Object[] parameters, System.Globalization.CultureInfo culture) [0x00048] in <695d1cc93cca45069c528c15c9fdd749>:0 
  at System.Reflection.MethodBase.Invoke (System.Object obj, System.Object[] parameters) [0x00000] in <695d1cc93cca45069c528c15c9fdd749>:0 
  at UnityEditor.EditorAssemblies.ProcessInitializeOnLoadMethodAttributes () [0x00047] in <ef3b6bf002d8435a97b4e938f6c49b02>:0 
UnityEngine.StackTraceUtility:ExtractStackTrace ()
UnityEngine.DebugLogHandler:LogFormat (UnityEngine.LogType,UnityEngine.Object,string,object[])
UnityEngine.Logger:Log (UnityEngine.LogType,object)
UnityEngine.Debug:LogError (object)
UnityEditor.EditorAssemblies:ProcessInitializeOnLoadMethodAttributes ()

Mono: successfully reloaded assembly
- Completed reload, in  2.139 seconds
Domain Reload Profiling:
	ReloadAssembly (2139ms)
		BeginReloadAssembly (192ms)
			ExecutionOrderSort (0ms)
			DisableScriptedObjects (8ms)
			BackupInstance (0ms)
			ReleaseScriptingObjects (0ms)
			CreateAndSetChildDomain (65ms)
		EndReloadAssembly (1835ms)
			LoadAssemblies (158ms)
			RebuildTransferFunctionScriptingTraits (0ms)
			SetupTypeCache (551ms)
			ReleaseScriptCaches (2ms)
			RebuildScriptCaches (88ms)
			SetupLoadedEditorAssemblies (816ms)
				LogAssemblyErrors (0ms)
				InitializePlatformSupportModulesInManaged (8ms)
				SetLoadedEditorAssemblies (1ms)
				RefreshPlugins (1ms)
				BeforeProcessingInitializeOnLoad (149ms)
				ProcessInitializeOnLoadAttributes (627ms)
				ProcessInitializeOnLoadMethodAttributes (20ms)
				AfterProcessingInitializeOnLoad (9ms)
				EditorAssembliesLoaded (1ms)
			ExecutionOrderSort2 (0ms)
			AwakeInstancesAfterBackupRestoration (10ms)
Platform modules already initialized, skipping
Refreshing native plugins compatible for Editor in 1.17 ms, found 16 plugins.
Preloading 2 native plugins for Editor in 0.21 ms.
Unloading 2357 Unused Serialized files (Serialized files now loaded: 0)
System memory in use before: 126.4 MB.
System memory in use after: 126.6 MB.

Unloading 33 unused Assets to reduce memory usage. Loaded Objects now: 2993.
Total: 4.027200 ms (FindLiveObjects: 0.398400 ms CreateObjectMapping: 0.114400 ms MarkObjects: 3.480400 ms  DeleteObjects: 0.032800 ms)

AssetImportParameters requested are different than current active one (requested -> active):
  custom:framework-win-MediaFoundation: 216162199b28c13a410421893ffa2e32 -> 
  custom:video-decoder-ogg-theora: a1e56fd34408186e4bbccfd4996cb3dc -> 
  custom:container-muxer-webm: aa71ff27fc2769a1b78a27578f13a17b -> 
  custom:container-demuxer-webm: 4f35f7cbe854078d1ac9338744f61a02 -> 
  custom:container-demuxer-ogg: 62fdf1f143b41e24485cea50d1cbac27 -> 
  custom:video-encoder-webm-vp8: eb34c28f22e8b96e1ab97ce403110664 -> 
  custom:video-codec-MediaFoundation-h265: 746d11721c4dcdbdad8f713fa42b33f4 -> 
  custom:video-decoder-webm-vp8: 9c59270c3fd7afecdb556c50c9e8de78 -> 
  custom:audio-decoder-ogg-vorbis: bf7c407c2cedff20999df2af8eb42d56 -> 
  custom:audio-encoder-webm-vorbis: bf7c407c2cedff20999df2af8eb42d56 -> 
========================================================================
Received Prepare
Registering precompiled user dll's ...
Registered in 0.091825 seconds.
Begin MonoManager ReloadAssembly
Native extension for WindowsStandalone target not found
Refreshing native plugins compatible for Editor in 0.89 ms, found 16 plugins.
Preloading 2 native plugins for Editor in 0.17 ms.
System.Reflection.TargetInvocationException: Exception has been thrown by the target of an invocation. ---> System.NullReferenceException: Object reference not set to an instance of an object
  at Unity.XR.Oculus.OculusLoader.AssetPathToAbsolutePath (System.String assetPath) [0x00048] in C:\Users\erlen\Documents\Github\Crystallographic-Reality\Crystallographic Reality\Library\PackageCache\com.unity.xr.oculus@1.9.1\Runtime\OculusLoader.cs:249 
  at Unity.XR.Oculus.OculusLoader.EditorLoadOVRPlugin () [0x0007b] in C:\Users\erlen\Documents\Github\Crystallographic-Reality\Crystallographic Reality\Library\PackageCache\com.unity.xr.oculus@1.9.1\Runtime\OculusLoader.cs:234 
  at (wrapper managed-to-native) System.Reflection.MonoMethod.InternalInvoke(System.Reflection.MonoMethod,object,object[],System.Exception&)
  at System.Reflection.MonoMethod.Invoke (System.Object obj, System.Reflection.BindingFlags invokeAttr, System.Reflection.Binder binder, System.Object[] parameters, System.Globalization.CultureInfo culture) [0x00032] in <695d1cc93cca45069c528c15c9fdd749>:0 
   --- End of inner exception stack trace ---
  at System.Reflection.MonoMethod.Invoke (System.Object obj, System.Reflection.BindingFlags invokeAttr, System.Reflection.Binder binder, System.Object[] parameters, System.Globalization.CultureInfo culture) [0x00048] in <695d1cc93cca45069c528c15c9fdd749>:0 
  at System.Reflection.MethodBase.Invoke (System.Object obj, System.Object[] parameters) [0x00000] in <695d1cc93cca45069c528c15c9fdd749>:0 
  at UnityEditor.EditorAssemblies.ProcessInitializeOnLoadMethodAttributes () [0x00047] in <ef3b6bf002d8435a97b4e938f6c49b02>:0 
UnityEngine.StackTraceUtility:ExtractStackTrace ()
UnityEngine.DebugLogHandler:LogFormat (UnityEngine.LogType,UnityEngine.Object,string,object[])
UnityEngine.Logger:Log (UnityEngine.LogType,object)
UnityEngine.Debug:LogError (object)
UnityEditor.EditorAssemblies:ProcessInitializeOnLoadMethodAttributes ()

Mono: successfully reloaded assembly
- Completed reload, in  1.491 seconds
Domain Reload Profiling:
	ReloadAssembly (1492ms)
		BeginReloadAssembly (137ms)
			ExecutionOrderSort (0ms)
			DisableScriptedObjects (5ms)
			BackupInstance (0ms)
			ReleaseScriptingObjects (0ms)
			CreateAndSetChildDomain (39ms)
		EndReloadAssembly (1282ms)
			LoadAssemblies (180ms)
			RebuildTransferFunctionScriptingTraits (0ms)
			SetupTypeCache (330ms)
			ReleaseScriptCaches (1ms)
			RebuildScriptCaches (46ms)
			SetupLoadedEditorAssemblies (562ms)
				LogAssemblyErrors (0ms)
				InitializePlatformSupportModulesInManaged (5ms)
				SetLoadedEditorAssemblies (0ms)
				RefreshPlugins (1ms)
				BeforeProcessingInitializeOnLoad (97ms)
				ProcessInitializeOnLoadAttributes (436ms)
				ProcessInitializeOnLoadMethodAttributes (15ms)
				AfterProcessingInitializeOnLoad (8ms)
				EditorAssembliesLoaded (0ms)
			ExecutionOrderSort2 (0ms)
			AwakeInstancesAfterBackupRestoration (8ms)
Platform modules already initialized, skipping
Refreshing native plugins compatible for Editor in 1.03 ms, found 16 plugins.
Preloading 2 native plugins for Editor in 0.16 ms.
Unloading 2357 Unused Serialized files (Serialized files now loaded: 0)
System memory in use before: 126.3 MB.
System memory in use after: 126.5 MB.

Unloading 32 unused Assets to reduce memory usage. Loaded Objects now: 2996.
Total: 4.879700 ms (FindLiveObjects: 0.356800 ms CreateObjectMapping: 0.108100 ms MarkObjects: 4.342100 ms  DeleteObjects: 0.071500 ms)

AssetImportParameters requested are different than current active one (requested -> active):
  custom:framework-win-MediaFoundation: 216162199b28c13a410421893ffa2e32 -> 
  custom:video-decoder-ogg-theora: a1e56fd34408186e4bbccfd4996cb3dc -> 
  custom:container-muxer-webm: aa71ff27fc2769a1b78a27578f13a17b -> 
  custom:container-demuxer-webm: 4f35f7cbe854078d1ac9338744f61a02 -> 
  custom:container-demuxer-ogg: 62fdf1f143b41e24485cea50d1cbac27 -> 
  custom:video-encoder-webm-vp8: eb34c28f22e8b96e1ab97ce403110664 -> 
  custom:video-codec-MediaFoundation-h265: 746d11721c4dcdbdad8f713fa42b33f4 -> 
  custom:video-decoder-webm-vp8: 9c59270c3fd7afecdb556c50c9e8de78 -> 
  custom:audio-decoder-ogg-vorbis: bf7c407c2cedff20999df2af8eb42d56 -> 
  custom:audio-encoder-webm-vorbis: bf7c407c2cedff20999df2af8eb42d56 -> 
========================================================================
Received Prepare
Registering precompiled user dll's ...
Registered in 0.017426 seconds.
Begin MonoManager ReloadAssembly
Native extension for WindowsStandalone target not found
Refreshing native plugins compatible for Editor in 0.97 ms, found 16 plugins.
Preloading 2 native plugins for Editor in 0.17 ms.
System.Reflection.TargetInvocationException: Exception has been thrown by the target of an invocation. ---> System.NullReferenceException: Object reference not set to an instance of an object
  at Unity.XR.Oculus.OculusLoader.AssetPathToAbsolutePath (System.String assetPath) [0x00048] in C:\Users\erlen\Documents\Github\Crystallographic-Reality\Crystallographic Reality\Library\PackageCache\com.unity.xr.oculus@1.9.1\Runtime\OculusLoader.cs:249 
  at Unity.XR.Oculus.OculusLoader.EditorLoadOVRPlugin () [0x0007b] in C:\Users\erlen\Documents\Github\Crystallographic-Reality\Crystallographic Reality\Library\PackageCache\com.unity.xr.oculus@1.9.1\Runtime\OculusLoader.cs:234 
  at (wrapper managed-to-native) System.Reflection.MonoMethod.InternalInvoke(System.Reflection.MonoMethod,object,object[],System.Exception&)
  at System.Reflection.MonoMethod.Invoke (System.Object obj, System.Reflection.BindingFlags invokeAttr, System.Reflection.Binder binder, System.Object[] parameters, System.Globalization.CultureInfo culture) [0x00032] in <695d1cc93cca45069c528c15c9fdd749>:0 
   --- End of inner exception stack trace ---
  at System.Reflection.MonoMethod.Invoke (System.Object obj, System.Reflection.BindingFlags invokeAttr, System.Reflection.Binder binder, System.Object[] parameters, System.Globalization.CultureInfo culture) [0x00048] in <695d1cc93cca45069c528c15c9fdd749>:0 
  at System.Reflection.MethodBase.Invoke (System.Object obj, System.Object[] parameters) [0x00000] in <695d1cc93cca45069c528c15c9fdd749>:0 
  at UnityEditor.EditorAssemblies.ProcessInitializeOnLoadMethodAttributes () [0x00047] in <ef3b6bf002d8435a97b4e938f6c49b02>:0 
UnityEngine.StackTraceUtility:ExtractStackTrace ()
UnityEngine.DebugLogHandler:LogFormat (UnityEngine.LogType,UnityEngine.Object,string,object[])
UnityEngine.Logger:Log (UnityEngine.LogType,object)
UnityEngine.Debug:LogError (object)
UnityEditor.EditorAssemblies:ProcessInitializeOnLoadMethodAttributes ()

Mono: successfully reloaded assembly
- Completed reload, in  1.750 seconds
Domain Reload Profiling:
	ReloadAssembly (1750ms)
		BeginReloadAssembly (165ms)
			ExecutionOrderSort (0ms)
			DisableScriptedObjects (7ms)
			BackupInstance (0ms)
			ReleaseScriptingObjects (0ms)
			CreateAndSetChildDomain (56ms)
		EndReloadAssembly (1491ms)
			LoadAssemblies (151ms)
			RebuildTransferFunctionScriptingTraits (0ms)
			SetupTypeCache (479ms)
			ReleaseScriptCaches (1ms)
			RebuildScriptCaches (65ms)
			SetupLoadedEditorAssemblies (636ms)
				LogAssemblyErrors (0ms)
				InitializePlatformSupportModulesInManaged (5ms)
				SetLoadedEditorAssemblies (0ms)
				RefreshPlugins (1ms)
				BeforeProcessingInitializeOnLoad (115ms)
				ProcessInitializeOnLoadAttributes (482ms)
				ProcessInitializeOnLoadMethodAttributes (18ms)
				AfterProcessingInitializeOnLoad (13ms)
				EditorAssembliesLoaded (0ms)
			ExecutionOrderSort2 (0ms)
			AwakeInstancesAfterBackupRestoration (11ms)
Platform modules already initialized, skipping
Refreshing native plugins compatible for Editor in 0.94 ms, found 16 plugins.
Preloading 2 native plugins for Editor in 0.16 ms.
Unloading 2357 Unused Serialized files (Serialized files now loaded: 0)
System memory in use before: 126.4 MB.
System memory in use after: 126.6 MB.

Unloading 32 unused Assets to reduce memory usage. Loaded Objects now: 2999.
Total: 3.937400 ms (FindLiveObjects: 0.325800 ms CreateObjectMapping: 0.145100 ms MarkObjects: 3.401700 ms  DeleteObjects: 0.063600 ms)

AssetImportParameters requested are different than current active one (requested -> active):
  custom:framework-win-MediaFoundation: 216162199b28c13a410421893ffa2e32 -> 
  custom:video-decoder-ogg-theora: a1e56fd34408186e4bbccfd4996cb3dc -> 
  custom:container-muxer-webm: aa71ff27fc2769a1b78a27578f13a17b -> 
  custom:container-demuxer-webm: 4f35f7cbe854078d1ac9338744f61a02 -> 
  custom:container-demuxer-ogg: 62fdf1f143b41e24485cea50d1cbac27 -> 
  custom:video-encoder-webm-vp8: eb34c28f22e8b96e1ab97ce403110664 -> 
  custom:video-codec-MediaFoundation-h265: 746d11721c4dcdbdad8f713fa42b33f4 -> 
  custom:video-decoder-webm-vp8: 9c59270c3fd7afecdb556c50c9e8de78 -> 
  custom:audio-decoder-ogg-vorbis: bf7c407c2cedff20999df2af8eb42d56 -> 
  custom:audio-encoder-webm-vorbis: bf7c407c2cedff20999df2af8eb42d56 -> 
========================================================================
Received Prepare
Registering precompiled user dll's ...
Registered in 0.020395 seconds.
Begin MonoManager ReloadAssembly
Native extension for WindowsStandalone target not found
Refreshing native plugins compatible for Editor in 0.92 ms, found 16 plugins.
Preloading 2 native plugins for Editor in 0.19 ms.
System.Reflection.TargetInvocationException: Exception has been thrown by the target of an invocation. ---> System.NullReferenceException: Object reference not set to an instance of an object
  at Unity.XR.Oculus.OculusLoader.AssetPathToAbsolutePath (System.String assetPath) [0x00048] in C:\Users\erlen\Documents\Github\Crystallographic-Reality\Crystallographic Reality\Library\PackageCache\com.unity.xr.oculus@1.9.1\Runtime\OculusLoader.cs:249 
  at Unity.XR.Oculus.OculusLoader.EditorLoadOVRPlugin () [0x0007b] in C:\Users\erlen\Documents\Github\Crystallographic-Reality\Crystallographic Reality\Library\PackageCache\com.unity.xr.oculus@1.9.1\Runtime\OculusLoader.cs:234 
  at (wrapper managed-to-native) System.Reflection.MonoMethod.InternalInvoke(System.Reflection.MonoMethod,object,object[],System.Exception&)
  at System.Reflection.MonoMethod.Invoke (System.Object obj, System.Reflection.BindingFlags invokeAttr, System.Reflection.Binder binder, System.Object[] parameters, System.Globalization.CultureInfo culture) [0x00032] in <695d1cc93cca45069c528c15c9fdd749>:0 
   --- End of inner exception stack trace ---
  at System.Reflection.MonoMethod.Invoke (System.Object obj, System.Reflection.BindingFlags invokeAttr, System.Reflection.Binder binder, System.Object[] parameters, System.Globalization.CultureInfo culture) [0x00048] in <695d1cc93cca45069c528c15c9fdd749>:0 
  at System.Reflection.MethodBase.Invoke (System.Object obj, System.Object[] parameters) [0x00000] in <695d1cc93cca45069c528c15c9fdd749>:0 
  at UnityEditor.EditorAssemblies.ProcessInitializeOnLoadMethodAttributes () [0x00047] in <ef3b6bf002d8435a97b4e938f6c49b02>:0 
UnityEngine.StackTraceUtility:ExtractStackTrace ()
UnityEngine.DebugLogHandler:LogFormat (UnityEngine.LogType,UnityEngine.Object,string,object[])
UnityEngine.Logger:Log (UnityEngine.LogType,object)
UnityEngine.Debug:LogError (object)
UnityEditor.EditorAssemblies:ProcessInitializeOnLoadMethodAttributes ()

Mono: successfully reloaded assembly
- Completed reload, in  1.444 seconds
Domain Reload Profiling:
	ReloadAssembly (1445ms)
		BeginReloadAssembly (148ms)
			ExecutionOrderSort (0ms)
			DisableScriptedObjects (10ms)
			BackupInstance (0ms)
			ReleaseScriptingObjects (0ms)
			CreateAndSetChildDomain (49ms)
		EndReloadAssembly (1221ms)
			LoadAssemblies (112ms)
			RebuildTransferFunctionScriptingTraits (0ms)
			SetupTypeCache (367ms)
			ReleaseScriptCaches (1ms)
			RebuildScriptCaches (51ms)
			SetupLoadedEditorAssemblies (537ms)
				LogAssemblyErrors (0ms)
				InitializePlatformSupportModulesInManaged (5ms)
				SetLoadedEditorAssemblies (0ms)
				RefreshPlugins (1ms)
				BeforeProcessingInitializeOnLoad (95ms)
				ProcessInitializeOnLoadAttributes (414ms)
				ProcessInitializeOnLoadMethodAttributes (14ms)
				AfterProcessingInitializeOnLoad (8ms)
				EditorAssembliesLoaded (0ms)
			ExecutionOrderSort2 (0ms)
			AwakeInstancesAfterBackupRestoration (9ms)
Platform modules already initialized, skipping
Refreshing native plugins compatible for Editor in 1.03 ms, found 16 plugins.
Preloading 2 native plugins for Editor in 0.16 ms.
Unloading 2357 Unused Serialized files (Serialized files now loaded: 0)
System memory in use before: 126.4 MB.
System memory in use after: 126.6 MB.

Unloading 32 unused Assets to reduce memory usage. Loaded Objects now: 3002.
Total: 4.170700 ms (FindLiveObjects: 0.254700 ms CreateObjectMapping: 0.109200 ms MarkObjects: 3.733100 ms  DeleteObjects: 0.072000 ms)

AssetImportParameters requested are different than current active one (requested -> active):
  custom:framework-win-MediaFoundation: 216162199b28c13a410421893ffa2e32 -> 
  custom:video-decoder-ogg-theora: a1e56fd34408186e4bbccfd4996cb3dc -> 
  custom:container-muxer-webm: aa71ff27fc2769a1b78a27578f13a17b -> 
  custom:container-demuxer-webm: 4f35f7cbe854078d1ac9338744f61a02 -> 
  custom:container-demuxer-ogg: 62fdf1f143b41e24485cea50d1cbac27 -> 
  custom:video-encoder-webm-vp8: eb34c28f22e8b96e1ab97ce403110664 -> 
  custom:video-codec-MediaFoundation-h265: 746d11721c4dcdbdad8f713fa42b33f4 -> 
  custom:video-decoder-webm-vp8: 9c59270c3fd7afecdb556c50c9e8de78 -> 
  custom:audio-decoder-ogg-vorbis: bf7c407c2cedff20999df2af8eb42d56 -> 
  custom:audio-encoder-webm-vorbis: bf7c407c2cedff20999df2af8eb42d56 -> 
========================================================================
Received Prepare
Registering precompiled user dll's ...
Registered in 0.015845 seconds.
Begin MonoManager ReloadAssembly
Native extension for WindowsStandalone target not found
Refreshing native plugins compatible for Editor in 1.10 ms, found 16 plugins.
Preloading 2 native plugins for Editor in 0.20 ms.
System.Reflection.TargetInvocationException: Exception has been thrown by the target of an invocation. ---> System.NullReferenceException: Object reference not set to an instance of an object
  at Unity.XR.Oculus.OculusLoader.AssetPathToAbsolutePath (System.String assetPath) [0x00048] in C:\Users\erlen\Documents\Github\Crystallographic-Reality\Crystallographic Reality\Library\PackageCache\com.unity.xr.oculus@1.9.1\Runtime\OculusLoader.cs:249 
  at Unity.XR.Oculus.OculusLoader.EditorLoadOVRPlugin () [0x0007b] in C:\Users\erlen\Documents\Github\Crystallographic-Reality\Crystallographic Reality\Library\PackageCache\com.unity.xr.oculus@1.9.1\Runtime\OculusLoader.cs:234 
  at (wrapper managed-to-native) System.Reflection.MonoMethod.InternalInvoke(System.Reflection.MonoMethod,object,object[],System.Exception&)
  at System.Reflection.MonoMethod.Invoke (System.Object obj, System.Reflection.BindingFlags invokeAttr, System.Reflection.Binder binder, System.Object[] parameters, System.Globalization.CultureInfo culture) [0x00032] in <695d1cc93cca45069c528c15c9fdd749>:0 
   --- End of inner exception stack trace ---
  at System.Reflection.MonoMethod.Invoke (System.Object obj, System.Reflection.BindingFlags invokeAttr, System.Reflection.Binder binder, System.Object[] parameters, System.Globalization.CultureInfo culture) [0x00048] in <695d1cc93cca45069c528c15c9fdd749>:0 
  at System.Reflection.MethodBase.Invoke (System.Object obj, System.Object[] parameters) [0x00000] in <695d1cc93cca45069c528c15c9fdd749>:0 
  at UnityEditor.EditorAssemblies.ProcessInitializeOnLoadMethodAttributes () [0x00047] in <ef3b6bf002d8435a97b4e938f6c49b02>:0 
UnityEngine.StackTraceUtility:ExtractStackTrace ()
UnityEngine.DebugLogHandler:LogFormat (UnityEngine.LogType,UnityEngine.Object,string,object[])
UnityEngine.Logger:Log (UnityEngine.LogType,object)
UnityEngine.Debug:LogError (object)
UnityEditor.EditorAssemblies:ProcessInitializeOnLoadMethodAttributes ()

Mono: successfully reloaded assembly
- Completed reload, in  1.531 seconds
Domain Reload Profiling:
	ReloadAssembly (1531ms)
		BeginReloadAssembly (122ms)
			ExecutionOrderSort (0ms)
			DisableScriptedObjects (5ms)
			BackupInstance (0ms)
			ReleaseScriptingObjects (0ms)
			CreateAndSetChildDomain (37ms)
		EndReloadAssembly (1330ms)
			LoadAssemblies (106ms)
			RebuildTransferFunctionScriptingTraits (0ms)
			SetupTypeCache (378ms)
			ReleaseScriptCaches (1ms)
			RebuildScriptCaches (54ms)
			SetupLoadedEditorAssemblies (624ms)
				LogAssemblyErrors (0ms)
				InitializePlatformSupportModulesInManaged (6ms)
				SetLoadedEditorAssemblies (1ms)
				RefreshPlugins (1ms)
				BeforeProcessingInitializeOnLoad (103ms)
				ProcessInitializeOnLoadAttributes (489ms)
				ProcessInitializeOnLoadMethodAttributes (16ms)
				AfterProcessingInitializeOnLoad (8ms)
				EditorAssembliesLoaded (0ms)
			ExecutionOrderSort2 (0ms)
			AwakeInstancesAfterBackupRestoration (9ms)
Platform modules already initialized, skipping
Refreshing native plugins compatible for Editor in 0.92 ms, found 16 plugins.
Preloading 2 native plugins for Editor in 0.16 ms.
Unloading 2357 Unused Serialized files (Serialized files now loaded: 0)
System memory in use before: 126.4 MB.
System memory in use after: 126.7 MB.

Unloading 32 unused Assets to reduce memory usage. Loaded Objects now: 3005.
Total: 3.695900 ms (FindLiveObjects: 0.271300 ms CreateObjectMapping: 0.122200 ms MarkObjects: 3.251000 ms  DeleteObjects: 0.050100 ms)

AssetImportParameters requested are different than current active one (requested -> active):
  custom:framework-win-MediaFoundation: 216162199b28c13a410421893ffa2e32 -> 
  custom:video-decoder-ogg-theora: a1e56fd34408186e4bbccfd4996cb3dc -> 
  custom:container-muxer-webm: aa71ff27fc2769a1b78a27578f13a17b -> 
  custom:container-demuxer-webm: 4f35f7cbe854078d1ac9338744f61a02 -> 
  custom:container-demuxer-ogg: 62fdf1f143b41e24485cea50d1cbac27 -> 
  custom:video-encoder-webm-vp8: eb34c28f22e8b96e1ab97ce403110664 -> 
  custom:video-codec-MediaFoundation-h265: 746d11721c4dcdbdad8f713fa42b33f4 -> 
  custom:video-decoder-webm-vp8: 9c59270c3fd7afecdb556c50c9e8de78 -> 
  custom:audio-decoder-ogg-vorbis: bf7c407c2cedff20999df2af8eb42d56 -> 
  custom:audio-encoder-webm-vorbis: bf7c407c2cedff20999df2af8eb42d56 -> 
========================================================================
Received Prepare
Registering precompiled user dll's ...
Registered in 0.015218 seconds.
Begin MonoManager ReloadAssembly
Native extension for WindowsStandalone target not found
Refreshing native plugins compatible for Editor in 0.89 ms, found 16 plugins.
Preloading 2 native plugins for Editor in 0.17 ms.
System.Reflection.TargetInvocationException: Exception has been thrown by the target of an invocation. ---> System.NullReferenceException: Object reference not set to an instance of an object
  at Unity.XR.Oculus.OculusLoader.AssetPathToAbsolutePath (System.String assetPath) [0x00048] in C:\Users\erlen\Documents\Github\Crystallographic-Reality\Crystallographic Reality\Library\PackageCache\com.unity.xr.oculus@1.9.1\Runtime\OculusLoader.cs:249 
  at Unity.XR.Oculus.OculusLoader.EditorLoadOVRPlugin () [0x0007b] in C:\Users\erlen\Documents\Github\Crystallographic-Reality\Crystallographic Reality\Library\PackageCache\com.unity.xr.oculus@1.9.1\Runtime\OculusLoader.cs:234 
  at (wrapper managed-to-native) System.Reflection.MonoMethod.InternalInvoke(System.Reflection.MonoMethod,object,object[],System.Exception&)
  at System.Reflection.MonoMethod.Invoke (System.Object obj, System.Reflection.BindingFlags invokeAttr, System.Reflection.Binder binder, System.Object[] parameters, System.Globalization.CultureInfo culture) [0x00032] in <695d1cc93cca45069c528c15c9fdd749>:0 
   --- End of inner exception stack trace ---
  at System.Reflection.MonoMethod.Invoke (System.Object obj, System.Reflection.BindingFlags invokeAttr, System.Reflection.Binder binder, System.Object[] parameters, System.Globalization.CultureInfo culture) [0x00048] in <695d1cc93cca45069c528c15c9fdd749>:0 
  at System.Reflection.MethodBase.Invoke (System.Object obj, System.Object[] parameters) [0x00000] in <695d1cc93cca45069c528c15c9fdd749>:0 
  at UnityEditor.EditorAssemblies.ProcessInitializeOnLoadMethodAttributes () [0x00047] in <ef3b6bf002d8435a97b4e938f6c49b02>:0 
UnityEngine.StackTraceUtility:ExtractStackTrace ()
UnityEngine.DebugLogHandler:LogFormat (UnityEngine.LogType,UnityEngine.Object,string,object[])
UnityEngine.Logger:Log (UnityEngine.LogType,object)
UnityEngine.Debug:LogError (object)
UnityEditor.EditorAssemblies:ProcessInitializeOnLoadMethodAttributes ()

Mono: successfully reloaded assembly
- Completed reload, in  1.509 seconds
Domain Reload Profiling:
	ReloadAssembly (1510ms)
		BeginReloadAssembly (149ms)
			ExecutionOrderSort (0ms)
			DisableScriptedObjects (6ms)
			BackupInstance (0ms)
			ReleaseScriptingObjects (0ms)
			CreateAndSetChildDomain (42ms)
		EndReloadAssembly (1280ms)
			LoadAssemblies (121ms)
			RebuildTransferFunctionScriptingTraits (0ms)
			SetupTypeCache (354ms)
			ReleaseScriptCaches (1ms)
			RebuildScriptCaches (49ms)
			SetupLoadedEditorAssemblies (599ms)
				LogAssemblyErrors (0ms)
				InitializePlatformSupportModulesInManaged (5ms)
				SetLoadedEditorAssemblies (0ms)
				RefreshPlugins (1ms)
				BeforeProcessingInitializeOnLoad (104ms)
				ProcessInitializeOnLoadAttributes (462ms)
				ProcessInitializeOnLoadMethodAttributes (18ms)
				AfterProcessingInitializeOnLoad (8ms)
				EditorAssembliesLoaded (0ms)
			ExecutionOrderSort2 (0ms)
			AwakeInstancesAfterBackupRestoration (10ms)
Platform modules already initialized, skipping
Refreshing native plugins compatible for Editor in 1.12 ms, found 16 plugins.
Preloading 2 native plugins for Editor in 0.17 ms.
Unloading 2357 Unused Serialized files (Serialized files now loaded: 0)
System memory in use before: 126.4 MB.
System memory in use after: 126.7 MB.

Unloading 32 unused Assets to reduce memory usage. Loaded Objects now: 3008.
Total: 5.016600 ms (FindLiveObjects: 0.356400 ms CreateObjectMapping: 0.139300 ms MarkObjects: 4.420800 ms  DeleteObjects: 0.098300 ms)

AssetImportParameters requested are different than current active one (requested -> active):
  custom:framework-win-MediaFoundation: 216162199b28c13a410421893ffa2e32 -> 
  custom:video-decoder-ogg-theora: a1e56fd34408186e4bbccfd4996cb3dc -> 
  custom:container-muxer-webm: aa71ff27fc2769a1b78a27578f13a17b -> 
  custom:container-demuxer-webm: 4f35f7cbe854078d1ac9338744f61a02 -> 
  custom:container-demuxer-ogg: 62fdf1f143b41e24485cea50d1cbac27 -> 
  custom:video-encoder-webm-vp8: eb34c28f22e8b96e1ab97ce403110664 -> 
  custom:video-codec-MediaFoundation-h265: 746d11721c4dcdbdad8f713fa42b33f4 -> 
  custom:video-decoder-webm-vp8: 9c59270c3fd7afecdb556c50c9e8de78 -> 
  custom:audio-decoder-ogg-vorbis: bf7c407c2cedff20999df2af8eb42d56 -> 
  custom:audio-encoder-webm-vorbis: bf7c407c2cedff20999df2af8eb42d56 -> 
========================================================================
Received Prepare
Registering precompiled user dll's ...
Registered in 0.014838 seconds.
Begin MonoManager ReloadAssembly
Native extension for WindowsStandalone target not found
Refreshing native plugins compatible for Editor in 0.99 ms, found 16 plugins.
Preloading 2 native plugins for Editor in 0.18 ms.
System.Reflection.TargetInvocationException: Exception has been thrown by the target of an invocation. ---> System.NullReferenceException: Object reference not set to an instance of an object
  at Unity.XR.Oculus.OculusLoader.AssetPathToAbsolutePath (System.String assetPath) [0x00048] in C:\Users\erlen\Documents\Github\Crystallographic-Reality\Crystallographic Reality\Library\PackageCache\com.unity.xr.oculus@1.9.1\Runtime\OculusLoader.cs:249 
  at Unity.XR.Oculus.OculusLoader.EditorLoadOVRPlugin () [0x0007b] in C:\Users\erlen\Documents\Github\Crystallographic-Reality\Crystallographic Reality\Library\PackageCache\com.unity.xr.oculus@1.9.1\Runtime\OculusLoader.cs:234 
  at (wrapper managed-to-native) System.Reflection.MonoMethod.InternalInvoke(System.Reflection.MonoMethod,object,object[],System.Exception&)
  at System.Reflection.MonoMethod.Invoke (System.Object obj, System.Reflection.BindingFlags invokeAttr, System.Reflection.Binder binder, System.Object[] parameters, System.Globalization.CultureInfo culture) [0x00032] in <695d1cc93cca45069c528c15c9fdd749>:0 
   --- End of inner exception stack trace ---
  at System.Reflection.MonoMethod.Invoke (System.Object obj, System.Reflection.BindingFlags invokeAttr, System.Reflection.Binder binder, System.Object[] parameters, System.Globalization.CultureInfo culture) [0x00048] in <695d1cc93cca45069c528c15c9fdd749>:0 
  at System.Reflection.MethodBase.Invoke (System.Object obj, System.Object[] parameters) [0x00000] in <695d1cc93cca45069c528c15c9fdd749>:0 
  at UnityEditor.EditorAssemblies.ProcessInitializeOnLoadMethodAttributes () [0x00047] in <ef3b6bf002d8435a97b4e938f6c49b02>:0 
UnityEngine.StackTraceUtility:ExtractStackTrace ()
UnityEngine.DebugLogHandler:LogFormat (UnityEngine.LogType,UnityEngine.Object,string,object[])
UnityEngine.Logger:Log (UnityEngine.LogType,object)
UnityEngine.Debug:LogError (object)
UnityEditor.EditorAssemblies:ProcessInitializeOnLoadMethodAttributes ()

Mono: successfully reloaded assembly
- Completed reload, in  1.467 seconds
Domain Reload Profiling:
	ReloadAssembly (1467ms)
		BeginReloadAssembly (137ms)
			ExecutionOrderSort (0ms)
			DisableScriptedObjects (5ms)
			BackupInstance (0ms)
			ReleaseScriptingObjects (0ms)
			CreateAndSetChildDomain (42ms)
		EndReloadAssembly (1248ms)
			LoadAssemblies (118ms)
			RebuildTransferFunctionScriptingTraits (0ms)
			SetupTypeCache (337ms)
			ReleaseScriptCaches (1ms)
			RebuildScriptCaches (52ms)
			SetupLoadedEditorAssemblies (565ms)
				LogAssemblyErrors (0ms)
				InitializePlatformSupportModulesInManaged (5ms)
				SetLoadedEditorAssemblies (1ms)
				RefreshPlugins (1ms)
				BeforeProcessingInitializeOnLoad (97ms)
				ProcessInitializeOnLoadAttributes (438ms)
				ProcessInitializeOnLoadMethodAttributes (16ms)
				AfterProcessingInitializeOnLoad (8ms)
				EditorAssembliesLoaded (0ms)
			ExecutionOrderSort2 (0ms)
			AwakeInstancesAfterBackupRestoration (9ms)
Platform modules already initialized, skipping
Refreshing native plugins compatible for Editor in 0.98 ms, found 16 plugins.
Preloading 2 native plugins for Editor in 0.16 ms.
Unloading 2357 Unused Serialized files (Serialized files now loaded: 0)
System memory in use before: 126.4 MB.
System memory in use after: 126.6 MB.

Unloading 32 unused Assets to reduce memory usage. Loaded Objects now: 3011.
Total: 4.111000 ms (FindLiveObjects: 0.264200 ms CreateObjectMapping: 0.117900 ms MarkObjects: 3.653200 ms  DeleteObjects: 0.074000 ms)

AssetImportParameters requested are different than current active one (requested -> active):
  custom:framework-win-MediaFoundation: 216162199b28c13a410421893ffa2e32 -> 
  custom:video-decoder-ogg-theora: a1e56fd34408186e4bbccfd4996cb3dc -> 
  custom:container-muxer-webm: aa71ff27fc2769a1b78a27578f13a17b -> 
  custom:container-demuxer-webm: 4f35f7cbe854078d1ac9338744f61a02 -> 
  custom:container-demuxer-ogg: 62fdf1f143b41e24485cea50d1cbac27 -> 
  custom:video-encoder-webm-vp8: eb34c28f22e8b96e1ab97ce403110664 -> 
  custom:video-codec-MediaFoundation-h265: 746d11721c4dcdbdad8f713fa42b33f4 -> 
  custom:video-decoder-webm-vp8: 9c59270c3fd7afecdb556c50c9e8de78 -> 
  custom:audio-decoder-ogg-vorbis: bf7c407c2cedff20999df2af8eb42d56 -> 
  custom:audio-encoder-webm-vorbis: bf7c407c2cedff20999df2af8eb42d56 -> 
========================================================================
Received Prepare
Registering precompiled user dll's ...
Registered in 0.014669 seconds.
Begin MonoManager ReloadAssembly
Native extension for WindowsStandalone target not found
Refreshing native plugins compatible for Editor in 1.85 ms, found 16 plugins.
Preloading 2 native plugins for Editor in 0.31 ms.
System.Reflection.TargetInvocationException: Exception has been thrown by the target of an invocation. ---> System.NullReferenceException: Object reference not set to an instance of an object
  at Unity.XR.Oculus.OculusLoader.AssetPathToAbsolutePath (System.String assetPath) [0x00048] in C:\Users\erlen\Documents\Github\Crystallographic-Reality\Crystallographic Reality\Library\PackageCache\com.unity.xr.oculus@1.9.1\Runtime\OculusLoader.cs:249 
  at Unity.XR.Oculus.OculusLoader.EditorLoadOVRPlugin () [0x0007b] in C:\Users\erlen\Documents\Github\Crystallographic-Reality\Crystallographic Reality\Library\PackageCache\com.unity.xr.oculus@1.9.1\Runtime\OculusLoader.cs:234 
  at (wrapper managed-to-native) System.Reflection.MonoMethod.InternalInvoke(System.Reflection.MonoMethod,object,object[],System.Exception&)
  at System.Reflection.MonoMethod.Invoke (System.Object obj, System.Reflection.BindingFlags invokeAttr, System.Reflection.Binder binder, System.Object[] parameters, System.Globalization.CultureInfo culture) [0x00032] in <695d1cc93cca45069c528c15c9fdd749>:0 
   --- End of inner exception stack trace ---
  at System.Reflection.MonoMethod.Invoke (System.Object obj, System.Reflection.BindingFlags invokeAttr, System.Reflection.Binder binder, System.Object[] parameters, System.Globalization.CultureInfo culture) [0x00048] in <695d1cc93cca45069c528c15c9fdd749>:0 
  at System.Reflection.MethodBase.Invoke (System.Object obj, System.Object[] parameters) [0x00000] in <695d1cc93cca45069c528c15c9fdd749>:0 
  at UnityEditor.EditorAssemblies.ProcessInitializeOnLoadMethodAttributes () [0x00047] in <ef3b6bf002d8435a97b4e938f6c49b02>:0 
UnityEngine.StackTraceUtility:ExtractStackTrace ()
UnityEngine.DebugLogHandler:LogFormat (UnityEngine.LogType,UnityEngine.Object,string,object[])
UnityEngine.Logger:Log (UnityEngine.LogType,object)
UnityEngine.Debug:LogError (object)
UnityEditor.EditorAssemblies:ProcessInitializeOnLoadMethodAttributes ()

Mono: successfully reloaded assembly
- Completed reload, in  1.487 seconds
Domain Reload Profiling:
	ReloadAssembly (1487ms)
		BeginReloadAssembly (140ms)
			ExecutionOrderSort (0ms)
			DisableScriptedObjects (5ms)
			BackupInstance (0ms)
			ReleaseScriptingObjects (0ms)
			CreateAndSetChildDomain (36ms)
		EndReloadAssembly (1273ms)
			LoadAssemblies (115ms)
			RebuildTransferFunctionScriptingTraits (0ms)
			SetupTypeCache (363ms)
			ReleaseScriptCaches (1ms)
			RebuildScriptCaches (57ms)
			SetupLoadedEditorAssemblies (585ms)
				LogAssemblyErrors (0ms)
				InitializePlatformSupportModulesInManaged (6ms)
				SetLoadedEditorAssemblies (1ms)
				RefreshPlugins (2ms)
				BeforeProcessingInitializeOnLoad (107ms)
				ProcessInitializeOnLoadAttributes (446ms)
				ProcessInitializeOnLoadMethodAttributes (15ms)
				AfterProcessingInitializeOnLoad (7ms)
				EditorAssembliesLoaded (0ms)
			ExecutionOrderSort2 (0ms)
			AwakeInstancesAfterBackupRestoration (9ms)
Platform modules already initialized, skipping
Refreshing native plugins compatible for Editor in 0.96 ms, found 16 plugins.
Preloading 2 native plugins for Editor in 0.16 ms.
Unloading 2357 Unused Serialized files (Serialized files now loaded: 0)
System memory in use before: 126.5 MB.
System memory in use after: 126.7 MB.

Unloading 32 unused Assets to reduce memory usage. Loaded Objects now: 3014.
Total: 3.892500 ms (FindLiveObjects: 0.268300 ms CreateObjectMapping: 0.121300 ms MarkObjects: 3.448700 ms  DeleteObjects: 0.053100 ms)

AssetImportParameters requested are different than current active one (requested -> active):
  custom:framework-win-MediaFoundation: 216162199b28c13a410421893ffa2e32 -> 
  custom:video-decoder-ogg-theora: a1e56fd34408186e4bbccfd4996cb3dc -> 
  custom:container-muxer-webm: aa71ff27fc2769a1b78a27578f13a17b -> 
  custom:container-demuxer-webm: 4f35f7cbe854078d1ac9338744f61a02 -> 
  custom:container-demuxer-ogg: 62fdf1f143b41e24485cea50d1cbac27 -> 
  custom:video-encoder-webm-vp8: eb34c28f22e8b96e1ab97ce403110664 -> 
  custom:video-codec-MediaFoundation-h265: 746d11721c4dcdbdad8f713fa42b33f4 -> 
  custom:video-decoder-webm-vp8: 9c59270c3fd7afecdb556c50c9e8de78 -> 
  custom:audio-decoder-ogg-vorbis: bf7c407c2cedff20999df2af8eb42d56 -> 
  custom:audio-encoder-webm-vorbis: bf7c407c2cedff20999df2af8eb42d56 -> 
========================================================================
Received Prepare
Registering precompiled user dll's ...
Registered in 0.023456 seconds.
Begin MonoManager ReloadAssembly
Native extension for WindowsStandalone target not found
Refreshing native plugins compatible for Editor in 1.03 ms, found 16 plugins.
Preloading 2 native plugins for Editor in 0.28 ms.
System.Reflection.TargetInvocationException: Exception has been thrown by the target of an invocation. ---> System.NullReferenceException: Object reference not set to an instance of an object
  at Unity.XR.Oculus.OculusLoader.AssetPathToAbsolutePath (System.String assetPath) [0x00048] in C:\Users\erlen\Documents\Github\Crystallographic-Reality\Crystallographic Reality\Library\PackageCache\com.unity.xr.oculus@1.9.1\Runtime\OculusLoader.cs:249 
  at Unity.XR.Oculus.OculusLoader.EditorLoadOVRPlugin () [0x0007b] in C:\Users\erlen\Documents\Github\Crystallographic-Reality\Crystallographic Reality\Library\PackageCache\com.unity.xr.oculus@1.9.1\Runtime\OculusLoader.cs:234 
  at (wrapper managed-to-native) System.Reflection.MonoMethod.InternalInvoke(System.Reflection.MonoMethod,object,object[],System.Exception&)
  at System.Reflection.MonoMethod.Invoke (System.Object obj, System.Reflection.BindingFlags invokeAttr, System.Reflection.Binder binder, System.Object[] parameters, System.Globalization.CultureInfo culture) [0x00032] in <695d1cc93cca45069c528c15c9fdd749>:0 
   --- End of inner exception stack trace ---
  at System.Reflection.MonoMethod.Invoke (System.Object obj, System.Reflection.BindingFlags invokeAttr, System.Reflection.Binder binder, System.Object[] parameters, System.Globalization.CultureInfo culture) [0x00048] in <695d1cc93cca45069c528c15c9fdd749>:0 
  at System.Reflection.MethodBase.Invoke (System.Object obj, System.Object[] parameters) [0x00000] in <695d1cc93cca45069c528c15c9fdd749>:0 
  at UnityEditor.EditorAssemblies.ProcessInitializeOnLoadMethodAttributes () [0x00047] in <ef3b6bf002d8435a97b4e938f6c49b02>:0 
UnityEngine.StackTraceUtility:ExtractStackTrace ()
UnityEngine.DebugLogHandler:LogFormat (UnityEngine.LogType,UnityEngine.Object,string,object[])
UnityEngine.Logger:Log (UnityEngine.LogType,object)
UnityEngine.Debug:LogError (object)
UnityEditor.EditorAssemblies:ProcessInitializeOnLoadMethodAttributes ()

Mono: successfully reloaded assembly
- Completed reload, in  1.805 seconds
Domain Reload Profiling:
	ReloadAssembly (1806ms)
		BeginReloadAssembly (234ms)
			ExecutionOrderSort (0ms)
			DisableScriptedObjects (7ms)
			BackupInstance (0ms)
			ReleaseScriptingObjects (0ms)
			CreateAndSetChildDomain (43ms)
		EndReloadAssembly (1359ms)
			LoadAssemblies (239ms)
			RebuildTransferFunctionScriptingTraits (0ms)
			SetupTypeCache (371ms)
			ReleaseScriptCaches (1ms)
			RebuildScriptCaches (51ms)
			SetupLoadedEditorAssemblies (628ms)
				LogAssemblyErrors (0ms)
				InitializePlatformSupportModulesInManaged (6ms)
				SetLoadedEditorAssemblies (1ms)
				RefreshPlugins (1ms)
				BeforeProcessingInitializeOnLoad (111ms)
				ProcessInitializeOnLoadAttributes (485ms)
				ProcessInitializeOnLoadMethodAttributes (16ms)
				AfterProcessingInitializeOnLoad (8ms)
				EditorAssembliesLoaded (0ms)
			ExecutionOrderSort2 (0ms)
			AwakeInstancesAfterBackupRestoration (9ms)
Platform modules already initialized, skipping
Refreshing native plugins compatible for Editor in 1.07 ms, found 16 plugins.
Preloading 2 native plugins for Editor in 0.18 ms.
Unloading 2357 Unused Serialized files (Serialized files now loaded: 0)
System memory in use before: 126.5 MB.
System memory in use after: 126.7 MB.

Unloading 32 unused Assets to reduce memory usage. Loaded Objects now: 3017.
Total: 4.089400 ms (FindLiveObjects: 0.337900 ms CreateObjectMapping: 0.185800 ms MarkObjects: 3.534800 ms  DeleteObjects: 0.029500 ms)

AssetImportParameters requested are different than current active one (requested -> active):
  custom:framework-win-MediaFoundation: 216162199b28c13a410421893ffa2e32 -> 
  custom:video-decoder-ogg-theora: a1e56fd34408186e4bbccfd4996cb3dc -> 
  custom:container-muxer-webm: aa71ff27fc2769a1b78a27578f13a17b -> 
  custom:container-demuxer-webm: 4f35f7cbe854078d1ac9338744f61a02 -> 
  custom:container-demuxer-ogg: 62fdf1f143b41e24485cea50d1cbac27 -> 
  custom:video-encoder-webm-vp8: eb34c28f22e8b96e1ab97ce403110664 -> 
  custom:video-codec-MediaFoundation-h265: 746d11721c4dcdbdad8f713fa42b33f4 -> 
  custom:video-decoder-webm-vp8: 9c59270c3fd7afecdb556c50c9e8de78 -> 
  custom:audio-decoder-ogg-vorbis: bf7c407c2cedff20999df2af8eb42d56 -> 
  custom:audio-encoder-webm-vorbis: bf7c407c2cedff20999df2af8eb42d56 -> 
========================================================================
Received Prepare
Registering precompiled user dll's ...
Registered in 0.017413 seconds.
Begin MonoManager ReloadAssembly
Native extension for WindowsStandalone target not found
Refreshing native plugins compatible for Editor in 1.06 ms, found 16 plugins.
Preloading 2 native plugins for Editor in 0.19 ms.
System.Reflection.TargetInvocationException: Exception has been thrown by the target of an invocation. ---> System.NullReferenceException: Object reference not set to an instance of an object
  at Unity.XR.Oculus.OculusLoader.AssetPathToAbsolutePath (System.String assetPath) [0x00048] in C:\Users\erlen\Documents\Github\Crystallographic-Reality\Crystallographic Reality\Library\PackageCache\com.unity.xr.oculus@1.9.1\Runtime\OculusLoader.cs:249 
  at Unity.XR.Oculus.OculusLoader.EditorLoadOVRPlugin () [0x0007b] in C:\Users\erlen\Documents\Github\Crystallographic-Reality\Crystallographic Reality\Library\PackageCache\com.unity.xr.oculus@1.9.1\Runtime\OculusLoader.cs:234 
  at (wrapper managed-to-native) System.Reflection.MonoMethod.InternalInvoke(System.Reflection.MonoMethod,object,object[],System.Exception&)
  at System.Reflection.MonoMethod.Invoke (System.Object obj, System.Reflection.BindingFlags invokeAttr, System.Reflection.Binder binder, System.Object[] parameters, System.Globalization.CultureInfo culture) [0x00032] in <695d1cc93cca45069c528c15c9fdd749>:0 
   --- End of inner exception stack trace ---
  at System.Reflection.MonoMethod.Invoke (System.Object obj, System.Reflection.BindingFlags invokeAttr, System.Reflection.Binder binder, System.Object[] parameters, System.Globalization.CultureInfo culture) [0x00048] in <695d1cc93cca45069c528c15c9fdd749>:0 
  at System.Reflection.MethodBase.Invoke (System.Object obj, System.Object[] parameters) [0x00000] in <695d1cc93cca45069c528c15c9fdd749>:0 
  at UnityEditor.EditorAssemblies.ProcessInitializeOnLoadMethodAttributes () [0x00047] in <ef3b6bf002d8435a97b4e938f6c49b02>:0 
UnityEngine.StackTraceUtility:ExtractStackTrace ()
UnityEngine.DebugLogHandler:LogFormat (UnityEngine.LogType,UnityEngine.Object,string,object[])
UnityEngine.Logger:Log (UnityEngine.LogType,object)
UnityEngine.Debug:LogError (object)
UnityEditor.EditorAssemblies:ProcessInitializeOnLoadMethodAttributes ()

Mono: successfully reloaded assembly
- Completed reload, in  1.621 seconds
Domain Reload Profiling:
	ReloadAssembly (1622ms)
		BeginReloadAssembly (144ms)
			ExecutionOrderSort (0ms)
			DisableScriptedObjects (5ms)
			BackupInstance (0ms)
			ReleaseScriptingObjects (0ms)
			CreateAndSetChildDomain (42ms)
		EndReloadAssembly (1390ms)
			LoadAssemblies (123ms)
			RebuildTransferFunctionScriptingTraits (0ms)
			SetupTypeCache (381ms)
			ReleaseScriptCaches (2ms)
			RebuildScriptCaches (52ms)
			SetupLoadedEditorAssemblies (658ms)
				LogAssemblyErrors (0ms)
				InitializePlatformSupportModulesInManaged (5ms)
				SetLoadedEditorAssemblies (0ms)
				RefreshPlugins (1ms)
				BeforeProcessingInitializeOnLoad (114ms)
				ProcessInitializeOnLoadAttributes (508ms)
				ProcessInitializeOnLoadMethodAttributes (20ms)
				AfterProcessingInitializeOnLoad (8ms)
				EditorAssembliesLoaded (0ms)
			ExecutionOrderSort2 (0ms)
			AwakeInstancesAfterBackupRestoration (10ms)
Platform modules already initialized, skipping
Refreshing native plugins compatible for Editor in 1.20 ms, found 16 plugins.
Preloading 2 native plugins for Editor in 0.24 ms.
Unloading 2357 Unused Serialized files (Serialized files now loaded: 0)
System memory in use before: 126.5 MB.
System memory in use after: 126.7 MB.

Unloading 32 unused Assets to reduce memory usage. Loaded Objects now: 3020.
Total: 4.183800 ms (FindLiveObjects: 0.263800 ms CreateObjectMapping: 0.109000 ms MarkObjects: 3.778400 ms  DeleteObjects: 0.031200 ms)

AssetImportParameters requested are different than current active one (requested -> active):
  custom:framework-win-MediaFoundation: 216162199b28c13a410421893ffa2e32 -> 
  custom:video-decoder-ogg-theora: a1e56fd34408186e4bbccfd4996cb3dc -> 
  custom:container-muxer-webm: aa71ff27fc2769a1b78a27578f13a17b -> 
  custom:container-demuxer-webm: 4f35f7cbe854078d1ac9338744f61a02 -> 
  custom:container-demuxer-ogg: 62fdf1f143b41e24485cea50d1cbac27 -> 
  custom:video-encoder-webm-vp8: eb34c28f22e8b96e1ab97ce403110664 -> 
  custom:video-codec-MediaFoundation-h265: 746d11721c4dcdbdad8f713fa42b33f4 -> 
  custom:video-decoder-webm-vp8: 9c59270c3fd7afecdb556c50c9e8de78 -> 
  custom:audio-decoder-ogg-vorbis: bf7c407c2cedff20999df2af8eb42d56 -> 
  custom:audio-encoder-webm-vorbis: bf7c407c2cedff20999df2af8eb42d56 -> 
========================================================================
Received Import Request.
  Time since last request: 1707.757375 seconds.
  path: Assets/Scenes/MainGameScene.unity
  artifactKey: Guid(9fc0d4010bbf28b4594072e72b8655ab) Importer(815301076,1909f56bfc062723c751e8b465ee728b)
Start importing Assets/Scenes/MainGameScene.unity using Guid(9fc0d4010bbf28b4594072e72b8655ab) Importer(815301076,1909f56bfc062723c751e8b465ee728b)  -> (artifact id: 'b1e254a6a41fe80024ee326b0a01c66a') in 1.206549 seconds 
  Import took 1.219254 seconds .

========================================================================
Received Prepare
Registering precompiled user dll's ...
Registered in 0.094020 seconds.
Begin MonoManager ReloadAssembly
Native extension for WindowsStandalone target not found
Refreshing native plugins compatible for Editor in 0.98 ms, found 16 plugins.
Preloading 2 native plugins for Editor in 0.28 ms.
System.Reflection.TargetInvocationException: Exception has been thrown by the target of an invocation. ---> System.NullReferenceException: Object reference not set to an instance of an object
  at Unity.XR.Oculus.OculusLoader.AssetPathToAbsolutePath (System.String assetPath) [0x00048] in C:\Users\erlen\Documents\Github\Crystallographic-Reality\Crystallographic Reality\Library\PackageCache\com.unity.xr.oculus@1.9.1\Runtime\OculusLoader.cs:249 
  at Unity.XR.Oculus.OculusLoader.EditorLoadOVRPlugin () [0x0007b] in C:\Users\erlen\Documents\Github\Crystallographic-Reality\Crystallographic Reality\Library\PackageCache\com.unity.xr.oculus@1.9.1\Runtime\OculusLoader.cs:234 
  at (wrapper managed-to-native) System.Reflection.MonoMethod.InternalInvoke(System.Reflection.MonoMethod,object,object[],System.Exception&)
  at System.Reflection.MonoMethod.Invoke (System.Object obj, System.Reflection.BindingFlags invokeAttr, System.Reflection.Binder binder, System.Object[] parameters, System.Globalization.CultureInfo culture) [0x00032] in <695d1cc93cca45069c528c15c9fdd749>:0 
   --- End of inner exception stack trace ---
  at System.Reflection.MonoMethod.Invoke (System.Object obj, System.Reflection.BindingFlags invokeAttr, System.Reflection.Binder binder, System.Object[] parameters, System.Globalization.CultureInfo culture) [0x00048] in <695d1cc93cca45069c528c15c9fdd749>:0 
  at System.Reflection.MethodBase.Invoke (System.Object obj, System.Object[] parameters) [0x00000] in <695d1cc93cca45069c528c15c9fdd749>:0 
  at UnityEditor.EditorAssemblies.ProcessInitializeOnLoadMethodAttributes () [0x00047] in <ef3b6bf002d8435a97b4e938f6c49b02>:0 
UnityEngine.StackTraceUtility:ExtractStackTrace ()
UnityEngine.DebugLogHandler:LogFormat (UnityEngine.LogType,UnityEngine.Object,string,object[])
UnityEngine.Logger:Log (UnityEngine.LogType,object)
UnityEngine.Debug:LogError (object)
UnityEditor.EditorAssemblies:ProcessInitializeOnLoadMethodAttributes ()

Mono: successfully reloaded assembly
- Completed reload, in  1.996 seconds
Domain Reload Profiling:
	ReloadAssembly (1996ms)
		BeginReloadAssembly (164ms)
			ExecutionOrderSort (0ms)
			DisableScriptedObjects (7ms)
			BackupInstance (0ms)
			ReleaseScriptingObjects (0ms)
			CreateAndSetChildDomain (53ms)
		EndReloadAssembly (1732ms)
			LoadAssemblies (235ms)
			RebuildTransferFunctionScriptingTraits (0ms)
			SetupTypeCache (443ms)
			ReleaseScriptCaches (1ms)
			RebuildScriptCaches (64ms)
			SetupLoadedEditorAssemblies (801ms)
				LogAssemblyErrors (0ms)
				InitializePlatformSupportModulesInManaged (7ms)
				SetLoadedEditorAssemblies (1ms)
				RefreshPlugins (1ms)
				BeforeProcessingInitializeOnLoad (126ms)
				ProcessInitializeOnLoadAttributes (624ms)
				ProcessInitializeOnLoadMethodAttributes (27ms)
				AfterProcessingInitializeOnLoad (15ms)
				EditorAssembliesLoaded (0ms)
			ExecutionOrderSort2 (0ms)
			AwakeInstancesAfterBackupRestoration (13ms)
Platform modules already initialized, skipping
Refreshing native plugins compatible for Editor in 1.14 ms, found 16 plugins.
Preloading 2 native plugins for Editor in 0.20 ms.
Unloading 2357 Unused Serialized files (Serialized files now loaded: 0)
System memory in use before: 126.5 MB.
System memory in use after: 126.7 MB.

Unloading 32 unused Assets to reduce memory usage. Loaded Objects now: 3023.
Total: 8.627700 ms (FindLiveObjects: 0.421100 ms CreateObjectMapping: 0.163400 ms MarkObjects: 8.007100 ms  DeleteObjects: 0.034300 ms)

AssetImportParameters requested are different than current active one (requested -> active):
  custom:framework-win-MediaFoundation: 216162199b28c13a410421893ffa2e32 -> 
  custom:video-decoder-ogg-theora: a1e56fd34408186e4bbccfd4996cb3dc -> 
  custom:container-muxer-webm: aa71ff27fc2769a1b78a27578f13a17b -> 
  custom:container-demuxer-webm: 4f35f7cbe854078d1ac9338744f61a02 -> 
  custom:container-demuxer-ogg: 62fdf1f143b41e24485cea50d1cbac27 -> 
  custom:video-encoder-webm-vp8: eb34c28f22e8b96e1ab97ce403110664 -> 
  custom:video-codec-MediaFoundation-h265: 746d11721c4dcdbdad8f713fa42b33f4 -> 
  custom:video-decoder-webm-vp8: 9c59270c3fd7afecdb556c50c9e8de78 -> 
  custom:audio-decoder-ogg-vorbis: bf7c407c2cedff20999df2af8eb42d56 -> 
  custom:audio-encoder-webm-vorbis: bf7c407c2cedff20999df2af8eb42d56 -> 
========================================================================
Received Import Request.
  Time since last request: 336.687766 seconds.
  path: Assets/Scenes/MainGameScene.unity
  artifactKey: Guid(9fc0d4010bbf28b4594072e72b8655ab) Importer(815301076,1909f56bfc062723c751e8b465ee728b)
Start importing Assets/Scenes/MainGameScene.unity using Guid(9fc0d4010bbf28b4594072e72b8655ab) Importer(815301076,1909f56bfc062723c751e8b465ee728b)  -> (artifact id: '7954bfb125476acbd5e7ebefe00af38b') in 0.048829 seconds 
  Import took 0.070516 seconds .

========================================================================
Received Prepare
Registering precompiled user dll's ...
Registered in 0.712794 seconds.
Begin MonoManager ReloadAssembly
Native extension for WindowsStandalone target not found
Refreshing native plugins compatible for Editor in 1.73 ms, found 16 plugins.
Preloading 2 native plugins for Editor in 0.22 ms.
System.Reflection.TargetInvocationException: Exception has been thrown by the target of an invocation. ---> System.NullReferenceException: Object reference not set to an instance of an object
  at Unity.XR.Oculus.OculusLoader.AssetPathToAbsolutePath (System.String assetPath) [0x00048] in C:\Users\erlen\Documents\Github\Crystallographic-Reality\Crystallographic Reality\Library\PackageCache\com.unity.xr.oculus@1.9.1\Runtime\OculusLoader.cs:249 
  at Unity.XR.Oculus.OculusLoader.EditorLoadOVRPlugin () [0x0007b] in C:\Users\erlen\Documents\Github\Crystallographic-Reality\Crystallographic Reality\Library\PackageCache\com.unity.xr.oculus@1.9.1\Runtime\OculusLoader.cs:234 
  at (wrapper managed-to-native) System.Reflection.MonoMethod.InternalInvoke(System.Reflection.MonoMethod,object,object[],System.Exception&)
  at System.Reflection.MonoMethod.Invoke (System.Object obj, System.Reflection.BindingFlags invokeAttr, System.Reflection.Binder binder, System.Object[] parameters, System.Globalization.CultureInfo culture) [0x00032] in <695d1cc93cca45069c528c15c9fdd749>:0 
   --- End of inner exception stack trace ---
  at System.Reflection.MonoMethod.Invoke (System.Object obj, System.Reflection.BindingFlags invokeAttr, System.Reflection.Binder binder, System.Object[] parameters, System.Globalization.CultureInfo culture) [0x00048] in <695d1cc93cca45069c528c15c9fdd749>:0 
  at System.Reflection.MethodBase.Invoke (System.Object obj, System.Object[] parameters) [0x00000] in <695d1cc93cca45069c528c15c9fdd749>:0 
  at UnityEditor.EditorAssemblies.ProcessInitializeOnLoadMethodAttributes () [0x00047] in <ef3b6bf002d8435a97b4e938f6c49b02>:0 
UnityEngine.StackTraceUtility:ExtractStackTrace ()
UnityEngine.DebugLogHandler:LogFormat (UnityEngine.LogType,UnityEngine.Object,string,object[])
UnityEngine.Logger:Log (UnityEngine.LogType,object)
UnityEngine.Debug:LogError (object)
UnityEditor.EditorAssemblies:ProcessInitializeOnLoadMethodAttributes ()

Mono: successfully reloaded assembly
- Completed reload, in  6.007 seconds
Domain Reload Profiling:
	ReloadAssembly (6019ms)
		BeginReloadAssembly (752ms)
			ExecutionOrderSort (0ms)
			DisableScriptedObjects (9ms)
			BackupInstance (0ms)
			ReleaseScriptingObjects (0ms)
			CreateAndSetChildDomain (278ms)
		EndReloadAssembly (5111ms)
			LoadAssemblies (472ms)
			RebuildTransferFunctionScriptingTraits (0ms)
			SetupTypeCache (3613ms)
			ReleaseScriptCaches (2ms)
			RebuildScriptCaches (290ms)
			SetupLoadedEditorAssemblies (774ms)
				LogAssemblyErrors (0ms)
				InitializePlatformSupportModulesInManaged (6ms)
				SetLoadedEditorAssemblies (1ms)
				RefreshPlugins (2ms)
				BeforeProcessingInitializeOnLoad (135ms)
				ProcessInitializeOnLoadAttributes (599ms)
				ProcessInitializeOnLoadMethodAttributes (21ms)
				AfterProcessingInitializeOnLoad (11ms)
				EditorAssembliesLoaded (1ms)
			ExecutionOrderSort2 (0ms)
			AwakeInstancesAfterBackupRestoration (10ms)
Platform modules already initialized, skipping
Refreshing native plugins compatible for Editor in 0.99 ms, found 16 plugins.
Preloading 2 native plugins for Editor in 0.18 ms.
Unloading 2357 Unused Serialized files (Serialized files now loaded: 0)
System memory in use before: 126.4 MB.
System memory in use after: 126.7 MB.

Unloading 32 unused Assets to reduce memory usage. Loaded Objects now: 3026.
Total: 5.100700 ms (FindLiveObjects: 0.320200 ms CreateObjectMapping: 0.122600 ms MarkObjects: 4.587500 ms  DeleteObjects: 0.069000 ms)

AssetImportParameters requested are different than current active one (requested -> active):
  custom:framework-win-MediaFoundation: 216162199b28c13a410421893ffa2e32 -> 
  custom:video-decoder-ogg-theora: a1e56fd34408186e4bbccfd4996cb3dc -> 
  custom:container-muxer-webm: aa71ff27fc2769a1b78a27578f13a17b -> 
  custom:container-demuxer-webm: 4f35f7cbe854078d1ac9338744f61a02 -> 
  custom:container-demuxer-ogg: 62fdf1f143b41e24485cea50d1cbac27 -> 
  custom:video-encoder-webm-vp8: eb34c28f22e8b96e1ab97ce403110664 -> 
  custom:video-codec-MediaFoundation-h265: 746d11721c4dcdbdad8f713fa42b33f4 -> 
  custom:video-decoder-webm-vp8: 9c59270c3fd7afecdb556c50c9e8de78 -> 
  custom:audio-decoder-ogg-vorbis: bf7c407c2cedff20999df2af8eb42d56 -> 
  custom:audio-encoder-webm-vorbis: bf7c407c2cedff20999df2af8eb42d56 -> 
========================================================================
Received Prepare
Registering precompiled user dll's ...
Registered in 0.138586 seconds.
Begin MonoManager ReloadAssembly
Native extension for WindowsStandalone target not found
Refreshing native plugins compatible for Editor in 1.35 ms, found 16 plugins.
Preloading 2 native plugins for Editor in 0.81 ms.
System.Reflection.TargetInvocationException: Exception has been thrown by the target of an invocation. ---> System.NullReferenceException: Object reference not set to an instance of an object
  at Unity.XR.Oculus.OculusLoader.AssetPathToAbsolutePath (System.String assetPath) [0x00048] in C:\Users\erlen\Documents\Github\Crystallographic-Reality\Crystallographic Reality\Library\PackageCache\com.unity.xr.oculus@1.9.1\Runtime\OculusLoader.cs:249 
  at Unity.XR.Oculus.OculusLoader.EditorLoadOVRPlugin () [0x0007b] in C:\Users\erlen\Documents\Github\Crystallographic-Reality\Crystallographic Reality\Library\PackageCache\com.unity.xr.oculus@1.9.1\Runtime\OculusLoader.cs:234 
  at (wrapper managed-to-native) System.Reflection.MonoMethod.InternalInvoke(System.Reflection.MonoMethod,object,object[],System.Exception&)
  at System.Reflection.MonoMethod.Invoke (System.Object obj, System.Reflection.BindingFlags invokeAttr, System.Reflection.Binder binder, System.Object[] parameters, System.Globalization.CultureInfo culture) [0x00032] in <695d1cc93cca45069c528c15c9fdd749>:0 
   --- End of inner exception stack trace ---
  at System.Reflection.MonoMethod.Invoke (System.Object obj, System.Reflection.BindingFlags invokeAttr, System.Reflection.Binder binder, System.Object[] parameters, System.Globalization.CultureInfo culture) [0x00048] in <695d1cc93cca45069c528c15c9fdd749>:0 
  at System.Reflection.MethodBase.Invoke (System.Object obj, System.Object[] parameters) [0x00000] in <695d1cc93cca45069c528c15c9fdd749>:0 
  at UnityEditor.EditorAssemblies.ProcessInitializeOnLoadMethodAttributes () [0x00047] in <ef3b6bf002d8435a97b4e938f6c49b02>:0 
UnityEngine.StackTraceUtility:ExtractStackTrace ()
UnityEngine.DebugLogHandler:LogFormat (UnityEngine.LogType,UnityEngine.Object,string,object[])
UnityEngine.Logger:Log (UnityEngine.LogType,object)
UnityEngine.Debug:LogError (object)
UnityEditor.EditorAssemblies:ProcessInitializeOnLoadMethodAttributes ()

Mono: successfully reloaded assembly
- Completed reload, in  4.274 seconds
Domain Reload Profiling:
	ReloadAssembly (4274ms)
		BeginReloadAssembly (250ms)
			ExecutionOrderSort (0ms)
			DisableScriptedObjects (9ms)
			BackupInstance (0ms)
			ReleaseScriptingObjects (1ms)
			CreateAndSetChildDomain (82ms)
		EndReloadAssembly (3180ms)
			LoadAssemblies (312ms)
			RebuildTransferFunctionScriptingTraits (0ms)
			SetupTypeCache (1359ms)
			ReleaseScriptCaches (12ms)
			RebuildScriptCaches (64ms)
			SetupLoadedEditorAssemblies (1194ms)
				LogAssemblyErrors (0ms)
				InitializePlatformSupportModulesInManaged (7ms)
				SetLoadedEditorAssemblies (1ms)
				RefreshPlugins (6ms)
				BeforeProcessingInitializeOnLoad (161ms)
				ProcessInitializeOnLoadAttributes (993ms)
				ProcessInitializeOnLoadMethodAttributes (17ms)
				AfterProcessingInitializeOnLoad (9ms)
				EditorAssembliesLoaded (0ms)
			ExecutionOrderSort2 (0ms)
			AwakeInstancesAfterBackupRestoration (10ms)
Platform modules already initialized, skipping
Refreshing native plugins compatible for Editor in 1.12 ms, found 16 plugins.
Preloading 2 native plugins for Editor in 0.19 ms.
Unloading 2357 Unused Serialized files (Serialized files now loaded: 0)
System memory in use before: 126.5 MB.
System memory in use after: 126.8 MB.

Unloading 32 unused Assets to reduce memory usage. Loaded Objects now: 3029.
Total: 4.570000 ms (FindLiveObjects: 0.275300 ms CreateObjectMapping: 0.117900 ms MarkObjects: 4.144900 ms  DeleteObjects: 0.030300 ms)

AssetImportParameters requested are different than current active one (requested -> active):
  custom:framework-win-MediaFoundation: 216162199b28c13a410421893ffa2e32 -> 
  custom:video-decoder-ogg-theora: a1e56fd34408186e4bbccfd4996cb3dc -> 
  custom:container-muxer-webm: aa71ff27fc2769a1b78a27578f13a17b -> 
  custom:container-demuxer-webm: 4f35f7cbe854078d1ac9338744f61a02 -> 
  custom:container-demuxer-ogg: 62fdf1f143b41e24485cea50d1cbac27 -> 
  custom:video-encoder-webm-vp8: eb34c28f22e8b96e1ab97ce403110664 -> 
  custom:video-codec-MediaFoundation-h265: 746d11721c4dcdbdad8f713fa42b33f4 -> 
  custom:video-decoder-webm-vp8: 9c59270c3fd7afecdb556c50c9e8de78 -> 
  custom:audio-decoder-ogg-vorbis: bf7c407c2cedff20999df2af8eb42d56 -> 
  custom:audio-encoder-webm-vorbis: bf7c407c2cedff20999df2af8eb42d56 -> 
========================================================================
Received Prepare
Registering precompiled user dll's ...
Registered in 0.031354 seconds.
Begin MonoManager ReloadAssembly
Native extension for WindowsStandalone target not found
Refreshing native plugins compatible for Editor in 1.02 ms, found 16 plugins.
Preloading 2 native plugins for Editor in 0.18 ms.
System.Reflection.TargetInvocationException: Exception has been thrown by the target of an invocation. ---> System.NullReferenceException: Object reference not set to an instance of an object
  at Unity.XR.Oculus.OculusLoader.AssetPathToAbsolutePath (System.String assetPath) [0x00048] in C:\Users\erlen\Documents\Github\Crystallographic-Reality\Crystallographic Reality\Library\PackageCache\com.unity.xr.oculus@1.9.1\Runtime\OculusLoader.cs:249 
  at Unity.XR.Oculus.OculusLoader.EditorLoadOVRPlugin () [0x0007b] in C:\Users\erlen\Documents\Github\Crystallographic-Reality\Crystallographic Reality\Library\PackageCache\com.unity.xr.oculus@1.9.1\Runtime\OculusLoader.cs:234 
  at (wrapper managed-to-native) System.Reflection.MonoMethod.InternalInvoke(System.Reflection.MonoMethod,object,object[],System.Exception&)
  at System.Reflection.MonoMethod.Invoke (System.Object obj, System.Reflection.BindingFlags invokeAttr, System.Reflection.Binder binder, System.Object[] parameters, System.Globalization.CultureInfo culture) [0x00032] in <695d1cc93cca45069c528c15c9fdd749>:0 
   --- End of inner exception stack trace ---
  at System.Reflection.MonoMethod.Invoke (System.Object obj, System.Reflection.BindingFlags invokeAttr, System.Reflection.Binder binder, System.Object[] parameters, System.Globalization.CultureInfo culture) [0x00048] in <695d1cc93cca45069c528c15c9fdd749>:0 
  at System.Reflection.MethodBase.Invoke (System.Object obj, System.Object[] parameters) [0x00000] in <695d1cc93cca45069c528c15c9fdd749>:0 
  at UnityEditor.EditorAssemblies.ProcessInitializeOnLoadMethodAttributes () [0x00047] in <ef3b6bf002d8435a97b4e938f6c49b02>:0 
UnityEngine.StackTraceUtility:ExtractStackTrace ()
UnityEngine.DebugLogHandler:LogFormat (UnityEngine.LogType,UnityEngine.Object,string,object[])
UnityEngine.Logger:Log (UnityEngine.LogType,object)
UnityEngine.Debug:LogError (object)
UnityEditor.EditorAssemblies:ProcessInitializeOnLoadMethodAttributes ()

Mono: successfully reloaded assembly
- Completed reload, in  2.498 seconds
Domain Reload Profiling:
	ReloadAssembly (2498ms)
		BeginReloadAssembly (233ms)
			ExecutionOrderSort (0ms)
			DisableScriptedObjects (7ms)
			BackupInstance (0ms)
			ReleaseScriptingObjects (0ms)
			CreateAndSetChildDomain (90ms)
		EndReloadAssembly (2156ms)
			LoadAssemblies (160ms)
			RebuildTransferFunctionScriptingTraits (1ms)
			SetupTypeCache (644ms)
			ReleaseScriptCaches (2ms)
			RebuildScriptCaches (107ms)
			SetupLoadedEditorAssemblies (980ms)
				LogAssemblyErrors (0ms)
				InitializePlatformSupportModulesInManaged (7ms)
				SetLoadedEditorAssemblies (1ms)
				RefreshPlugins (1ms)
				BeforeProcessingInitializeOnLoad (199ms)
				ProcessInitializeOnLoadAttributes (736ms)
				ProcessInitializeOnLoadMethodAttributes (25ms)
				AfterProcessingInitializeOnLoad (11ms)
				EditorAssembliesLoaded (0ms)
			ExecutionOrderSort2 (0ms)
			AwakeInstancesAfterBackupRestoration (18ms)
Platform modules already initialized, skipping
Refreshing native plugins compatible for Editor in 1.89 ms, found 16 plugins.
Preloading 2 native plugins for Editor in 0.36 ms.
Unloading 2357 Unused Serialized files (Serialized files now loaded: 0)
System memory in use before: 126.5 MB.
System memory in use after: 126.8 MB.

Unloading 32 unused Assets to reduce memory usage. Loaded Objects now: 3032.
Total: 6.069100 ms (FindLiveObjects: 0.979300 ms CreateObjectMapping: 0.207200 ms MarkObjects: 4.843300 ms  DeleteObjects: 0.037500 ms)

AssetImportParameters requested are different than current active one (requested -> active):
  custom:framework-win-MediaFoundation: 216162199b28c13a410421893ffa2e32 -> 
  custom:video-decoder-ogg-theora: a1e56fd34408186e4bbccfd4996cb3dc -> 
  custom:container-muxer-webm: aa71ff27fc2769a1b78a27578f13a17b -> 
  custom:container-demuxer-webm: 4f35f7cbe854078d1ac9338744f61a02 -> 
  custom:container-demuxer-ogg: 62fdf1f143b41e24485cea50d1cbac27 -> 
  custom:video-encoder-webm-vp8: eb34c28f22e8b96e1ab97ce403110664 -> 
  custom:video-codec-MediaFoundation-h265: 746d11721c4dcdbdad8f713fa42b33f4 -> 
  custom:video-decoder-webm-vp8: 9c59270c3fd7afecdb556c50c9e8de78 -> 
  custom:audio-decoder-ogg-vorbis: bf7c407c2cedff20999df2af8eb42d56 -> 
  custom:audio-encoder-webm-vorbis: bf7c407c2cedff20999df2af8eb42d56 -> 
========================================================================
Received Prepare
Registering precompiled user dll's ...
Registered in 0.018416 seconds.
Begin MonoManager ReloadAssembly
Native extension for WindowsStandalone target not found
Refreshing native plugins compatible for Editor in 1.07 ms, found 16 plugins.
Preloading 2 native plugins for Editor in 0.18 ms.
System.Reflection.TargetInvocationException: Exception has been thrown by the target of an invocation. ---> System.NullReferenceException: Object reference not set to an instance of an object
  at Unity.XR.Oculus.OculusLoader.AssetPathToAbsolutePath (System.String assetPath) [0x00048] in C:\Users\erlen\Documents\Github\Crystallographic-Reality\Crystallographic Reality\Library\PackageCache\com.unity.xr.oculus@1.9.1\Runtime\OculusLoader.cs:249 
  at Unity.XR.Oculus.OculusLoader.EditorLoadOVRPlugin () [0x0007b] in C:\Users\erlen\Documents\Github\Crystallographic-Reality\Crystallographic Reality\Library\PackageCache\com.unity.xr.oculus@1.9.1\Runtime\OculusLoader.cs:234 
  at (wrapper managed-to-native) System.Reflection.MonoMethod.InternalInvoke(System.Reflection.MonoMethod,object,object[],System.Exception&)
  at System.Reflection.MonoMethod.Invoke (System.Object obj, System.Reflection.BindingFlags invokeAttr, System.Reflection.Binder binder, System.Object[] parameters, System.Globalization.CultureInfo culture) [0x00032] in <695d1cc93cca45069c528c15c9fdd749>:0 
   --- End of inner exception stack trace ---
  at System.Reflection.MonoMethod.Invoke (System.Object obj, System.Reflection.BindingFlags invokeAttr, System.Reflection.Binder binder, System.Object[] parameters, System.Globalization.CultureInfo culture) [0x00048] in <695d1cc93cca45069c528c15c9fdd749>:0 
  at System.Reflection.MethodBase.Invoke (System.Object obj, System.Object[] parameters) [0x00000] in <695d1cc93cca45069c528c15c9fdd749>:0 
  at UnityEditor.EditorAssemblies.ProcessInitializeOnLoadMethodAttributes () [0x00047] in <ef3b6bf002d8435a97b4e938f6c49b02>:0 
UnityEngine.StackTraceUtility:ExtractStackTrace ()
UnityEngine.DebugLogHandler:LogFormat (UnityEngine.LogType,UnityEngine.Object,string,object[])
UnityEngine.Logger:Log (UnityEngine.LogType,object)
UnityEngine.Debug:LogError (object)
UnityEditor.EditorAssemblies:ProcessInitializeOnLoadMethodAttributes ()

Mono: successfully reloaded assembly
- Completed reload, in  2.083 seconds
Domain Reload Profiling:
	ReloadAssembly (2083ms)
		BeginReloadAssembly (189ms)
			ExecutionOrderSort (0ms)
			DisableScriptedObjects (6ms)
			BackupInstance (0ms)
			ReleaseScriptingObjects (0ms)
			CreateAndSetChildDomain (49ms)
		EndReloadAssembly (1768ms)
			LoadAssemblies (142ms)
			RebuildTransferFunctionScriptingTraits (0ms)
			SetupTypeCache (569ms)
			ReleaseScriptCaches (1ms)
			RebuildScriptCaches (53ms)
			SetupLoadedEditorAssemblies (817ms)
				LogAssemblyErrors (0ms)
				InitializePlatformSupportModulesInManaged (6ms)
				SetLoadedEditorAssemblies (1ms)
				RefreshPlugins (1ms)
				BeforeProcessingInitializeOnLoad (128ms)
				ProcessInitializeOnLoadAttributes (652ms)
				ProcessInitializeOnLoadMethodAttributes (18ms)
				AfterProcessingInitializeOnLoad (10ms)
				EditorAssembliesLoaded (1ms)
			ExecutionOrderSort2 (0ms)
			AwakeInstancesAfterBackupRestoration (16ms)
Platform modules already initialized, skipping
Refreshing native plugins compatible for Editor in 2.84 ms, found 16 plugins.
Preloading 2 native plugins for Editor in 0.20 ms.
Unloading 2357 Unused Serialized files (Serialized files now loaded: 0)
System memory in use before: 126.6 MB.
System memory in use after: 126.8 MB.

Unloading 32 unused Assets to reduce memory usage. Loaded Objects now: 3035.
Total: 7.745600 ms (FindLiveObjects: 0.334300 ms CreateObjectMapping: 0.153100 ms MarkObjects: 7.206300 ms  DeleteObjects: 0.028700 ms)

AssetImportParameters requested are different than current active one (requested -> active):
  custom:framework-win-MediaFoundation: 216162199b28c13a410421893ffa2e32 -> 
  custom:video-decoder-ogg-theora: a1e56fd34408186e4bbccfd4996cb3dc -> 
  custom:container-muxer-webm: aa71ff27fc2769a1b78a27578f13a17b -> 
  custom:container-demuxer-webm: 4f35f7cbe854078d1ac9338744f61a02 -> 
  custom:container-demuxer-ogg: 62fdf1f143b41e24485cea50d1cbac27 -> 
  custom:video-encoder-webm-vp8: eb34c28f22e8b96e1ab97ce403110664 -> 
  custom:video-codec-MediaFoundation-h265: 746d11721c4dcdbdad8f713fa42b33f4 -> 
  custom:video-decoder-webm-vp8: 9c59270c3fd7afecdb556c50c9e8de78 -> 
  custom:audio-decoder-ogg-vorbis: bf7c407c2cedff20999df2af8eb42d56 -> 
  custom:audio-encoder-webm-vorbis: bf7c407c2cedff20999df2af8eb42d56 -> 
========================================================================
Received Import Request.
  Time since last request: 432.440311 seconds.
  path: Assets/Scenes/MainGameScene.unity
  artifactKey: Guid(9fc0d4010bbf28b4594072e72b8655ab) Importer(815301076,1909f56bfc062723c751e8b465ee728b)
Start importing Assets/Scenes/MainGameScene.unity using Guid(9fc0d4010bbf28b4594072e72b8655ab) Importer(815301076,1909f56bfc062723c751e8b465ee728b)  -> (artifact id: 'b0697f24fc4765f607be943d8c46eb79') in 0.032085 seconds 
  Import took 0.048622 seconds .

========================================================================
Received Import Request.
  Time since last request: 0.000445 seconds.
  path: Assets/Scenes/MainGameScene.unity
  artifactKey: Guid(9fc0d4010bbf28b4594072e72b8655ab) Importer(815301076,1909f56bfc062723c751e8b465ee728b)
Start importing Assets/Scenes/MainGameScene.unity using Guid(9fc0d4010bbf28b4594072e72b8655ab) Importer(815301076,1909f56bfc062723c751e8b465ee728b)  -> (artifact id: 'b0697f24fc4765f607be943d8c46eb79') in 0.011522 seconds 
  Import took 0.017698 seconds .

========================================================================
Received Import Request.
  Time since last request: 217.723380 seconds.
  path: Assets/Samples/XR Interaction Toolkit/1.0.0-pre.4/Default Input Actions/XRI Default Input Actions.inputactions
  artifactKey: Guid(c348712bda248c246b8c49b3db54643f) Importer(815301076,1909f56bfc062723c751e8b465ee728b)
Start importing Assets/Samples/XR Interaction Toolkit/1.0.0-pre.4/Default Input Actions/XRI Default Input Actions.inputactions using Guid(c348712bda248c246b8c49b3db54643f) Importer(815301076,1909f56bfc062723c751e8b465ee728b)  -> (artifact id: '3ac7d38df6b3d5341c36c8290518573f') in 0.053558 seconds 
  Import took 0.061867 seconds .

========================================================================
Received Prepare
Registering precompiled user dll's ...
Registered in 0.086581 seconds.
Begin MonoManager ReloadAssembly
Native extension for WindowsStandalone target not found
Refreshing native plugins compatible for Editor in 1.03 ms, found 16 plugins.
Preloading 2 native plugins for Editor in 0.21 ms.
System.Reflection.TargetInvocationException: Exception has been thrown by the target of an invocation. ---> System.NullReferenceException: Object reference not set to an instance of an object
  at Unity.XR.Oculus.OculusLoader.AssetPathToAbsolutePath (System.String assetPath) [0x00048] in C:\Users\erlen\Documents\Github\Crystallographic-Reality\Crystallographic Reality\Library\PackageCache\com.unity.xr.oculus@1.9.1\Runtime\OculusLoader.cs:249 
  at Unity.XR.Oculus.OculusLoader.EditorLoadOVRPlugin () [0x0007b] in C:\Users\erlen\Documents\Github\Crystallographic-Reality\Crystallographic Reality\Library\PackageCache\com.unity.xr.oculus@1.9.1\Runtime\OculusLoader.cs:234 
  at (wrapper managed-to-native) System.Reflection.MonoMethod.InternalInvoke(System.Reflection.MonoMethod,object,object[],System.Exception&)
  at System.Reflection.MonoMethod.Invoke (System.Object obj, System.Reflection.BindingFlags invokeAttr, System.Reflection.Binder binder, System.Object[] parameters, System.Globalization.CultureInfo culture) [0x00032] in <695d1cc93cca45069c528c15c9fdd749>:0 
   --- End of inner exception stack trace ---
  at System.Reflection.MonoMethod.Invoke (System.Object obj, System.Reflection.BindingFlags invokeAttr, System.Reflection.Binder binder, System.Object[] parameters, System.Globalization.CultureInfo culture) [0x00048] in <695d1cc93cca45069c528c15c9fdd749>:0 
  at System.Reflection.MethodBase.Invoke (System.Object obj, System.Object[] parameters) [0x00000] in <695d1cc93cca45069c528c15c9fdd749>:0 
  at UnityEditor.EditorAssemblies.ProcessInitializeOnLoadMethodAttributes () [0x00047] in <ef3b6bf002d8435a97b4e938f6c49b02>:0 
UnityEngine.StackTraceUtility:ExtractStackTrace ()
UnityEngine.DebugLogHandler:LogFormat (UnityEngine.LogType,UnityEngine.Object,string,object[])
UnityEngine.Logger:Log (UnityEngine.LogType,object)
UnityEngine.Debug:LogError (object)
UnityEditor.EditorAssemblies:ProcessInitializeOnLoadMethodAttributes ()

Mono: successfully reloaded assembly
- Completed reload, in  1.575 seconds
Domain Reload Profiling:
	ReloadAssembly (1576ms)
		BeginReloadAssembly (137ms)
			ExecutionOrderSort (0ms)
			DisableScriptedObjects (6ms)
			BackupInstance (0ms)
			ReleaseScriptingObjects (0ms)
			CreateAndSetChildDomain (46ms)
		EndReloadAssembly (1359ms)
			LoadAssemblies (114ms)
			RebuildTransferFunctionScriptingTraits (0ms)
			SetupTypeCache (336ms)
			ReleaseScriptCaches (1ms)
			RebuildScriptCaches (47ms)
			SetupLoadedEditorAssemblies (689ms)
				LogAssemblyErrors (0ms)
				InitializePlatformSupportModulesInManaged (6ms)
				SetLoadedEditorAssemblies (1ms)
				RefreshPlugins (1ms)
				BeforeProcessingInitializeOnLoad (119ms)
				ProcessInitializeOnLoadAttributes (523ms)
				ProcessInitializeOnLoadMethodAttributes (21ms)
				AfterProcessingInitializeOnLoad (18ms)
				EditorAssembliesLoaded (0ms)
			ExecutionOrderSort2 (0ms)
			AwakeInstancesAfterBackupRestoration (10ms)
Platform modules already initialized, skipping
Refreshing native plugins compatible for Editor in 0.95 ms, found 16 plugins.
Preloading 2 native plugins for Editor in 0.16 ms.
Unloading 2357 Unused Serialized files (Serialized files now loaded: 0)
System memory in use before: 127.1 MB.
System memory in use after: 127.3 MB.

Unloading 32 unused Assets to reduce memory usage. Loaded Objects now: 3038.
Total: 4.273300 ms (FindLiveObjects: 0.267200 ms CreateObjectMapping: 0.113000 ms MarkObjects: 3.816300 ms  DeleteObjects: 0.061100 ms)

AssetImportParameters requested are different than current active one (requested -> active):
  custom:framework-win-MediaFoundation: 216162199b28c13a410421893ffa2e32 -> 
  custom:video-decoder-ogg-theora: a1e56fd34408186e4bbccfd4996cb3dc -> 
  custom:container-muxer-webm: aa71ff27fc2769a1b78a27578f13a17b -> 
  custom:container-demuxer-webm: 4f35f7cbe854078d1ac9338744f61a02 -> 
  custom:container-demuxer-ogg: 62fdf1f143b41e24485cea50d1cbac27 -> 
  custom:video-encoder-webm-vp8: eb34c28f22e8b96e1ab97ce403110664 -> 
  custom:video-codec-MediaFoundation-h265: 746d11721c4dcdbdad8f713fa42b33f4 -> 
  custom:video-decoder-webm-vp8: 9c59270c3fd7afecdb556c50c9e8de78 -> 
  custom:audio-decoder-ogg-vorbis: bf7c407c2cedff20999df2af8eb42d56 -> 
  custom:audio-encoder-webm-vorbis: bf7c407c2cedff20999df2af8eb42d56 -> 
========================================================================
Received Prepare
Registering precompiled user dll's ...
Registered in 0.015416 seconds.
Begin MonoManager ReloadAssembly
Native extension for WindowsStandalone target not found
Refreshing native plugins compatible for Editor in 0.96 ms, found 16 plugins.
Preloading 2 native plugins for Editor in 0.17 ms.
System.Reflection.TargetInvocationException: Exception has been thrown by the target of an invocation. ---> System.NullReferenceException: Object reference not set to an instance of an object
  at Unity.XR.Oculus.OculusLoader.AssetPathToAbsolutePath (System.String assetPath) [0x00048] in C:\Users\erlen\Documents\Github\Crystallographic-Reality\Crystallographic Reality\Library\PackageCache\com.unity.xr.oculus@1.9.1\Runtime\OculusLoader.cs:249 
  at Unity.XR.Oculus.OculusLoader.EditorLoadOVRPlugin () [0x0007b] in C:\Users\erlen\Documents\Github\Crystallographic-Reality\Crystallographic Reality\Library\PackageCache\com.unity.xr.oculus@1.9.1\Runtime\OculusLoader.cs:234 
  at (wrapper managed-to-native) System.Reflection.MonoMethod.InternalInvoke(System.Reflection.MonoMethod,object,object[],System.Exception&)
  at System.Reflection.MonoMethod.Invoke (System.Object obj, System.Reflection.BindingFlags invokeAttr, System.Reflection.Binder binder, System.Object[] parameters, System.Globalization.CultureInfo culture) [0x00032] in <695d1cc93cca45069c528c15c9fdd749>:0 
   --- End of inner exception stack trace ---
  at System.Reflection.MonoMethod.Invoke (System.Object obj, System.Reflection.BindingFlags invokeAttr, System.Reflection.Binder binder, System.Object[] parameters, System.Globalization.CultureInfo culture) [0x00048] in <695d1cc93cca45069c528c15c9fdd749>:0 
  at System.Reflection.MethodBase.Invoke (System.Object obj, System.Object[] parameters) [0x00000] in <695d1cc93cca45069c528c15c9fdd749>:0 
  at UnityEditor.EditorAssemblies.ProcessInitializeOnLoadMethodAttributes () [0x00047] in <ef3b6bf002d8435a97b4e938f6c49b02>:0 
UnityEngine.StackTraceUtility:ExtractStackTrace ()
UnityEngine.DebugLogHandler:LogFormat (UnityEngine.LogType,UnityEngine.Object,string,object[])
UnityEngine.Logger:Log (UnityEngine.LogType,object)
UnityEngine.Debug:LogError (object)
UnityEditor.EditorAssemblies:ProcessInitializeOnLoadMethodAttributes ()

Mono: successfully reloaded assembly
- Completed reload, in  1.484 seconds
Domain Reload Profiling:
	ReloadAssembly (1484ms)
		BeginReloadAssembly (132ms)
			ExecutionOrderSort (0ms)
			DisableScriptedObjects (6ms)
			BackupInstance (0ms)
			ReleaseScriptingObjects (0ms)
			CreateAndSetChildDomain (41ms)
		EndReloadAssembly (1276ms)
			LoadAssemblies (116ms)
			RebuildTransferFunctionScriptingTraits (0ms)
			SetupTypeCache (371ms)
			ReleaseScriptCaches (1ms)
			RebuildScriptCaches (48ms)
			SetupLoadedEditorAssemblies (556ms)
				LogAssemblyErrors (0ms)
				InitializePlatformSupportModulesInManaged (5ms)
				SetLoadedEditorAssemblies (1ms)
				RefreshPlugins (1ms)
				BeforeProcessingInitializeOnLoad (99ms)
				ProcessInitializeOnLoadAttributes (423ms)
				ProcessInitializeOnLoadMethodAttributes (15ms)
				AfterProcessingInitializeOnLoad (12ms)
				EditorAssembliesLoaded (1ms)
			ExecutionOrderSort2 (0ms)
			AwakeInstancesAfterBackupRestoration (9ms)
Platform modules already initialized, skipping
Refreshing native plugins compatible for Editor in 1.09 ms, found 16 plugins.
Preloading 2 native plugins for Editor in 0.16 ms.
Unloading 2357 Unused Serialized files (Serialized files now loaded: 0)
System memory in use before: 127.0 MB.
System memory in use after: 127.2 MB.

Unloading 32 unused Assets to reduce memory usage. Loaded Objects now: 3041.
Total: 4.107900 ms (FindLiveObjects: 0.270100 ms CreateObjectMapping: 0.125300 ms MarkObjects: 3.661800 ms  DeleteObjects: 0.049800 ms)

AssetImportParameters requested are different than current active one (requested -> active):
  custom:framework-win-MediaFoundation: 216162199b28c13a410421893ffa2e32 -> 
  custom:video-decoder-ogg-theora: a1e56fd34408186e4bbccfd4996cb3dc -> 
  custom:container-muxer-webm: aa71ff27fc2769a1b78a27578f13a17b -> 
  custom:container-demuxer-webm: 4f35f7cbe854078d1ac9338744f61a02 -> 
  custom:container-demuxer-ogg: 62fdf1f143b41e24485cea50d1cbac27 -> 
  custom:video-encoder-webm-vp8: eb34c28f22e8b96e1ab97ce403110664 -> 
  custom:video-codec-MediaFoundation-h265: 746d11721c4dcdbdad8f713fa42b33f4 -> 
  custom:video-decoder-webm-vp8: 9c59270c3fd7afecdb556c50c9e8de78 -> 
  custom:audio-decoder-ogg-vorbis: bf7c407c2cedff20999df2af8eb42d56 -> 
  custom:audio-encoder-webm-vorbis: bf7c407c2cedff20999df2af8eb42d56 -> 
========================================================================
Received Prepare
Registering precompiled user dll's ...
Registered in 0.830477 seconds.
Begin MonoManager ReloadAssembly
Native extension for WindowsStandalone target not found
Refreshing native plugins compatible for Editor in 3.25 ms, found 16 plugins.
Preloading 2 native plugins for Editor in 0.44 ms.
System.Reflection.TargetInvocationException: Exception has been thrown by the target of an invocation. ---> System.NullReferenceException: Object reference not set to an instance of an object
  at Unity.XR.Oculus.OculusLoader.AssetPathToAbsolutePath (System.String assetPath) [0x00048] in C:\Users\erlen\Documents\Github\Crystallographic-Reality\Crystallographic Reality\Library\PackageCache\com.unity.xr.oculus@1.9.1\Runtime\OculusLoader.cs:249 
  at Unity.XR.Oculus.OculusLoader.EditorLoadOVRPlugin () [0x0007b] in C:\Users\erlen\Documents\Github\Crystallographic-Reality\Crystallographic Reality\Library\PackageCache\com.unity.xr.oculus@1.9.1\Runtime\OculusLoader.cs:234 
  at (wrapper managed-to-native) System.Reflection.MonoMethod.InternalInvoke(System.Reflection.MonoMethod,object,object[],System.Exception&)
  at System.Reflection.MonoMethod.Invoke (System.Object obj, System.Reflection.BindingFlags invokeAttr, System.Reflection.Binder binder, System.Object[] parameters, System.Globalization.CultureInfo culture) [0x00032] in <695d1cc93cca45069c528c15c9fdd749>:0 
   --- End of inner exception stack trace ---
  at System.Reflection.MonoMethod.Invoke (System.Object obj, System.Reflection.BindingFlags invokeAttr, System.Reflection.Binder binder, System.Object[] parameters, System.Globalization.CultureInfo culture) [0x00048] in <695d1cc93cca45069c528c15c9fdd749>:0 
  at System.Reflection.MethodBase.Invoke (System.Object obj, System.Object[] parameters) [0x00000] in <695d1cc93cca45069c528c15c9fdd749>:0 
  at UnityEditor.EditorAssemblies.ProcessInitializeOnLoadMethodAttributes () [0x00047] in <ef3b6bf002d8435a97b4e938f6c49b02>:0 
UnityEngine.StackTraceUtility:ExtractStackTrace ()
UnityEngine.DebugLogHandler:LogFormat (UnityEngine.LogType,UnityEngine.Object,string,object[])
UnityEngine.Logger:Log (UnityEngine.LogType,object)
UnityEngine.Debug:LogError (object)
UnityEditor.EditorAssemblies:ProcessInitializeOnLoadMethodAttributes ()

Mono: successfully reloaded assembly
- Completed reload, in  7.629 seconds
Domain Reload Profiling:
	ReloadAssembly (7658ms)
		BeginReloadAssembly (453ms)
			ExecutionOrderSort (0ms)
			DisableScriptedObjects (17ms)
			BackupInstance (0ms)
			ReleaseScriptingObjects (0ms)
			CreateAndSetChildDomain (173ms)
		EndReloadAssembly (7029ms)
			LoadAssemblies (400ms)
			RebuildTransferFunctionScriptingTraits (0ms)
			SetupTypeCache (1169ms)
			ReleaseScriptCaches (5ms)
			RebuildScriptCaches (352ms)
			SetupLoadedEditorAssemblies (3576ms)
				LogAssemblyErrors (0ms)
				InitializePlatformSupportModulesInManaged (109ms)
				SetLoadedEditorAssemblies (7ms)
				RefreshPlugins (4ms)
				BeforeProcessingInitializeOnLoad (723ms)
				ProcessInitializeOnLoadAttributes (2691ms)
				ProcessInitializeOnLoadMethodAttributes (33ms)
				AfterProcessingInitializeOnLoad (9ms)
				EditorAssembliesLoaded (0ms)
			ExecutionOrderSort2 (0ms)
			AwakeInstancesAfterBackupRestoration (12ms)
Platform modules already initialized, skipping
Refreshing native plugins compatible for Editor in 1.15 ms, found 16 plugins.
Preloading 2 native plugins for Editor in 0.19 ms.
Unloading 2357 Unused Serialized files (Serialized files now loaded: 0)
System memory in use before: 127.1 MB.
System memory in use after: 127.3 MB.

Unloading 32 unused Assets to reduce memory usage. Loaded Objects now: 3044.
Total: 5.042100 ms (FindLiveObjects: 0.955000 ms CreateObjectMapping: 0.197000 ms MarkObjects: 3.821300 ms  DeleteObjects: 0.066700 ms)

AssetImportParameters requested are different than current active one (requested -> active):
  custom:framework-win-MediaFoundation: 216162199b28c13a410421893ffa2e32 -> 
  custom:video-decoder-ogg-theora: a1e56fd34408186e4bbccfd4996cb3dc -> 
  custom:container-muxer-webm: aa71ff27fc2769a1b78a27578f13a17b -> 
  custom:container-demuxer-webm: 4f35f7cbe854078d1ac9338744f61a02 -> 
  custom:container-demuxer-ogg: 62fdf1f143b41e24485cea50d1cbac27 -> 
  custom:video-encoder-webm-vp8: eb34c28f22e8b96e1ab97ce403110664 -> 
  custom:video-codec-MediaFoundation-h265: 746d11721c4dcdbdad8f713fa42b33f4 -> 
  custom:video-decoder-webm-vp8: 9c59270c3fd7afecdb556c50c9e8de78 -> 
  custom:audio-decoder-ogg-vorbis: bf7c407c2cedff20999df2af8eb42d56 -> 
  custom:audio-encoder-webm-vorbis: bf7c407c2cedff20999df2af8eb42d56 -> 
========================================================================
Received Prepare
Registering precompiled user dll's ...
Registered in 0.129920 seconds.
Begin MonoManager ReloadAssembly
Native extension for WindowsStandalone target not found
Refreshing native plugins compatible for Editor in 1.50 ms, found 16 plugins.
Preloading 2 native plugins for Editor in 0.57 ms.
System.Reflection.TargetInvocationException: Exception has been thrown by the target of an invocation. ---> System.NullReferenceException: Object reference not set to an instance of an object
  at Unity.XR.Oculus.OculusLoader.AssetPathToAbsolutePath (System.String assetPath) [0x00048] in C:\Users\erlen\Documents\Github\Crystallographic-Reality\Crystallographic Reality\Library\PackageCache\com.unity.xr.oculus@1.9.1\Runtime\OculusLoader.cs:249 
  at Unity.XR.Oculus.OculusLoader.EditorLoadOVRPlugin () [0x0007b] in C:\Users\erlen\Documents\Github\Crystallographic-Reality\Crystallographic Reality\Library\PackageCache\com.unity.xr.oculus@1.9.1\Runtime\OculusLoader.cs:234 
  at (wrapper managed-to-native) System.Reflection.MonoMethod.InternalInvoke(System.Reflection.MonoMethod,object,object[],System.Exception&)
  at System.Reflection.MonoMethod.Invoke (System.Object obj, System.Reflection.BindingFlags invokeAttr, System.Reflection.Binder binder, System.Object[] parameters, System.Globalization.CultureInfo culture) [0x00032] in <695d1cc93cca45069c528c15c9fdd749>:0 
   --- End of inner exception stack trace ---
  at System.Reflection.MonoMethod.Invoke (System.Object obj, System.Reflection.BindingFlags invokeAttr, System.Reflection.Binder binder, System.Object[] parameters, System.Globalization.CultureInfo culture) [0x00048] in <695d1cc93cca45069c528c15c9fdd749>:0 
  at System.Reflection.MethodBase.Invoke (System.Object obj, System.Object[] parameters) [0x00000] in <695d1cc93cca45069c528c15c9fdd749>:0 
  at UnityEditor.EditorAssemblies.ProcessInitializeOnLoadMethodAttributes () [0x00047] in <ef3b6bf002d8435a97b4e938f6c49b02>:0 
UnityEngine.StackTraceUtility:ExtractStackTrace ()
UnityEngine.DebugLogHandler:LogFormat (UnityEngine.LogType,UnityEngine.Object,string,object[])
UnityEngine.Logger:Log (UnityEngine.LogType,object)
UnityEngine.Debug:LogError (object)
UnityEditor.EditorAssemblies:ProcessInitializeOnLoadMethodAttributes ()

Mono: successfully reloaded assembly
- Completed reload, in  6.109 seconds
Domain Reload Profiling:
	ReloadAssembly (6110ms)
		BeginReloadAssembly (369ms)
			ExecutionOrderSort (0ms)
			DisableScriptedObjects (9ms)
			BackupInstance (0ms)
			ReleaseScriptingObjects (0ms)
			CreateAndSetChildDomain (181ms)
		EndReloadAssembly (5303ms)
			LoadAssemblies (420ms)
			RebuildTransferFunctionScriptingTraits (0ms)
			SetupTypeCache (1504ms)
			ReleaseScriptCaches (1ms)
			RebuildScriptCaches (80ms)
			SetupLoadedEditorAssemblies (1404ms)
				LogAssemblyErrors (0ms)
				InitializePlatformSupportModulesInManaged (9ms)
				SetLoadedEditorAssemblies (1ms)
				RefreshPlugins (2ms)
				BeforeProcessingInitializeOnLoad (468ms)
				ProcessInitializeOnLoadAttributes (890ms)
				ProcessInitializeOnLoadMethodAttributes (22ms)
				AfterProcessingInitializeOnLoad (11ms)
				EditorAssembliesLoaded (0ms)
			ExecutionOrderSort2 (0ms)
			AwakeInstancesAfterBackupRestoration (13ms)
Platform modules already initialized, skipping
Refreshing native plugins compatible for Editor in 1.34 ms, found 16 plugins.
Preloading 2 native plugins for Editor in 0.23 ms.
Unloading 2357 Unused Serialized files (Serialized files now loaded: 0)
System memory in use before: 127.1 MB.
System memory in use after: 127.3 MB.

Unloading 32 unused Assets to reduce memory usage. Loaded Objects now: 3047.
Total: 4.979200 ms (FindLiveObjects: 0.594500 ms CreateObjectMapping: 0.208500 ms MarkObjects: 4.142200 ms  DeleteObjects: 0.032600 ms)

AssetImportParameters requested are different than current active one (requested -> active):
  custom:framework-win-MediaFoundation: 216162199b28c13a410421893ffa2e32 -> 
  custom:video-decoder-ogg-theora: a1e56fd34408186e4bbccfd4996cb3dc -> 
  custom:container-muxer-webm: aa71ff27fc2769a1b78a27578f13a17b -> 
  custom:container-demuxer-webm: 4f35f7cbe854078d1ac9338744f61a02 -> 
  custom:container-demuxer-ogg: 62fdf1f143b41e24485cea50d1cbac27 -> 
  custom:video-encoder-webm-vp8: eb34c28f22e8b96e1ab97ce403110664 -> 
  custom:video-codec-MediaFoundation-h265: 746d11721c4dcdbdad8f713fa42b33f4 -> 
  custom:video-decoder-webm-vp8: 9c59270c3fd7afecdb556c50c9e8de78 -> 
  custom:audio-decoder-ogg-vorbis: bf7c407c2cedff20999df2af8eb42d56 -> 
  custom:audio-encoder-webm-vorbis: bf7c407c2cedff20999df2af8eb42d56 -> 
========================================================================
Received Prepare
Registering precompiled user dll's ...
Registered in 0.369011 seconds.
Begin MonoManager ReloadAssembly
Native extension for WindowsStandalone target not found
Refreshing native plugins compatible for Editor in 1.45 ms, found 16 plugins.
Preloading 2 native plugins for Editor in 0.22 ms.
System.Reflection.TargetInvocationException: Exception has been thrown by the target of an invocation. ---> System.NullReferenceException: Object reference not set to an instance of an object
  at Unity.XR.Oculus.OculusLoader.AssetPathToAbsolutePath (System.String assetPath) [0x00048] in C:\Users\erlen\Documents\Github\Crystallographic-Reality\Crystallographic Reality\Library\PackageCache\com.unity.xr.oculus@1.9.1\Runtime\OculusLoader.cs:249 
  at Unity.XR.Oculus.OculusLoader.EditorLoadOVRPlugin () [0x0007b] in C:\Users\erlen\Documents\Github\Crystallographic-Reality\Crystallographic Reality\Library\PackageCache\com.unity.xr.oculus@1.9.1\Runtime\OculusLoader.cs:234 
  at (wrapper managed-to-native) System.Reflection.MonoMethod.InternalInvoke(System.Reflection.MonoMethod,object,object[],System.Exception&)
  at System.Reflection.MonoMethod.Invoke (System.Object obj, System.Reflection.BindingFlags invokeAttr, System.Reflection.Binder binder, System.Object[] parameters, System.Globalization.CultureInfo culture) [0x00032] in <695d1cc93cca45069c528c15c9fdd749>:0 
   --- End of inner exception stack trace ---
  at System.Reflection.MonoMethod.Invoke (System.Object obj, System.Reflection.BindingFlags invokeAttr, System.Reflection.Binder binder, System.Object[] parameters, System.Globalization.CultureInfo culture) [0x00048] in <695d1cc93cca45069c528c15c9fdd749>:0 
  at System.Reflection.MethodBase.Invoke (System.Object obj, System.Object[] parameters) [0x00000] in <695d1cc93cca45069c528c15c9fdd749>:0 
  at UnityEditor.EditorAssemblies.ProcessInitializeOnLoadMethodAttributes () [0x00047] in <ef3b6bf002d8435a97b4e938f6c49b02>:0 
UnityEngine.StackTraceUtility:ExtractStackTrace ()
UnityEngine.DebugLogHandler:LogFormat (UnityEngine.LogType,UnityEngine.Object,string,object[])
UnityEngine.Logger:Log (UnityEngine.LogType,object)
UnityEngine.Debug:LogError (object)
UnityEditor.EditorAssemblies:ProcessInitializeOnLoadMethodAttributes ()

Mono: successfully reloaded assembly
- Completed reload, in  7.031 seconds
Domain Reload Profiling:
	ReloadAssembly (7032ms)
		BeginReloadAssembly (377ms)
			ExecutionOrderSort (1ms)
			DisableScriptedObjects (28ms)
			BackupInstance (0ms)
			ReleaseScriptingObjects (0ms)
			CreateAndSetChildDomain (115ms)
		EndReloadAssembly (6399ms)
			LoadAssemblies (442ms)
			RebuildTransferFunctionScriptingTraits (0ms)
			SetupTypeCache (1849ms)
			ReleaseScriptCaches (2ms)
			RebuildScriptCaches (243ms)
			SetupLoadedEditorAssemblies (3184ms)
				LogAssemblyErrors (0ms)
				InitializePlatformSupportModulesInManaged (61ms)
				SetLoadedEditorAssemblies (1ms)
				RefreshPlugins (2ms)
				BeforeProcessingInitializeOnLoad (535ms)
				ProcessInitializeOnLoadAttributes (2504ms)
				ProcessInitializeOnLoadMethodAttributes (51ms)
				AfterProcessingInitializeOnLoad (29ms)
				EditorAssembliesLoaded (0ms)
			ExecutionOrderSort2 (0ms)
			AwakeInstancesAfterBackupRestoration (48ms)
Platform modules already initialized, skipping
Refreshing native plugins compatible for Editor in 1.42 ms, found 16 plugins.
Preloading 2 native plugins for Editor in 0.33 ms.
Unloading 2357 Unused Serialized files (Serialized files now loaded: 0)
System memory in use before: 127.1 MB.
System memory in use after: 127.3 MB.

Unloading 32 unused Assets to reduce memory usage. Loaded Objects now: 3050.
Total: 8.813600 ms (FindLiveObjects: 0.428800 ms CreateObjectMapping: 0.249500 ms MarkObjects: 8.042000 ms  DeleteObjects: 0.090300 ms)

AssetImportParameters requested are different than current active one (requested -> active):
  custom:framework-win-MediaFoundation: 216162199b28c13a410421893ffa2e32 -> 
  custom:video-decoder-ogg-theora: a1e56fd34408186e4bbccfd4996cb3dc -> 
  custom:container-muxer-webm: aa71ff27fc2769a1b78a27578f13a17b -> 
  custom:container-demuxer-webm: 4f35f7cbe854078d1ac9338744f61a02 -> 
  custom:container-demuxer-ogg: 62fdf1f143b41e24485cea50d1cbac27 -> 
  custom:video-encoder-webm-vp8: eb34c28f22e8b96e1ab97ce403110664 -> 
  custom:video-codec-MediaFoundation-h265: 746d11721c4dcdbdad8f713fa42b33f4 -> 
  custom:video-decoder-webm-vp8: 9c59270c3fd7afecdb556c50c9e8de78 -> 
  custom:audio-decoder-ogg-vorbis: bf7c407c2cedff20999df2af8eb42d56 -> 
  custom:audio-encoder-webm-vorbis: bf7c407c2cedff20999df2af8eb42d56 -> 
========================================================================
Received Prepare
Registering precompiled user dll's ...
Registered in 0.247498 seconds.
Begin MonoManager ReloadAssembly
Native extension for WindowsStandalone target not found
Refreshing native plugins compatible for Editor in 1.23 ms, found 16 plugins.
Preloading 2 native plugins for Editor in 0.30 ms.
System.Reflection.TargetInvocationException: Exception has been thrown by the target of an invocation. ---> System.NullReferenceException: Object reference not set to an instance of an object
  at Unity.XR.Oculus.OculusLoader.AssetPathToAbsolutePath (System.String assetPath) [0x00048] in C:\Users\erlen\Documents\Github\Crystallographic-Reality\Crystallographic Reality\Library\PackageCache\com.unity.xr.oculus@1.9.1\Runtime\OculusLoader.cs:249 
  at Unity.XR.Oculus.OculusLoader.EditorLoadOVRPlugin () [0x0007b] in C:\Users\erlen\Documents\Github\Crystallographic-Reality\Crystallographic Reality\Library\PackageCache\com.unity.xr.oculus@1.9.1\Runtime\OculusLoader.cs:234 
  at (wrapper managed-to-native) System.Reflection.MonoMethod.InternalInvoke(System.Reflection.MonoMethod,object,object[],System.Exception&)
  at System.Reflection.MonoMethod.Invoke (System.Object obj, System.Reflection.BindingFlags invokeAttr, System.Reflection.Binder binder, System.Object[] parameters, System.Globalization.CultureInfo culture) [0x00032] in <695d1cc93cca45069c528c15c9fdd749>:0 
   --- End of inner exception stack trace ---
  at System.Reflection.MonoMethod.Invoke (System.Object obj, System.Reflection.BindingFlags invokeAttr, System.Reflection.Binder binder, System.Object[] parameters, System.Globalization.CultureInfo culture) [0x00048] in <695d1cc93cca45069c528c15c9fdd749>:0 
  at System.Reflection.MethodBase.Invoke (System.Object obj, System.Object[] parameters) [0x00000] in <695d1cc93cca45069c528c15c9fdd749>:0 
  at UnityEditor.EditorAssemblies.ProcessInitializeOnLoadMethodAttributes () [0x00047] in <ef3b6bf002d8435a97b4e938f6c49b02>:0 
UnityEngine.StackTraceUtility:ExtractStackTrace ()
UnityEngine.DebugLogHandler:LogFormat (UnityEngine.LogType,UnityEngine.Object,string,object[])
UnityEngine.Logger:Log (UnityEngine.LogType,object)
UnityEngine.Debug:LogError (object)
UnityEditor.EditorAssemblies:ProcessInitializeOnLoadMethodAttributes ()

Mono: successfully reloaded assembly
- Completed reload, in  3.581 seconds
Domain Reload Profiling:
	ReloadAssembly (3582ms)
		BeginReloadAssembly (292ms)
			ExecutionOrderSort (0ms)
			DisableScriptedObjects (7ms)
			BackupInstance (0ms)
			ReleaseScriptingObjects (1ms)
			CreateAndSetChildDomain (88ms)
		EndReloadAssembly (3144ms)
			LoadAssemblies (345ms)
			RebuildTransferFunctionScriptingTraits (0ms)
			SetupTypeCache (690ms)
			ReleaseScriptCaches (2ms)
			RebuildScriptCaches (81ms)
			SetupLoadedEditorAssemblies (1742ms)
				LogAssemblyErrors (0ms)
				InitializePlatformSupportModulesInManaged (10ms)
				SetLoadedEditorAssemblies (1ms)
				RefreshPlugins (2ms)
				BeforeProcessingInitializeOnLoad (189ms)
				ProcessInitializeOnLoadAttributes (1496ms)
				ProcessInitializeOnLoadMethodAttributes (24ms)
				AfterProcessingInitializeOnLoad (17ms)
				EditorAssembliesLoaded (1ms)
			ExecutionOrderSort2 (0ms)
			AwakeInstancesAfterBackupRestoration (13ms)
Platform modules already initialized, skipping
Refreshing native plugins compatible for Editor in 2.81 ms, found 16 plugins.
Preloading 2 native plugins for Editor in 0.44 ms.
Unloading 2357 Unused Serialized files (Serialized files now loaded: 0)
System memory in use before: 127.1 MB.
System memory in use after: 127.4 MB.

Unloading 32 unused Assets to reduce memory usage. Loaded Objects now: 3053.
Total: 11.020600 ms (FindLiveObjects: 1.069000 ms CreateObjectMapping: 0.762200 ms MarkObjects: 9.142500 ms  DeleteObjects: 0.044000 ms)

AssetImportParameters requested are different than current active one (requested -> active):
  custom:framework-win-MediaFoundation: 216162199b28c13a410421893ffa2e32 -> 
  custom:video-decoder-ogg-theora: a1e56fd34408186e4bbccfd4996cb3dc -> 
  custom:container-muxer-webm: aa71ff27fc2769a1b78a27578f13a17b -> 
  custom:container-demuxer-webm: 4f35f7cbe854078d1ac9338744f61a02 -> 
  custom:container-demuxer-ogg: 62fdf1f143b41e24485cea50d1cbac27 -> 
  custom:video-encoder-webm-vp8: eb34c28f22e8b96e1ab97ce403110664 -> 
  custom:video-codec-MediaFoundation-h265: 746d11721c4dcdbdad8f713fa42b33f4 -> 
  custom:video-decoder-webm-vp8: 9c59270c3fd7afecdb556c50c9e8de78 -> 
  custom:audio-decoder-ogg-vorbis: bf7c407c2cedff20999df2af8eb42d56 -> 
  custom:audio-encoder-webm-vorbis: bf7c407c2cedff20999df2af8eb42d56 -> 
========================================================================
Received Import Request.
  Time since last request: 625.195911 seconds.
  path: Assets/InputSystem.inputsettings.asset
  artifactKey: Guid(9f2dc6433b8dd3d48a5ecef7c9550758) Importer(815301076,1909f56bfc062723c751e8b465ee728b)
Start importing Assets/InputSystem.inputsettings.asset using Guid(9f2dc6433b8dd3d48a5ecef7c9550758) Importer(815301076,1909f56bfc062723c751e8b465ee728b)  -> (artifact id: '2b6b2576223e05e77ef68c63f95157df') in 0.137377 seconds 
  Import took 0.193142 seconds .

========================================================================
Received Prepare
Registering precompiled user dll's ...
Registered in 0.115764 seconds.
Begin MonoManager ReloadAssembly
Native extension for WindowsStandalone target not found
Refreshing native plugins compatible for Editor in 1.34 ms, found 16 plugins.
Preloading 2 native plugins for Editor in 0.57 ms.
System.Reflection.TargetInvocationException: Exception has been thrown by the target of an invocation. ---> System.NullReferenceException: Object reference not set to an instance of an object
  at Unity.XR.Oculus.OculusLoader.AssetPathToAbsolutePath (System.String assetPath) [0x00048] in C:\Users\erlen\Documents\Github\Crystallographic-Reality\Crystallographic Reality\Library\PackageCache\com.unity.xr.oculus@1.9.1\Runtime\OculusLoader.cs:249 
  at Unity.XR.Oculus.OculusLoader.EditorLoadOVRPlugin () [0x0007b] in C:\Users\erlen\Documents\Github\Crystallographic-Reality\Crystallographic Reality\Library\PackageCache\com.unity.xr.oculus@1.9.1\Runtime\OculusLoader.cs:234 
  at (wrapper managed-to-native) System.Reflection.MonoMethod.InternalInvoke(System.Reflection.MonoMethod,object,object[],System.Exception&)
  at System.Reflection.MonoMethod.Invoke (System.Object obj, System.Reflection.BindingFlags invokeAttr, System.Reflection.Binder binder, System.Object[] parameters, System.Globalization.CultureInfo culture) [0x00032] in <695d1cc93cca45069c528c15c9fdd749>:0 
   --- End of inner exception stack trace ---
  at System.Reflection.MonoMethod.Invoke (System.Object obj, System.Reflection.BindingFlags invokeAttr, System.Reflection.Binder binder, System.Object[] parameters, System.Globalization.CultureInfo culture) [0x00048] in <695d1cc93cca45069c528c15c9fdd749>:0 
  at System.Reflection.MethodBase.Invoke (System.Object obj, System.Object[] parameters) [0x00000] in <695d1cc93cca45069c528c15c9fdd749>:0 
  at UnityEditor.EditorAssemblies.ProcessInitializeOnLoadMethodAttributes () [0x00047] in <ef3b6bf002d8435a97b4e938f6c49b02>:0 
UnityEngine.StackTraceUtility:ExtractStackTrace ()
UnityEngine.DebugLogHandler:LogFormat (UnityEngine.LogType,UnityEngine.Object,string,object[])
UnityEngine.Logger:Log (UnityEngine.LogType,object)
UnityEngine.Debug:LogError (object)
UnityEditor.EditorAssemblies:ProcessInitializeOnLoadMethodAttributes ()

Mono: successfully reloaded assembly
- Completed reload, in  4.062 seconds
Domain Reload Profiling:
	ReloadAssembly (4063ms)
		BeginReloadAssembly (289ms)
			ExecutionOrderSort (0ms)
			DisableScriptedObjects (9ms)
			BackupInstance (0ms)
			ReleaseScriptingObjects (0ms)
			CreateAndSetChildDomain (103ms)
		EndReloadAssembly (3574ms)
			LoadAssemblies (290ms)
			RebuildTransferFunctionScriptingTraits (0ms)
			SetupTypeCache (786ms)
			ReleaseScriptCaches (1ms)
			RebuildScriptCaches (229ms)
			SetupLoadedEditorAssemblies (1638ms)
				LogAssemblyErrors (0ms)
				InitializePlatformSupportModulesInManaged (16ms)
				SetLoadedEditorAssemblies (1ms)
				RefreshPlugins (2ms)
				BeforeProcessingInitializeOnLoad (212ms)
				ProcessInitializeOnLoadAttributes (1368ms)
				ProcessInitializeOnLoadMethodAttributes (26ms)
				AfterProcessingInitializeOnLoad (13ms)
				EditorAssembliesLoaded (0ms)
			ExecutionOrderSort2 (0ms)
			AwakeInstancesAfterBackupRestoration (16ms)
Platform modules already initialized, skipping
Refreshing native plugins compatible for Editor in 1.54 ms, found 16 plugins.
Preloading 2 native plugins for Editor in 0.24 ms.
Unloading 2357 Unused Serialized files (Serialized files now loaded: 0)
System memory in use before: 127.1 MB.
System memory in use after: 127.3 MB.

Unloading 32 unused Assets to reduce memory usage. Loaded Objects now: 3056.
Total: 6.488100 ms (FindLiveObjects: 0.759800 ms CreateObjectMapping: 0.857200 ms MarkObjects: 4.830700 ms  DeleteObjects: 0.037900 ms)

AssetImportParameters requested are different than current active one (requested -> active):
  custom:framework-win-MediaFoundation: 216162199b28c13a410421893ffa2e32 -> 
  custom:video-decoder-ogg-theora: a1e56fd34408186e4bbccfd4996cb3dc -> 
  custom:container-muxer-webm: aa71ff27fc2769a1b78a27578f13a17b -> 
  custom:container-demuxer-webm: 4f35f7cbe854078d1ac9338744f61a02 -> 
  custom:container-demuxer-ogg: 62fdf1f143b41e24485cea50d1cbac27 -> 
  custom:video-encoder-webm-vp8: eb34c28f22e8b96e1ab97ce403110664 -> 
  custom:video-codec-MediaFoundation-h265: 746d11721c4dcdbdad8f713fa42b33f4 -> 
  custom:video-decoder-webm-vp8: 9c59270c3fd7afecdb556c50c9e8de78 -> 
  custom:audio-decoder-ogg-vorbis: bf7c407c2cedff20999df2af8eb42d56 -> 
  custom:audio-encoder-webm-vorbis: bf7c407c2cedff20999df2af8eb42d56 -> 
========================================================================
Received Import Request.
  Time since last request: 264.155216 seconds.
  path: Assets/XR/Settings/Open XR Package Settings.asset
  artifactKey: Guid(69502b436ea168249b034e1e4e096331) Importer(815301076,1909f56bfc062723c751e8b465ee728b)
Start importing Assets/XR/Settings/Open XR Package Settings.asset using Guid(69502b436ea168249b034e1e4e096331) Importer(815301076,1909f56bfc062723c751e8b465ee728b)  -> (artifact id: '7791bb5aef51b20b331b3bf3db5457aa') in 0.062436 seconds 
  Import took 0.073695 seconds .

========================================================================
Received Prepare
Registering precompiled user dll's ...
Registered in 0.059485 seconds.
Begin MonoManager ReloadAssembly
Native extension for WindowsStandalone target not found
Refreshing native plugins compatible for Editor in 0.97 ms, found 16 plugins.
Preloading 2 native plugins for Editor in 0.18 ms.
System.Reflection.TargetInvocationException: Exception has been thrown by the target of an invocation. ---> System.NullReferenceException: Object reference not set to an instance of an object
  at Unity.XR.Oculus.OculusLoader.AssetPathToAbsolutePath (System.String assetPath) [0x00048] in C:\Users\erlen\Documents\Github\Crystallographic-Reality\Crystallographic Reality\Library\PackageCache\com.unity.xr.oculus@1.9.1\Runtime\OculusLoader.cs:249 
  at Unity.XR.Oculus.OculusLoader.EditorLoadOVRPlugin () [0x0007b] in C:\Users\erlen\Documents\Github\Crystallographic-Reality\Crystallographic Reality\Library\PackageCache\com.unity.xr.oculus@1.9.1\Runtime\OculusLoader.cs:234 
  at (wrapper managed-to-native) System.Reflection.MonoMethod.InternalInvoke(System.Reflection.MonoMethod,object,object[],System.Exception&)
  at System.Reflection.MonoMethod.Invoke (System.Object obj, System.Reflection.BindingFlags invokeAttr, System.Reflection.Binder binder, System.Object[] parameters, System.Globalization.CultureInfo culture) [0x00032] in <695d1cc93cca45069c528c15c9fdd749>:0 
   --- End of inner exception stack trace ---
  at System.Reflection.MonoMethod.Invoke (System.Object obj, System.Reflection.BindingFlags invokeAttr, System.Reflection.Binder binder, System.Object[] parameters, System.Globalization.CultureInfo culture) [0x00048] in <695d1cc93cca45069c528c15c9fdd749>:0 
  at System.Reflection.MethodBase.Invoke (System.Object obj, System.Object[] parameters) [0x00000] in <695d1cc93cca45069c528c15c9fdd749>:0 
  at UnityEditor.EditorAssemblies.ProcessInitializeOnLoadMethodAttributes () [0x00047] in <ef3b6bf002d8435a97b4e938f6c49b02>:0 
UnityEngine.StackTraceUtility:ExtractStackTrace ()
UnityEngine.DebugLogHandler:LogFormat (UnityEngine.LogType,UnityEngine.Object,string,object[])
UnityEngine.Logger:Log (UnityEngine.LogType,object)
UnityEngine.Debug:LogError (object)
UnityEditor.EditorAssemblies:ProcessInitializeOnLoadMethodAttributes ()

Mono: successfully reloaded assembly
- Completed reload, in  1.867 seconds
Domain Reload Profiling:
	ReloadAssembly (1868ms)
		BeginReloadAssembly (175ms)
			ExecutionOrderSort (0ms)
			DisableScriptedObjects (6ms)
			BackupInstance (0ms)
			ReleaseScriptingObjects (0ms)
			CreateAndSetChildDomain (62ms)
		EndReloadAssembly (1597ms)
			LoadAssemblies (138ms)
			RebuildTransferFunctionScriptingTraits (0ms)
			SetupTypeCache (425ms)
			ReleaseScriptCaches (2ms)
			RebuildScriptCaches (60ms)
			SetupLoadedEditorAssemblies (761ms)
				LogAssemblyErrors (0ms)
				InitializePlatformSupportModulesInManaged (6ms)
				SetLoadedEditorAssemblies (1ms)
				RefreshPlugins (1ms)
				BeforeProcessingInitializeOnLoad (122ms)
				ProcessInitializeOnLoadAttributes (602ms)
				ProcessInitializeOnLoadMethodAttributes (21ms)
				AfterProcessingInitializeOnLoad (9ms)
				EditorAssembliesLoaded (0ms)
			ExecutionOrderSort2 (0ms)
			AwakeInstancesAfterBackupRestoration (11ms)
Platform modules already initialized, skipping
Refreshing native plugins compatible for Editor in 1.00 ms, found 16 plugins.
Preloading 2 native plugins for Editor in 0.16 ms.
Unloading 2358 Unused Serialized files (Serialized files now loaded: 0)
System memory in use before: 127.2 MB.
System memory in use after: 127.4 MB.

Unloading 88 unused Assets to reduce memory usage. Loaded Objects now: 3005.
Total: 7.570800 ms (FindLiveObjects: 0.694500 ms CreateObjectMapping: 0.350200 ms MarkObjects: 6.351300 ms  DeleteObjects: 0.173400 ms)

AssetImportParameters requested are different than current active one (requested -> active):
  custom:framework-win-MediaFoundation: 216162199b28c13a410421893ffa2e32 -> 
  custom:video-decoder-ogg-theora: a1e56fd34408186e4bbccfd4996cb3dc -> 
  custom:container-muxer-webm: aa71ff27fc2769a1b78a27578f13a17b -> 
  custom:container-demuxer-webm: 4f35f7cbe854078d1ac9338744f61a02 -> 
  custom:container-demuxer-ogg: 62fdf1f143b41e24485cea50d1cbac27 -> 
  custom:video-encoder-webm-vp8: eb34c28f22e8b96e1ab97ce403110664 -> 
  custom:video-codec-MediaFoundation-h265: 746d11721c4dcdbdad8f713fa42b33f4 -> 
  custom:video-decoder-webm-vp8: 9c59270c3fd7afecdb556c50c9e8de78 -> 
  custom:audio-decoder-ogg-vorbis: bf7c407c2cedff20999df2af8eb42d56 -> 
  custom:audio-encoder-webm-vorbis: bf7c407c2cedff20999df2af8eb42d56 -> 
========================================================================
Received Import Request.
  Time since last request: 44.750203 seconds.
  path: Assets/XR/Settings/Open XR Package Settings.asset
  artifactKey: Guid(69502b436ea168249b034e1e4e096331) Importer(815301076,1909f56bfc062723c751e8b465ee728b)
Start importing Assets/XR/Settings/Open XR Package Settings.asset using Guid(69502b436ea168249b034e1e4e096331) Importer(815301076,1909f56bfc062723c751e8b465ee728b)  -> (artifact id: '2ff5488ac7362e5c16c0278fae505bea') in 0.065885 seconds 
  Import took 0.072694 seconds .

========================================================================
Received Import Request.
  Time since last request: 141.222570 seconds.
  path: Assets/Samples/XR Interaction Toolkit/1.0.0-pre.4/Default Input Actions/XRI Default Input Actions.inputactions
  artifactKey: Guid(c348712bda248c246b8c49b3db54643f) Importer(815301076,1909f56bfc062723c751e8b465ee728b)
Start importing Assets/Samples/XR Interaction Toolkit/1.0.0-pre.4/Default Input Actions/XRI Default Input Actions.inputactions using Guid(c348712bda248c246b8c49b3db54643f) Importer(815301076,1909f56bfc062723c751e8b465ee728b)  -> (artifact id: '6b33be0e6203801e11d7e493f0063731') in 0.037645 seconds 
  Import took 0.083863 seconds .

========================================================================
Received Import Request.
  Time since last request: 0.004228 seconds.
  path: Assets/Samples/XR Interaction Toolkit/1.0.0-pre.4/Default Input Actions/XRI Default Input Actions.inputactions
  artifactKey: Guid(c348712bda248c246b8c49b3db54643f) Importer(815301076,1909f56bfc062723c751e8b465ee728b)
Start importing Assets/Samples/XR Interaction Toolkit/1.0.0-pre.4/Default Input Actions/XRI Default Input Actions.inputactions using Guid(c348712bda248c246b8c49b3db54643f) Importer(815301076,1909f56bfc062723c751e8b465ee728b)  -> (artifact id: '6b33be0e6203801e11d7e493f0063731') in 0.024341 seconds 
  Import took 0.031687 seconds .

========================================================================
Received Prepare
Registering precompiled user dll's ...
Registered in 0.109271 seconds.
Begin MonoManager ReloadAssembly
Native extension for WindowsStandalone target not found
Refreshing native plugins compatible for Editor in 6.21 ms, found 16 plugins.
Preloading 2 native plugins for Editor in 0.25 ms.
System.Reflection.TargetInvocationException: Exception has been thrown by the target of an invocation. ---> System.NullReferenceException: Object reference not set to an instance of an object
  at Unity.XR.Oculus.OculusLoader.AssetPathToAbsolutePath (System.String assetPath) [0x00048] in C:\Users\erlen\Documents\Github\Crystallographic-Reality\Crystallographic Reality\Library\PackageCache\com.unity.xr.oculus@1.9.1\Runtime\OculusLoader.cs:249 
  at Unity.XR.Oculus.OculusLoader.EditorLoadOVRPlugin () [0x0007b] in C:\Users\erlen\Documents\Github\Crystallographic-Reality\Crystallographic Reality\Library\PackageCache\com.unity.xr.oculus@1.9.1\Runtime\OculusLoader.cs:234 
  at (wrapper managed-to-native) System.Reflection.MonoMethod.InternalInvoke(System.Reflection.MonoMethod,object,object[],System.Exception&)
  at System.Reflection.MonoMethod.Invoke (System.Object obj, System.Reflection.BindingFlags invokeAttr, System.Reflection.Binder binder, System.Object[] parameters, System.Globalization.CultureInfo culture) [0x00032] in <695d1cc93cca45069c528c15c9fdd749>:0 
   --- End of inner exception stack trace ---
  at System.Reflection.MonoMethod.Invoke (System.Object obj, System.Reflection.BindingFlags invokeAttr, System.Reflection.Binder binder, System.Object[] parameters, System.Globalization.CultureInfo culture) [0x00048] in <695d1cc93cca45069c528c15c9fdd749>:0 
  at System.Reflection.MethodBase.Invoke (System.Object obj, System.Object[] parameters) [0x00000] in <695d1cc93cca45069c528c15c9fdd749>:0 
  at UnityEditor.EditorAssemblies.ProcessInitializeOnLoadMethodAttributes () [0x00047] in <ef3b6bf002d8435a97b4e938f6c49b02>:0 
UnityEngine.StackTraceUtility:ExtractStackTrace ()
UnityEngine.DebugLogHandler:LogFormat (UnityEngine.LogType,UnityEngine.Object,string,object[])
UnityEngine.Logger:Log (UnityEngine.LogType,object)
UnityEngine.Debug:LogError (object)
UnityEditor.EditorAssemblies:ProcessInitializeOnLoadMethodAttributes ()

Mono: successfully reloaded assembly
- Completed reload, in  3.123 seconds
Domain Reload Profiling:
	ReloadAssembly (3124ms)
		BeginReloadAssembly (237ms)
			ExecutionOrderSort (0ms)
			DisableScriptedObjects (9ms)
			BackupInstance (0ms)
			ReleaseScriptingObjects (0ms)
			CreateAndSetChildDomain (69ms)
		EndReloadAssembly (2739ms)
			LoadAssemblies (303ms)
			RebuildTransferFunctionScriptingTraits (0ms)
			SetupTypeCache (781ms)
			ReleaseScriptCaches (2ms)
			RebuildScriptCaches (68ms)
			SetupLoadedEditorAssemblies (1369ms)
				LogAssemblyErrors (0ms)
				InitializePlatformSupportModulesInManaged (43ms)
				SetLoadedEditorAssemblies (1ms)
				RefreshPlugins (7ms)
				BeforeProcessingInitializeOnLoad (244ms)
				ProcessInitializeOnLoadAttributes (1011ms)
				ProcessInitializeOnLoadMethodAttributes (50ms)
				AfterProcessingInitializeOnLoad (13ms)
				EditorAssembliesLoaded (0ms)
			ExecutionOrderSort2 (0ms)
			AwakeInstancesAfterBackupRestoration (12ms)
Platform modules already initialized, skipping
Refreshing native plugins compatible for Editor in 1.09 ms, found 16 plugins.
Preloading 2 native plugins for Editor in 0.27 ms.
Unloading 2358 Unused Serialized files (Serialized files now loaded: 0)
System memory in use before: 127.1 MB.
System memory in use after: 127.3 MB.

Unloading 52 unused Assets to reduce memory usage. Loaded Objects now: 3009.
Total: 6.539700 ms (FindLiveObjects: 0.275700 ms CreateObjectMapping: 0.118300 ms MarkObjects: 6.018800 ms  DeleteObjects: 0.124700 ms)

AssetImportParameters requested are different than current active one (requested -> active):
  custom:framework-win-MediaFoundation: 216162199b28c13a410421893ffa2e32 -> 
  custom:video-decoder-ogg-theora: a1e56fd34408186e4bbccfd4996cb3dc -> 
  custom:container-muxer-webm: aa71ff27fc2769a1b78a27578f13a17b -> 
  custom:container-demuxer-webm: 4f35f7cbe854078d1ac9338744f61a02 -> 
  custom:container-demuxer-ogg: 62fdf1f143b41e24485cea50d1cbac27 -> 
  custom:video-encoder-webm-vp8: eb34c28f22e8b96e1ab97ce403110664 -> 
  custom:video-codec-MediaFoundation-h265: 746d11721c4dcdbdad8f713fa42b33f4 -> 
  custom:video-decoder-webm-vp8: 9c59270c3fd7afecdb556c50c9e8de78 -> 
  custom:audio-decoder-ogg-vorbis: bf7c407c2cedff20999df2af8eb42d56 -> 
  custom:audio-encoder-webm-vorbis: bf7c407c2cedff20999df2af8eb42d56 -> 
========================================================================
Received Prepare
Registering precompiled user dll's ...
Registered in 0.135209 seconds.
Begin MonoManager ReloadAssembly
Native extension for WindowsStandalone target not found
Refreshing native plugins compatible for Editor in 1.71 ms, found 16 plugins.
Preloading 2 native plugins for Editor in 0.25 ms.
System.Reflection.TargetInvocationException: Exception has been thrown by the target of an invocation. ---> System.NullReferenceException: Object reference not set to an instance of an object
  at Unity.XR.Oculus.OculusLoader.AssetPathToAbsolutePath (System.String assetPath) [0x00048] in C:\Users\erlen\Documents\Github\Crystallographic-Reality\Crystallographic Reality\Library\PackageCache\com.unity.xr.oculus@1.9.1\Runtime\OculusLoader.cs:249 
  at Unity.XR.Oculus.OculusLoader.EditorLoadOVRPlugin () [0x0007b] in C:\Users\erlen\Documents\Github\Crystallographic-Reality\Crystallographic Reality\Library\PackageCache\com.unity.xr.oculus@1.9.1\Runtime\OculusLoader.cs:234 
  at (wrapper managed-to-native) System.Reflection.MonoMethod.InternalInvoke(System.Reflection.MonoMethod,object,object[],System.Exception&)
  at System.Reflection.MonoMethod.Invoke (System.Object obj, System.Reflection.BindingFlags invokeAttr, System.Reflection.Binder binder, System.Object[] parameters, System.Globalization.CultureInfo culture) [0x00032] in <695d1cc93cca45069c528c15c9fdd749>:0 
   --- End of inner exception stack trace ---
  at System.Reflection.MonoMethod.Invoke (System.Object obj, System.Reflection.BindingFlags invokeAttr, System.Reflection.Binder binder, System.Object[] parameters, System.Globalization.CultureInfo culture) [0x00048] in <695d1cc93cca45069c528c15c9fdd749>:0 
  at System.Reflection.MethodBase.Invoke (System.Object obj, System.Object[] parameters) [0x00000] in <695d1cc93cca45069c528c15c9fdd749>:0 
  at UnityEditor.EditorAssemblies.ProcessInitializeOnLoadMethodAttributes () [0x00047] in <ef3b6bf002d8435a97b4e938f6c49b02>:0 
UnityEngine.StackTraceUtility:ExtractStackTrace ()
UnityEngine.DebugLogHandler:LogFormat (UnityEngine.LogType,UnityEngine.Object,string,object[])
UnityEngine.Logger:Log (UnityEngine.LogType,object)
UnityEngine.Debug:LogError (object)
UnityEditor.EditorAssemblies:ProcessInitializeOnLoadMethodAttributes ()

Mono: successfully reloaded assembly
- Completed reload, in  3.170 seconds
Domain Reload Profiling:
	ReloadAssembly (3172ms)
		BeginReloadAssembly (242ms)
			ExecutionOrderSort (0ms)
			DisableScriptedObjects (18ms)
			BackupInstance (0ms)
			ReleaseScriptingObjects (0ms)
			CreateAndSetChildDomain (82ms)
		EndReloadAssembly (2756ms)
			LoadAssemblies (253ms)
			RebuildTransferFunctionScriptingTraits (0ms)
			SetupTypeCache (677ms)
			ReleaseScriptCaches (1ms)
			RebuildScriptCaches (110ms)
			SetupLoadedEditorAssemblies (1303ms)
				LogAssemblyErrors (0ms)
				InitializePlatformSupportModulesInManaged (12ms)
				SetLoadedEditorAssemblies (1ms)
				RefreshPlugins (2ms)
				BeforeProcessingInitializeOnLoad (272ms)
				ProcessInitializeOnLoadAttributes (974ms)
				ProcessInitializeOnLoadMethodAttributes (30ms)
				AfterProcessingInitializeOnLoad (11ms)
				EditorAssembliesLoaded (1ms)
			ExecutionOrderSort2 (0ms)
			AwakeInstancesAfterBackupRestoration (10ms)
Platform modules already initialized, skipping
Refreshing native plugins compatible for Editor in 1.79 ms, found 16 plugins.
Preloading 2 native plugins for Editor in 0.49 ms.
Unloading 2357 Unused Serialized files (Serialized files now loaded: 0)
System memory in use before: 127.0 MB.
System memory in use after: 127.2 MB.

Unloading 32 unused Assets to reduce memory usage. Loaded Objects now: 3012.
Total: 7.782800 ms (FindLiveObjects: 0.374200 ms CreateObjectMapping: 0.191700 ms MarkObjects: 6.896800 ms  DeleteObjects: 0.316400 ms)

AssetImportParameters requested are different than current active one (requested -> active):
  custom:framework-win-MediaFoundation: 216162199b28c13a410421893ffa2e32 -> 
  custom:video-decoder-ogg-theora: a1e56fd34408186e4bbccfd4996cb3dc -> 
  custom:container-muxer-webm: aa71ff27fc2769a1b78a27578f13a17b -> 
  custom:container-demuxer-webm: 4f35f7cbe854078d1ac9338744f61a02 -> 
  custom:container-demuxer-ogg: 62fdf1f143b41e24485cea50d1cbac27 -> 
  custom:video-encoder-webm-vp8: eb34c28f22e8b96e1ab97ce403110664 -> 
  custom:video-codec-MediaFoundation-h265: 746d11721c4dcdbdad8f713fa42b33f4 -> 
  custom:video-decoder-webm-vp8: 9c59270c3fd7afecdb556c50c9e8de78 -> 
  custom:audio-decoder-ogg-vorbis: bf7c407c2cedff20999df2af8eb42d56 -> 
  custom:audio-encoder-webm-vorbis: bf7c407c2cedff20999df2af8eb42d56 -> 
========================================================================
Received Prepare
Registering precompiled user dll's ...
Registered in 2.006325 seconds.
Begin MonoManager ReloadAssembly
Native extension for WindowsStandalone target not found
Refreshing native plugins compatible for Editor in 1.53 ms, found 16 plugins.
Preloading 2 native plugins for Editor in 0.25 ms.
System.Reflection.TargetInvocationException: Exception has been thrown by the target of an invocation. ---> System.NullReferenceException: Object reference not set to an instance of an object
  at Unity.XR.Oculus.OculusLoader.AssetPathToAbsolutePath (System.String assetPath) [0x00048] in C:\Users\erlen\Documents\Github\Crystallographic-Reality\Crystallographic Reality\Library\PackageCache\com.unity.xr.oculus@1.9.1\Runtime\OculusLoader.cs:249 
  at Unity.XR.Oculus.OculusLoader.EditorLoadOVRPlugin () [0x0007b] in C:\Users\erlen\Documents\Github\Crystallographic-Reality\Crystallographic Reality\Library\PackageCache\com.unity.xr.oculus@1.9.1\Runtime\OculusLoader.cs:234 
  at (wrapper managed-to-native) System.Reflection.MonoMethod.InternalInvoke(System.Reflection.MonoMethod,object,object[],System.Exception&)
  at System.Reflection.MonoMethod.Invoke (System.Object obj, System.Reflection.BindingFlags invokeAttr, System.Reflection.Binder binder, System.Object[] parameters, System.Globalization.CultureInfo culture) [0x00032] in <695d1cc93cca45069c528c15c9fdd749>:0 
   --- End of inner exception stack trace ---
  at System.Reflection.MonoMethod.Invoke (System.Object obj, System.Reflection.BindingFlags invokeAttr, System.Reflection.Binder binder, System.Object[] parameters, System.Globalization.CultureInfo culture) [0x00048] in <695d1cc93cca45069c528c15c9fdd749>:0 
  at System.Reflection.MethodBase.Invoke (System.Object obj, System.Object[] parameters) [0x00000] in <695d1cc93cca45069c528c15c9fdd749>:0 
  at UnityEditor.EditorAssemblies.ProcessInitializeOnLoadMethodAttributes () [0x00047] in <ef3b6bf002d8435a97b4e938f6c49b02>:0 
UnityEngine.StackTraceUtility:ExtractStackTrace ()
UnityEngine.DebugLogHandler:LogFormat (UnityEngine.LogType,UnityEngine.Object,string,object[])
UnityEngine.Logger:Log (UnityEngine.LogType,object)
UnityEngine.Debug:LogError (object)
UnityEditor.EditorAssemblies:ProcessInitializeOnLoadMethodAttributes ()

Mono: successfully reloaded assembly
- Completed reload, in  2.119 seconds
Domain Reload Profiling:
	ReloadAssembly (2119ms)
		BeginReloadAssembly (196ms)
			ExecutionOrderSort (0ms)
			DisableScriptedObjects (7ms)
			BackupInstance (0ms)
			ReleaseScriptingObjects (0ms)
			CreateAndSetChildDomain (64ms)
		EndReloadAssembly (1791ms)
			LoadAssemblies (264ms)
			RebuildTransferFunctionScriptingTraits (0ms)
			SetupTypeCache (471ms)
			ReleaseScriptCaches (1ms)
			RebuildScriptCaches (62ms)
			SetupLoadedEditorAssemblies (819ms)
				LogAssemblyErrors (0ms)
				InitializePlatformSupportModulesInManaged (15ms)
				SetLoadedEditorAssemblies (1ms)
				RefreshPlugins (2ms)
				BeforeProcessingInitializeOnLoad (137ms)
				ProcessInitializeOnLoadAttributes (623ms)
				ProcessInitializeOnLoadMethodAttributes (29ms)
				AfterProcessingInitializeOnLoad (11ms)
				EditorAssembliesLoaded (0ms)
			ExecutionOrderSort2 (0ms)
			AwakeInstancesAfterBackupRestoration (9ms)
Platform modules already initialized, skipping
Refreshing native plugins compatible for Editor in 1.01 ms, found 16 plugins.
Preloading 2 native plugins for Editor in 0.17 ms.
Unloading 2357 Unused Serialized files (Serialized files now loaded: 0)
System memory in use before: 127.0 MB.
System memory in use after: 127.2 MB.

Unloading 32 unused Assets to reduce memory usage. Loaded Objects now: 3015.
Total: 6.173600 ms (FindLiveObjects: 0.824800 ms CreateObjectMapping: 0.383900 ms MarkObjects: 4.852300 ms  DeleteObjects: 0.110700 ms)

AssetImportParameters requested are different than current active one (requested -> active):
  custom:framework-win-MediaFoundation: 216162199b28c13a410421893ffa2e32 -> 
  custom:video-decoder-ogg-theora: a1e56fd34408186e4bbccfd4996cb3dc -> 
  custom:container-muxer-webm: aa71ff27fc2769a1b78a27578f13a17b -> 
  custom:container-demuxer-webm: 4f35f7cbe854078d1ac9338744f61a02 -> 
  custom:container-demuxer-ogg: 62fdf1f143b41e24485cea50d1cbac27 -> 
  custom:video-encoder-webm-vp8: eb34c28f22e8b96e1ab97ce403110664 -> 
  custom:video-codec-MediaFoundation-h265: 746d11721c4dcdbdad8f713fa42b33f4 -> 
  custom:video-decoder-webm-vp8: 9c59270c3fd7afecdb556c50c9e8de78 -> 
  custom:audio-decoder-ogg-vorbis: bf7c407c2cedff20999df2af8eb42d56 -> 
  custom:audio-encoder-webm-vorbis: bf7c407c2cedff20999df2af8eb42d56 -> 
========================================================================
Received Import Request.
  Time since last request: 724.218676 seconds.
  path: Assets/Scenes/MainGameScene.unity
  artifactKey: Guid(9fc0d4010bbf28b4594072e72b8655ab) Importer(815301076,1909f56bfc062723c751e8b465ee728b)
Start importing Assets/Scenes/MainGameScene.unity using Guid(9fc0d4010bbf28b4594072e72b8655ab) Importer(815301076,1909f56bfc062723c751e8b465ee728b)  -> (artifact id: 'f91e26935e3e8479e1f1f884f457a8eb') in 0.040814 seconds 
  Import took 0.052554 seconds .

========================================================================
Received Prepare
Registering precompiled user dll's ...
Registered in 0.092102 seconds.
Begin MonoManager ReloadAssembly
Native extension for WindowsStandalone target not found
Refreshing native plugins compatible for Editor in 1.14 ms, found 16 plugins.
Preloading 2 native plugins for Editor in 0.26 ms.
System.Reflection.TargetInvocationException: Exception has been thrown by the target of an invocation. ---> System.NullReferenceException: Object reference not set to an instance of an object
  at Unity.XR.Oculus.OculusLoader.AssetPathToAbsolutePath (System.String assetPath) [0x00048] in C:\Users\erlen\Documents\Github\Crystallographic-Reality\Crystallographic Reality\Library\PackageCache\com.unity.xr.oculus@1.9.1\Runtime\OculusLoader.cs:249 
  at Unity.XR.Oculus.OculusLoader.EditorLoadOVRPlugin () [0x0007b] in C:\Users\erlen\Documents\Github\Crystallographic-Reality\Crystallographic Reality\Library\PackageCache\com.unity.xr.oculus@1.9.1\Runtime\OculusLoader.cs:234 
  at (wrapper managed-to-native) System.Reflection.MonoMethod.InternalInvoke(System.Reflection.MonoMethod,object,object[],System.Exception&)
  at System.Reflection.MonoMethod.Invoke (System.Object obj, System.Reflection.BindingFlags invokeAttr, System.Reflection.Binder binder, System.Object[] parameters, System.Globalization.CultureInfo culture) [0x00032] in <695d1cc93cca45069c528c15c9fdd749>:0 
   --- End of inner exception stack trace ---
  at System.Reflection.MonoMethod.Invoke (System.Object obj, System.Reflection.BindingFlags invokeAttr, System.Reflection.Binder binder, System.Object[] parameters, System.Globalization.CultureInfo culture) [0x00048] in <695d1cc93cca45069c528c15c9fdd749>:0 
  at System.Reflection.MethodBase.Invoke (System.Object obj, System.Object[] parameters) [0x00000] in <695d1cc93cca45069c528c15c9fdd749>:0 
  at UnityEditor.EditorAssemblies.ProcessInitializeOnLoadMethodAttributes () [0x00047] in <ef3b6bf002d8435a97b4e938f6c49b02>:0 
UnityEngine.StackTraceUtility:ExtractStackTrace ()
UnityEngine.DebugLogHandler:LogFormat (UnityEngine.LogType,UnityEngine.Object,string,object[])
UnityEngine.Logger:Log (UnityEngine.LogType,object)
UnityEngine.Debug:LogError (object)
UnityEditor.EditorAssemblies:ProcessInitializeOnLoadMethodAttributes ()

Mono: successfully reloaded assembly
- Completed reload, in  2.506 seconds
Domain Reload Profiling:
	ReloadAssembly (2507ms)
		BeginReloadAssembly (177ms)
			ExecutionOrderSort (0ms)
			DisableScriptedObjects (5ms)
			BackupInstance (0ms)
			ReleaseScriptingObjects (0ms)
			CreateAndSetChildDomain (52ms)
		EndReloadAssembly (2246ms)
			LoadAssemblies (218ms)
			RebuildTransferFunctionScriptingTraits (0ms)
			SetupTypeCache (942ms)
			ReleaseScriptCaches (1ms)
			RebuildScriptCaches (51ms)
			SetupLoadedEditorAssemblies (828ms)
				LogAssemblyErrors (0ms)
				InitializePlatformSupportModulesInManaged (7ms)
				SetLoadedEditorAssemblies (1ms)
				RefreshPlugins (2ms)
				BeforeProcessingInitializeOnLoad (158ms)
				ProcessInitializeOnLoadAttributes (610ms)
				ProcessInitializeOnLoadMethodAttributes (32ms)
				AfterProcessingInitializeOnLoad (18ms)
				EditorAssembliesLoaded (0ms)
			ExecutionOrderSort2 (0ms)
			AwakeInstancesAfterBackupRestoration (10ms)
Platform modules already initialized, skipping
Refreshing native plugins compatible for Editor in 0.99 ms, found 16 plugins.
Preloading 2 native plugins for Editor in 0.20 ms.
Unloading 2357 Unused Serialized files (Serialized files now loaded: 0)
System memory in use before: 126.9 MB.
System memory in use after: 127.1 MB.

Unloading 32 unused Assets to reduce memory usage. Loaded Objects now: 3018.
Total: 4.535300 ms (FindLiveObjects: 0.305700 ms CreateObjectMapping: 0.143000 ms MarkObjects: 4.051700 ms  DeleteObjects: 0.033200 ms)

AssetImportParameters requested are different than current active one (requested -> active):
  custom:framework-win-MediaFoundation: 216162199b28c13a410421893ffa2e32 -> 
  custom:video-decoder-ogg-theora: a1e56fd34408186e4bbccfd4996cb3dc -> 
  custom:container-muxer-webm: aa71ff27fc2769a1b78a27578f13a17b -> 
  custom:container-demuxer-webm: 4f35f7cbe854078d1ac9338744f61a02 -> 
  custom:container-demuxer-ogg: 62fdf1f143b41e24485cea50d1cbac27 -> 
  custom:video-encoder-webm-vp8: eb34c28f22e8b96e1ab97ce403110664 -> 
  custom:video-codec-MediaFoundation-h265: 746d11721c4dcdbdad8f713fa42b33f4 -> 
  custom:video-decoder-webm-vp8: 9c59270c3fd7afecdb556c50c9e8de78 -> 
  custom:audio-decoder-ogg-vorbis: bf7c407c2cedff20999df2af8eb42d56 -> 
  custom:audio-encoder-webm-vorbis: bf7c407c2cedff20999df2af8eb42d56 -> 
========================================================================
Received Import Request.
  Time since last request: 32.164377 seconds.
  path: Assets/XR/Settings/Open XR Package Settings.asset
  artifactKey: Guid(69502b436ea168249b034e1e4e096331) Importer(815301076,1909f56bfc062723c751e8b465ee728b)
Start importing Assets/XR/Settings/Open XR Package Settings.asset using Guid(69502b436ea168249b034e1e4e096331) Importer(815301076,1909f56bfc062723c751e8b465ee728b)  -> (artifact id: '43e846ff65ed414e185f8d10d622a556') in 0.049210 seconds 
  Import took 0.057078 seconds .

========================================================================
Received Prepare
Registering precompiled user dll's ...
Registered in 0.026296 seconds.
Begin MonoManager ReloadAssembly
Native extension for WindowsStandalone target not found
Refreshing native plugins compatible for Editor in 1.37 ms, found 16 plugins.
Preloading 2 native plugins for Editor in 0.19 ms.
System.Reflection.TargetInvocationException: Exception has been thrown by the target of an invocation. ---> System.NullReferenceException: Object reference not set to an instance of an object
  at Unity.XR.Oculus.OculusLoader.AssetPathToAbsolutePath (System.String assetPath) [0x00048] in C:\Users\erlen\Documents\Github\Crystallographic-Reality\Crystallographic Reality\Library\PackageCache\com.unity.xr.oculus@1.9.1\Runtime\OculusLoader.cs:249 
  at Unity.XR.Oculus.OculusLoader.EditorLoadOVRPlugin () [0x0007b] in C:\Users\erlen\Documents\Github\Crystallographic-Reality\Crystallographic Reality\Library\PackageCache\com.unity.xr.oculus@1.9.1\Runtime\OculusLoader.cs:234 
  at (wrapper managed-to-native) System.Reflection.MonoMethod.InternalInvoke(System.Reflection.MonoMethod,object,object[],System.Exception&)
  at System.Reflection.MonoMethod.Invoke (System.Object obj, System.Reflection.BindingFlags invokeAttr, System.Reflection.Binder binder, System.Object[] parameters, System.Globalization.CultureInfo culture) [0x00032] in <695d1cc93cca45069c528c15c9fdd749>:0 
   --- End of inner exception stack trace ---
  at System.Reflection.MonoMethod.Invoke (System.Object obj, System.Reflection.BindingFlags invokeAttr, System.Reflection.Binder binder, System.Object[] parameters, System.Globalization.CultureInfo culture) [0x00048] in <695d1cc93cca45069c528c15c9fdd749>:0 
  at System.Reflection.MethodBase.Invoke (System.Object obj, System.Object[] parameters) [0x00000] in <695d1cc93cca45069c528c15c9fdd749>:0 
  at UnityEditor.EditorAssemblies.ProcessInitializeOnLoadMethodAttributes () [0x00047] in <ef3b6bf002d8435a97b4e938f6c49b02>:0 
UnityEngine.StackTraceUtility:ExtractStackTrace ()
UnityEngine.DebugLogHandler:LogFormat (UnityEngine.LogType,UnityEngine.Object,string,object[])
UnityEngine.Logger:Log (UnityEngine.LogType,object)
UnityEngine.Debug:LogError (object)
UnityEditor.EditorAssemblies:ProcessInitializeOnLoadMethodAttributes ()

Mono: successfully reloaded assembly
- Completed reload, in  2.165 seconds
Domain Reload Profiling:
	ReloadAssembly (2165ms)
		BeginReloadAssembly (204ms)
			ExecutionOrderSort (0ms)
			DisableScriptedObjects (6ms)
			BackupInstance (0ms)
			ReleaseScriptingObjects (0ms)
			CreateAndSetChildDomain (56ms)
		EndReloadAssembly (1848ms)
			LoadAssemblies (177ms)
			RebuildTransferFunctionScriptingTraits (0ms)
			SetupTypeCache (470ms)
			ReleaseScriptCaches (1ms)
			RebuildScriptCaches (68ms)
			SetupLoadedEditorAssemblies (982ms)
				LogAssemblyErrors (0ms)
				InitializePlatformSupportModulesInManaged (6ms)
				SetLoadedEditorAssemblies (1ms)
				RefreshPlugins (2ms)
				BeforeProcessingInitializeOnLoad (161ms)
				ProcessInitializeOnLoadAttributes (781ms)
				ProcessInitializeOnLoadMethodAttributes (22ms)
				AfterProcessingInitializeOnLoad (9ms)
				EditorAssembliesLoaded (0ms)
			ExecutionOrderSort2 (0ms)
			AwakeInstancesAfterBackupRestoration (13ms)
Platform modules already initialized, skipping
Refreshing native plugins compatible for Editor in 1.02 ms, found 16 plugins.
Preloading 2 native plugins for Editor in 0.19 ms.
Unloading 2358 Unused Serialized files (Serialized files now loaded: 0)
System memory in use before: 127.2 MB.
System memory in use after: 127.4 MB.

Unloading 62 unused Assets to reduce memory usage. Loaded Objects now: 3047.
Total: 4.030900 ms (FindLiveObjects: 0.287700 ms CreateObjectMapping: 0.128500 ms MarkObjects: 3.564300 ms  DeleteObjects: 0.048800 ms)

AssetImportParameters requested are different than current active one (requested -> active):
  custom:framework-win-MediaFoundation: 216162199b28c13a410421893ffa2e32 -> 
  custom:video-decoder-ogg-theora: a1e56fd34408186e4bbccfd4996cb3dc -> 
  custom:container-muxer-webm: aa71ff27fc2769a1b78a27578f13a17b -> 
  custom:container-demuxer-webm: 4f35f7cbe854078d1ac9338744f61a02 -> 
  custom:container-demuxer-ogg: 62fdf1f143b41e24485cea50d1cbac27 -> 
  custom:video-encoder-webm-vp8: eb34c28f22e8b96e1ab97ce403110664 -> 
  custom:video-codec-MediaFoundation-h265: 746d11721c4dcdbdad8f713fa42b33f4 -> 
  custom:video-decoder-webm-vp8: 9c59270c3fd7afecdb556c50c9e8de78 -> 
  custom:audio-decoder-ogg-vorbis: bf7c407c2cedff20999df2af8eb42d56 -> 
  custom:audio-encoder-webm-vorbis: bf7c407c2cedff20999df2af8eb42d56 -> 
========================================================================
Received Prepare
Registering precompiled user dll's ...
Registered in 0.198734 seconds.
Begin MonoManager ReloadAssembly
Native extension for WindowsStandalone target not found
Refreshing native plugins compatible for Editor in 10.20 ms, found 16 plugins.
Preloading 2 native plugins for Editor in 0.27 ms.
System.Reflection.TargetInvocationException: Exception has been thrown by the target of an invocation. ---> System.NullReferenceException: Object reference not set to an instance of an object
  at Unity.XR.Oculus.OculusLoader.AssetPathToAbsolutePath (System.String assetPath) [0x00048] in C:\Users\erlen\Documents\Github\Crystallographic-Reality\Crystallographic Reality\Library\PackageCache\com.unity.xr.oculus@1.9.1\Runtime\OculusLoader.cs:249 
  at Unity.XR.Oculus.OculusLoader.EditorLoadOVRPlugin () [0x0007b] in C:\Users\erlen\Documents\Github\Crystallographic-Reality\Crystallographic Reality\Library\PackageCache\com.unity.xr.oculus@1.9.1\Runtime\OculusLoader.cs:234 
  at (wrapper managed-to-native) System.Reflection.MonoMethod.InternalInvoke(System.Reflection.MonoMethod,object,object[],System.Exception&)
  at System.Reflection.MonoMethod.Invoke (System.Object obj, System.Reflection.BindingFlags invokeAttr, System.Reflection.Binder binder, System.Object[] parameters, System.Globalization.CultureInfo culture) [0x00032] in <695d1cc93cca45069c528c15c9fdd749>:0 
   --- End of inner exception stack trace ---
  at System.Reflection.MonoMethod.Invoke (System.Object obj, System.Reflection.BindingFlags invokeAttr, System.Reflection.Binder binder, System.Object[] parameters, System.Globalization.CultureInfo culture) [0x00048] in <695d1cc93cca45069c528c15c9fdd749>:0 
  at System.Reflection.MethodBase.Invoke (System.Object obj, System.Object[] parameters) [0x00000] in <695d1cc93cca45069c528c15c9fdd749>:0 
  at UnityEditor.EditorAssemblies.ProcessInitializeOnLoadMethodAttributes () [0x00047] in <ef3b6bf002d8435a97b4e938f6c49b02>:0 
UnityEngine.StackTraceUtility:ExtractStackTrace ()
UnityEngine.DebugLogHandler:LogFormat (UnityEngine.LogType,UnityEngine.Object,string,object[])
UnityEngine.Logger:Log (UnityEngine.LogType,object)
UnityEngine.Debug:LogError (object)
UnityEditor.EditorAssemblies:ProcessInitializeOnLoadMethodAttributes ()

Mono: successfully reloaded assembly
- Completed reload, in  5.438 seconds
Domain Reload Profiling:
	ReloadAssembly (5443ms)
		BeginReloadAssembly (863ms)
			ExecutionOrderSort (0ms)
			DisableScriptedObjects (118ms)
			BackupInstance (0ms)
			ReleaseScriptingObjects (0ms)
			CreateAndSetChildDomain (388ms)
		EndReloadAssembly (4193ms)
			LoadAssemblies (635ms)
			RebuildTransferFunctionScriptingTraits (0ms)
			SetupTypeCache (1144ms)
			ReleaseScriptCaches (7ms)
			RebuildScriptCaches (211ms)
			SetupLoadedEditorAssemblies (1733ms)
				LogAssemblyErrors (0ms)
				InitializePlatformSupportModulesInManaged (65ms)
				SetLoadedEditorAssemblies (2ms)
				RefreshPlugins (11ms)
				BeforeProcessingInitializeOnLoad (236ms)
				ProcessInitializeOnLoadAttributes (1387ms)
				ProcessInitializeOnLoadMethodAttributes (24ms)
				AfterProcessingInitializeOnLoad (9ms)
				EditorAssembliesLoaded (0ms)
			ExecutionOrderSort2 (0ms)
			AwakeInstancesAfterBackupRestoration (26ms)
Platform modules already initialized, skipping
Refreshing native plugins compatible for Editor in 1.00 ms, found 16 plugins.
Preloading 2 native plugins for Editor in 0.18 ms.
Unloading 2357 Unused Serialized files (Serialized files now loaded: 0)
System memory in use before: 127.0 MB.
System memory in use after: 127.3 MB.

Unloading 32 unused Assets to reduce memory usage. Loaded Objects now: 3050.
Total: 6.604600 ms (FindLiveObjects: 0.283600 ms CreateObjectMapping: 0.125200 ms MarkObjects: 6.138700 ms  DeleteObjects: 0.055200 ms)

AssetImportParameters requested are different than current active one (requested -> active):
  custom:framework-win-MediaFoundation: 216162199b28c13a410421893ffa2e32 -> 
  custom:video-decoder-ogg-theora: a1e56fd34408186e4bbccfd4996cb3dc -> 
  custom:container-muxer-webm: aa71ff27fc2769a1b78a27578f13a17b -> 
  custom:container-demuxer-webm: 4f35f7cbe854078d1ac9338744f61a02 -> 
  custom:container-demuxer-ogg: 62fdf1f143b41e24485cea50d1cbac27 -> 
  custom:video-encoder-webm-vp8: eb34c28f22e8b96e1ab97ce403110664 -> 
  custom:video-codec-MediaFoundation-h265: 746d11721c4dcdbdad8f713fa42b33f4 -> 
  custom:video-decoder-webm-vp8: 9c59270c3fd7afecdb556c50c9e8de78 -> 
  custom:audio-decoder-ogg-vorbis: bf7c407c2cedff20999df2af8eb42d56 -> 
  custom:audio-encoder-webm-vorbis: bf7c407c2cedff20999df2af8eb42d56 -> 
========================================================================
Received Import Request.
  Time since last request: 1193.241454 seconds.
  path: Assets/Scenes/MainGameScene.unity
  artifactKey: Guid(9fc0d4010bbf28b4594072e72b8655ab) Importer(815301076,1909f56bfc062723c751e8b465ee728b)
Start importing Assets/Scenes/MainGameScene.unity using Guid(9fc0d4010bbf28b4594072e72b8655ab) Importer(815301076,1909f56bfc062723c751e8b465ee728b)  -> (artifact id: '685fd001448c4cb6094215b13115aeba') in 0.072114 seconds 
  Import took 0.087037 seconds .

========================================================================
Received Import Request.
  Time since last request: 1536.211225 seconds.
  path: Assets/Scripts/Player.cs
  artifactKey: Guid(287413d1c10c4f44b81aedc7bbf83a19) Importer(815301076,1909f56bfc062723c751e8b465ee728b)
Start importing Assets/Scripts/Player.cs using Guid(287413d1c10c4f44b81aedc7bbf83a19) Importer(815301076,1909f56bfc062723c751e8b465ee728b)  -> (artifact id: '05f583997ebda30c0d7724ffd24fdd65') in 0.066093 seconds 
  Import took 0.099708 seconds .

========================================================================
Received Prepare
Registering precompiled user dll's ...
Registered in 0.069034 seconds.
Begin MonoManager ReloadAssembly
Native extension for WindowsStandalone target not found
Refreshing native plugins compatible for Editor in 1.21 ms, found 16 plugins.
Preloading 2 native plugins for Editor in 0.19 ms.
System.Reflection.TargetInvocationException: Exception has been thrown by the target of an invocation. ---> System.NullReferenceException: Object reference not set to an instance of an object
  at Unity.XR.Oculus.OculusLoader.AssetPathToAbsolutePath (System.String assetPath) [0x00048] in C:\Users\erlen\Documents\Github\Crystallographic-Reality\Crystallographic Reality\Library\PackageCache\com.unity.xr.oculus@1.9.1\Runtime\OculusLoader.cs:249 
  at Unity.XR.Oculus.OculusLoader.EditorLoadOVRPlugin () [0x0007b] in C:\Users\erlen\Documents\Github\Crystallographic-Reality\Crystallographic Reality\Library\PackageCache\com.unity.xr.oculus@1.9.1\Runtime\OculusLoader.cs:234 
  at (wrapper managed-to-native) System.Reflection.MonoMethod.InternalInvoke(System.Reflection.MonoMethod,object,object[],System.Exception&)
  at System.Reflection.MonoMethod.Invoke (System.Object obj, System.Reflection.BindingFlags invokeAttr, System.Reflection.Binder binder, System.Object[] parameters, System.Globalization.CultureInfo culture) [0x00032] in <695d1cc93cca45069c528c15c9fdd749>:0 
   --- End of inner exception stack trace ---
  at System.Reflection.MonoMethod.Invoke (System.Object obj, System.Reflection.BindingFlags invokeAttr, System.Reflection.Binder binder, System.Object[] parameters, System.Globalization.CultureInfo culture) [0x00048] in <695d1cc93cca45069c528c15c9fdd749>:0 
  at System.Reflection.MethodBase.Invoke (System.Object obj, System.Object[] parameters) [0x00000] in <695d1cc93cca45069c528c15c9fdd749>:0 
  at UnityEditor.EditorAssemblies.ProcessInitializeOnLoadMethodAttributes () [0x00047] in <ef3b6bf002d8435a97b4e938f6c49b02>:0 
UnityEngine.StackTraceUtility:ExtractStackTrace ()
UnityEngine.DebugLogHandler:LogFormat (UnityEngine.LogType,UnityEngine.Object,string,object[])
UnityEngine.Logger:Log (UnityEngine.LogType,object)
UnityEngine.Debug:LogError (object)
UnityEditor.EditorAssemblies:ProcessInitializeOnLoadMethodAttributes ()

Mono: successfully reloaded assembly
- Completed reload, in  2.083 seconds
Domain Reload Profiling:
	ReloadAssembly (2088ms)
		BeginReloadAssembly (330ms)
			ExecutionOrderSort (0ms)
			DisableScriptedObjects (19ms)
			BackupInstance (0ms)
			ReleaseScriptingObjects (0ms)
			CreateAndSetChildDomain (159ms)
		EndReloadAssembly (1658ms)
			LoadAssemblies (175ms)
			RebuildTransferFunctionScriptingTraits (0ms)
			SetupTypeCache (459ms)
			ReleaseScriptCaches (2ms)
			RebuildScriptCaches (52ms)
			SetupLoadedEditorAssemblies (791ms)
				LogAssemblyErrors (0ms)
				InitializePlatformSupportModulesInManaged (6ms)
				SetLoadedEditorAssemblies (1ms)
				RefreshPlugins (1ms)
				BeforeProcessingInitializeOnLoad (132ms)
				ProcessInitializeOnLoadAttributes (609ms)
				ProcessInitializeOnLoadMethodAttributes (32ms)
				AfterProcessingInitializeOnLoad (10ms)
				EditorAssembliesLoaded (0ms)
			ExecutionOrderSort2 (0ms)
			AwakeInstancesAfterBackupRestoration (9ms)
Platform modules already initialized, skipping
Refreshing native plugins compatible for Editor in 1.19 ms, found 16 plugins.
Preloading 2 native plugins for Editor in 0.19 ms.
Unloading 2358 Unused Serialized files (Serialized files now loaded: 0)
System memory in use before: 127.1 MB.
System memory in use after: 127.3 MB.

Unloading 32 unused Assets to reduce memory usage. Loaded Objects now: 3054.
Total: 5.015900 ms (FindLiveObjects: 0.277700 ms CreateObjectMapping: 0.119100 ms MarkObjects: 4.559700 ms  DeleteObjects: 0.057700 ms)

AssetImportParameters requested are different than current active one (requested -> active):
  custom:framework-win-MediaFoundation: 216162199b28c13a410421893ffa2e32 -> 
  custom:video-decoder-ogg-theora: a1e56fd34408186e4bbccfd4996cb3dc -> 
  custom:container-muxer-webm: aa71ff27fc2769a1b78a27578f13a17b -> 
  custom:container-demuxer-webm: 4f35f7cbe854078d1ac9338744f61a02 -> 
  custom:container-demuxer-ogg: 62fdf1f143b41e24485cea50d1cbac27 -> 
  custom:video-encoder-webm-vp8: eb34c28f22e8b96e1ab97ce403110664 -> 
  custom:video-codec-MediaFoundation-h265: 746d11721c4dcdbdad8f713fa42b33f4 -> 
  custom:video-decoder-webm-vp8: 9c59270c3fd7afecdb556c50c9e8de78 -> 
  custom:audio-decoder-ogg-vorbis: bf7c407c2cedff20999df2af8eb42d56 -> 
  custom:audio-encoder-webm-vorbis: bf7c407c2cedff20999df2af8eb42d56 -> 
========================================================================
Received Import Request.
  Time since last request: 66.130077 seconds.
  path: Assets/Scripts/Player.cs
  artifactKey: Guid(287413d1c10c4f44b81aedc7bbf83a19) Importer(815301076,1909f56bfc062723c751e8b465ee728b)
Start importing Assets/Scripts/Player.cs using Guid(287413d1c10c4f44b81aedc7bbf83a19) Importer(815301076,1909f56bfc062723c751e8b465ee728b)  -> (artifact id: '204134d202082b8a626a0108bbc8456d') in 0.034669 seconds 
  Import took 0.051439 seconds .

========================================================================
Received Import Request.
  Time since last request: 0.087067 seconds.
  path: Assets/Scripts/Player.cs
  artifactKey: Guid(287413d1c10c4f44b81aedc7bbf83a19) Importer(815301076,1909f56bfc062723c751e8b465ee728b)
Start importing Assets/Scripts/Player.cs using Guid(287413d1c10c4f44b81aedc7bbf83a19) Importer(815301076,1909f56bfc062723c751e8b465ee728b)  -> (artifact id: '204134d202082b8a626a0108bbc8456d') in 0.043077 seconds 
  Import took 0.055549 seconds .

========================================================================
Received Prepare
Registering precompiled user dll's ...
Registered in 0.023991 seconds.
Begin MonoManager ReloadAssembly
Native extension for WindowsStandalone target not found
Refreshing native plugins compatible for Editor in 1.28 ms, found 16 plugins.
Preloading 2 native plugins for Editor in 0.19 ms.
System.Reflection.TargetInvocationException: Exception has been thrown by the target of an invocation. ---> System.NullReferenceException: Object reference not set to an instance of an object
  at Unity.XR.Oculus.OculusLoader.AssetPathToAbsolutePath (System.String assetPath) [0x00048] in C:\Users\erlen\Documents\Github\Crystallographic-Reality\Crystallographic Reality\Library\PackageCache\com.unity.xr.oculus@1.9.1\Runtime\OculusLoader.cs:249 
  at Unity.XR.Oculus.OculusLoader.EditorLoadOVRPlugin () [0x0007b] in C:\Users\erlen\Documents\Github\Crystallographic-Reality\Crystallographic Reality\Library\PackageCache\com.unity.xr.oculus@1.9.1\Runtime\OculusLoader.cs:234 
  at (wrapper managed-to-native) System.Reflection.MonoMethod.InternalInvoke(System.Reflection.MonoMethod,object,object[],System.Exception&)
  at System.Reflection.MonoMethod.Invoke (System.Object obj, System.Reflection.BindingFlags invokeAttr, System.Reflection.Binder binder, System.Object[] parameters, System.Globalization.CultureInfo culture) [0x00032] in <695d1cc93cca45069c528c15c9fdd749>:0 
   --- End of inner exception stack trace ---
  at System.Reflection.MonoMethod.Invoke (System.Object obj, System.Reflection.BindingFlags invokeAttr, System.Reflection.Binder binder, System.Object[] parameters, System.Globalization.CultureInfo culture) [0x00048] in <695d1cc93cca45069c528c15c9fdd749>:0 
  at System.Reflection.MethodBase.Invoke (System.Object obj, System.Object[] parameters) [0x00000] in <695d1cc93cca45069c528c15c9fdd749>:0 
  at UnityEditor.EditorAssemblies.ProcessInitializeOnLoadMethodAttributes () [0x00047] in <ef3b6bf002d8435a97b4e938f6c49b02>:0 
UnityEngine.StackTraceUtility:ExtractStackTrace ()
UnityEngine.DebugLogHandler:LogFormat (UnityEngine.LogType,UnityEngine.Object,string,object[])
UnityEngine.Logger:Log (UnityEngine.LogType,object)
UnityEngine.Debug:LogError (object)
UnityEditor.EditorAssemblies:ProcessInitializeOnLoadMethodAttributes ()

Mono: successfully reloaded assembly
- Completed reload, in  1.909 seconds
Domain Reload Profiling:
	ReloadAssembly (1909ms)
		BeginReloadAssembly (189ms)
			ExecutionOrderSort (0ms)
			DisableScriptedObjects (11ms)
			BackupInstance (0ms)
			ReleaseScriptingObjects (0ms)
			CreateAndSetChildDomain (50ms)
		EndReloadAssembly (1608ms)
			LoadAssemblies (159ms)
			RebuildTransferFunctionScriptingTraits (0ms)
			SetupTypeCache (447ms)
			ReleaseScriptCaches (1ms)
			RebuildScriptCaches (52ms)
			SetupLoadedEditorAssemblies (809ms)
				LogAssemblyErrors (0ms)
				InitializePlatformSupportModulesInManaged (6ms)
				SetLoadedEditorAssemblies (1ms)
				RefreshPlugins (2ms)
				BeforeProcessingInitializeOnLoad (133ms)
				ProcessInitializeOnLoadAttributes (626ms)
				ProcessInitializeOnLoadMethodAttributes (32ms)
				AfterProcessingInitializeOnLoad (9ms)
				EditorAssembliesLoaded (0ms)
			ExecutionOrderSort2 (0ms)
			AwakeInstancesAfterBackupRestoration (9ms)
Platform modules already initialized, skipping
Refreshing native plugins compatible for Editor in 1.00 ms, found 16 plugins.
Preloading 2 native plugins for Editor in 0.18 ms.
Unloading 2358 Unused Serialized files (Serialized files now loaded: 0)
System memory in use before: 127.1 MB.
System memory in use after: 127.3 MB.

Unloading 32 unused Assets to reduce memory usage. Loaded Objects now: 3057.
Total: 38.322900 ms (FindLiveObjects: 0.884500 ms CreateObjectMapping: 0.223500 ms MarkObjects: 37.178900 ms  DeleteObjects: 0.034100 ms)

AssetImportParameters requested are different than current active one (requested -> active):
  custom:framework-win-MediaFoundation: 216162199b28c13a410421893ffa2e32 -> 
  custom:video-decoder-ogg-theora: a1e56fd34408186e4bbccfd4996cb3dc -> 
  custom:container-muxer-webm: aa71ff27fc2769a1b78a27578f13a17b -> 
  custom:container-demuxer-webm: 4f35f7cbe854078d1ac9338744f61a02 -> 
  custom:container-demuxer-ogg: 62fdf1f143b41e24485cea50d1cbac27 -> 
  custom:video-encoder-webm-vp8: eb34c28f22e8b96e1ab97ce403110664 -> 
  custom:video-codec-MediaFoundation-h265: 746d11721c4dcdbdad8f713fa42b33f4 -> 
  custom:video-decoder-webm-vp8: 9c59270c3fd7afecdb556c50c9e8de78 -> 
  custom:audio-decoder-ogg-vorbis: bf7c407c2cedff20999df2af8eb42d56 -> 
  custom:audio-encoder-webm-vorbis: bf7c407c2cedff20999df2af8eb42d56 -> 
========================================================================
Received Import Request.
  Time since last request: 30.639155 seconds.
  path: Assets/Scripts/Player.cs
  artifactKey: Guid(287413d1c10c4f44b81aedc7bbf83a19) Importer(815301076,1909f56bfc062723c751e8b465ee728b)
Start importing Assets/Scripts/Player.cs using Guid(287413d1c10c4f44b81aedc7bbf83a19) Importer(815301076,1909f56bfc062723c751e8b465ee728b)  -> (artifact id: 'ca70cd73590eb6c85b325e5326ce227e') in 0.021766 seconds 
  Import took 0.030250 seconds .

========================================================================
Received Import Request.
  Time since last request: 0.094565 seconds.
  path: Assets/Scripts/Player.cs
  artifactKey: Guid(287413d1c10c4f44b81aedc7bbf83a19) Importer(815301076,1909f56bfc062723c751e8b465ee728b)
Start importing Assets/Scripts/Player.cs using Guid(287413d1c10c4f44b81aedc7bbf83a19) Importer(815301076,1909f56bfc062723c751e8b465ee728b)  -> (artifact id: 'ca70cd73590eb6c85b325e5326ce227e') in 0.035191 seconds 
  Import took 0.054604 seconds .

========================================================================
Received Prepare
Registering precompiled user dll's ...
Registered in 0.040691 seconds.
Begin MonoManager ReloadAssembly
Native extension for WindowsStandalone target not found
Refreshing native plugins compatible for Editor in 0.99 ms, found 16 plugins.
Preloading 2 native plugins for Editor in 0.19 ms.
System.Reflection.TargetInvocationException: Exception has been thrown by the target of an invocation. ---> System.NullReferenceException: Object reference not set to an instance of an object
  at Unity.XR.Oculus.OculusLoader.AssetPathToAbsolutePath (System.String assetPath) [0x00048] in C:\Users\erlen\Documents\Github\Crystallographic-Reality\Crystallographic Reality\Library\PackageCache\com.unity.xr.oculus@1.9.1\Runtime\OculusLoader.cs:249 
  at Unity.XR.Oculus.OculusLoader.EditorLoadOVRPlugin () [0x0007b] in C:\Users\erlen\Documents\Github\Crystallographic-Reality\Crystallographic Reality\Library\PackageCache\com.unity.xr.oculus@1.9.1\Runtime\OculusLoader.cs:234 
  at (wrapper managed-to-native) System.Reflection.MonoMethod.InternalInvoke(System.Reflection.MonoMethod,object,object[],System.Exception&)
  at System.Reflection.MonoMethod.Invoke (System.Object obj, System.Reflection.BindingFlags invokeAttr, System.Reflection.Binder binder, System.Object[] parameters, System.Globalization.CultureInfo culture) [0x00032] in <695d1cc93cca45069c528c15c9fdd749>:0 
   --- End of inner exception stack trace ---
  at System.Reflection.MonoMethod.Invoke (System.Object obj, System.Reflection.BindingFlags invokeAttr, System.Reflection.Binder binder, System.Object[] parameters, System.Globalization.CultureInfo culture) [0x00048] in <695d1cc93cca45069c528c15c9fdd749>:0 
  at System.Reflection.MethodBase.Invoke (System.Object obj, System.Object[] parameters) [0x00000] in <695d1cc93cca45069c528c15c9fdd749>:0 
  at UnityEditor.EditorAssemblies.ProcessInitializeOnLoadMethodAttributes () [0x00047] in <ef3b6bf002d8435a97b4e938f6c49b02>:0 
UnityEngine.StackTraceUtility:ExtractStackTrace ()
UnityEngine.DebugLogHandler:LogFormat (UnityEngine.LogType,UnityEngine.Object,string,object[])
UnityEngine.Logger:Log (UnityEngine.LogType,object)
UnityEngine.Debug:LogError (object)
UnityEditor.EditorAssemblies:ProcessInitializeOnLoadMethodAttributes ()

Mono: successfully reloaded assembly
- Completed reload, in  2.435 seconds
Domain Reload Profiling:
	ReloadAssembly (2436ms)
		BeginReloadAssembly (369ms)
			ExecutionOrderSort (0ms)
			DisableScriptedObjects (6ms)
			BackupInstance (0ms)
			ReleaseScriptingObjects (0ms)
			CreateAndSetChildDomain (79ms)
		EndReloadAssembly (1966ms)
			LoadAssemblies (307ms)
			RebuildTransferFunctionScriptingTraits (0ms)
			SetupTypeCache (763ms)
			ReleaseScriptCaches (1ms)
			RebuildScriptCaches (73ms)
			SetupLoadedEditorAssemblies (808ms)
				LogAssemblyErrors (0ms)
				InitializePlatformSupportModulesInManaged (5ms)
				SetLoadedEditorAssemblies (1ms)
				RefreshPlugins (1ms)
				BeforeProcessingInitializeOnLoad (146ms)
				ProcessInitializeOnLoadAttributes (625ms)
				ProcessInitializeOnLoadMethodAttributes (21ms)
				AfterProcessingInitializeOnLoad (9ms)
				EditorAssembliesLoaded (0ms)
			ExecutionOrderSort2 (0ms)
			AwakeInstancesAfterBackupRestoration (8ms)
Platform modules already initialized, skipping
Refreshing native plugins compatible for Editor in 1.12 ms, found 16 plugins.
Preloading 2 native plugins for Editor in 0.21 ms.
Unloading 2358 Unused Serialized files (Serialized files now loaded: 0)
System memory in use before: 127.0 MB.
System memory in use after: 127.2 MB.

Unloading 32 unused Assets to reduce memory usage. Loaded Objects now: 3060.
Total: 4.198500 ms (FindLiveObjects: 0.291900 ms CreateObjectMapping: 0.187900 ms MarkObjects: 3.688900 ms  DeleteObjects: 0.028600 ms)

AssetImportParameters requested are different than current active one (requested -> active):
  custom:framework-win-MediaFoundation: 216162199b28c13a410421893ffa2e32 -> 
  custom:video-decoder-ogg-theora: a1e56fd34408186e4bbccfd4996cb3dc -> 
  custom:container-muxer-webm: aa71ff27fc2769a1b78a27578f13a17b -> 
  custom:container-demuxer-webm: 4f35f7cbe854078d1ac9338744f61a02 -> 
  custom:container-demuxer-ogg: 62fdf1f143b41e24485cea50d1cbac27 -> 
  custom:video-encoder-webm-vp8: eb34c28f22e8b96e1ab97ce403110664 -> 
  custom:video-codec-MediaFoundation-h265: 746d11721c4dcdbdad8f713fa42b33f4 -> 
  custom:video-decoder-webm-vp8: 9c59270c3fd7afecdb556c50c9e8de78 -> 
  custom:audio-decoder-ogg-vorbis: bf7c407c2cedff20999df2af8eb42d56 -> 
  custom:audio-encoder-webm-vorbis: bf7c407c2cedff20999df2af8eb42d56 -> 
========================================================================
Received Import Request.
  Time since last request: 48.442447 seconds.
  path: Assets/Scripts/Player.cs
  artifactKey: Guid(287413d1c10c4f44b81aedc7bbf83a19) Importer(815301076,1909f56bfc062723c751e8b465ee728b)
Start importing Assets/Scripts/Player.cs using Guid(287413d1c10c4f44b81aedc7bbf83a19) Importer(815301076,1909f56bfc062723c751e8b465ee728b)  -> (artifact id: 'c1b333899e6ed465002cf8865504df9f') in 0.022962 seconds 
  Import took 0.045962 seconds .

========================================================================
Received Import Request.
  Time since last request: 0.094469 seconds.
  path: Assets/Scripts/Player.cs
  artifactKey: Guid(287413d1c10c4f44b81aedc7bbf83a19) Importer(815301076,1909f56bfc062723c751e8b465ee728b)
Start importing Assets/Scripts/Player.cs using Guid(287413d1c10c4f44b81aedc7bbf83a19) Importer(815301076,1909f56bfc062723c751e8b465ee728b)  -> (artifact id: 'c1b333899e6ed465002cf8865504df9f') in 0.075967 seconds 
  Import took 0.084535 seconds .

========================================================================
Received Import Request.
  Time since last request: 9.789169 seconds.
  path: Assets/Scripts/Player.cs
  artifactKey: Guid(287413d1c10c4f44b81aedc7bbf83a19) Importer(815301076,1909f56bfc062723c751e8b465ee728b)
Start importing Assets/Scripts/Player.cs using Guid(287413d1c10c4f44b81aedc7bbf83a19) Importer(815301076,1909f56bfc062723c751e8b465ee728b)  -> (artifact id: 'e4dc583f6873d785d41aa4c889c8eb35') in 0.006932 seconds 
  Import took 0.016849 seconds .

========================================================================
Received Import Request.
  Time since last request: 9.586915 seconds.
  path: Assets/Scripts/Player.cs
  artifactKey: Guid(287413d1c10c4f44b81aedc7bbf83a19) Importer(815301076,1909f56bfc062723c751e8b465ee728b)
Start importing Assets/Scripts/Player.cs using Guid(287413d1c10c4f44b81aedc7bbf83a19) Importer(815301076,1909f56bfc062723c751e8b465ee728b)  -> (artifact id: '14acf49d1aa9f6e2d2a627d0b4a38551') in 0.013569 seconds 
  Import took 0.023768 seconds .

========================================================================
Received Prepare
Registering precompiled user dll's ...
Registered in 0.026910 seconds.
Begin MonoManager ReloadAssembly
Native extension for WindowsStandalone target not found
Refreshing native plugins compatible for Editor in 1.07 ms, found 16 plugins.
Preloading 2 native plugins for Editor in 0.19 ms.
System.Reflection.TargetInvocationException: Exception has been thrown by the target of an invocation. ---> System.NullReferenceException: Object reference not set to an instance of an object
  at Unity.XR.Oculus.OculusLoader.AssetPathToAbsolutePath (System.String assetPath) [0x00048] in C:\Users\erlen\Documents\Github\Crystallographic-Reality\Crystallographic Reality\Library\PackageCache\com.unity.xr.oculus@1.9.1\Runtime\OculusLoader.cs:249 
  at Unity.XR.Oculus.OculusLoader.EditorLoadOVRPlugin () [0x0007b] in C:\Users\erlen\Documents\Github\Crystallographic-Reality\Crystallographic Reality\Library\PackageCache\com.unity.xr.oculus@1.9.1\Runtime\OculusLoader.cs:234 
  at (wrapper managed-to-native) System.Reflection.MonoMethod.InternalInvoke(System.Reflection.MonoMethod,object,object[],System.Exception&)
  at System.Reflection.MonoMethod.Invoke (System.Object obj, System.Reflection.BindingFlags invokeAttr, System.Reflection.Binder binder, System.Object[] parameters, System.Globalization.CultureInfo culture) [0x00032] in <695d1cc93cca45069c528c15c9fdd749>:0 
   --- End of inner exception stack trace ---
  at System.Reflection.MonoMethod.Invoke (System.Object obj, System.Reflection.BindingFlags invokeAttr, System.Reflection.Binder binder, System.Object[] parameters, System.Globalization.CultureInfo culture) [0x00048] in <695d1cc93cca45069c528c15c9fdd749>:0 
  at System.Reflection.MethodBase.Invoke (System.Object obj, System.Object[] parameters) [0x00000] in <695d1cc93cca45069c528c15c9fdd749>:0 
  at UnityEditor.EditorAssemblies.ProcessInitializeOnLoadMethodAttributes () [0x00047] in <ef3b6bf002d8435a97b4e938f6c49b02>:0 
UnityEngine.StackTraceUtility:ExtractStackTrace ()
UnityEngine.DebugLogHandler:LogFormat (UnityEngine.LogType,UnityEngine.Object,string,object[])
UnityEngine.Logger:Log (UnityEngine.LogType,object)
UnityEngine.Debug:LogError (object)
UnityEditor.EditorAssemblies:ProcessInitializeOnLoadMethodAttributes ()

Mono: successfully reloaded assembly
- Completed reload, in  2.060 seconds
Domain Reload Profiling:
	ReloadAssembly (2060ms)
		BeginReloadAssembly (192ms)
			ExecutionOrderSort (0ms)
			DisableScriptedObjects (13ms)
			BackupInstance (0ms)
			ReleaseScriptingObjects (0ms)
			CreateAndSetChildDomain (48ms)
		EndReloadAssembly (1592ms)
			LoadAssemblies (223ms)
			RebuildTransferFunctionScriptingTraits (0ms)
			SetupTypeCache (450ms)
			ReleaseScriptCaches (1ms)
			RebuildScriptCaches (50ms)
			SetupLoadedEditorAssemblies (726ms)
				LogAssemblyErrors (0ms)
				InitializePlatformSupportModulesInManaged (5ms)
				SetLoadedEditorAssemblies (1ms)
				RefreshPlugins (1ms)
				BeforeProcessingInitializeOnLoad (123ms)
				ProcessInitializeOnLoadAttributes (556ms)
				ProcessInitializeOnLoadMethodAttributes (28ms)
				AfterProcessingInitializeOnLoad (11ms)
				EditorAssembliesLoaded (0ms)
			ExecutionOrderSort2 (0ms)
			AwakeInstancesAfterBackupRestoration (9ms)
Platform modules already initialized, skipping
Refreshing native plugins compatible for Editor in 1.07 ms, found 16 plugins.
Preloading 2 native plugins for Editor in 0.18 ms.
Unloading 2358 Unused Serialized files (Serialized files now loaded: 0)
System memory in use before: 127.1 MB.
System memory in use after: 127.3 MB.

Unloading 32 unused Assets to reduce memory usage. Loaded Objects now: 3063.
Total: 8.369200 ms (FindLiveObjects: 0.352400 ms CreateObjectMapping: 0.180200 ms MarkObjects: 7.800400 ms  DeleteObjects: 0.034000 ms)

AssetImportParameters requested are different than current active one (requested -> active):
  custom:framework-win-MediaFoundation: 216162199b28c13a410421893ffa2e32 -> 
  custom:video-decoder-ogg-theora: a1e56fd34408186e4bbccfd4996cb3dc -> 
  custom:container-muxer-webm: aa71ff27fc2769a1b78a27578f13a17b -> 
  custom:container-demuxer-webm: 4f35f7cbe854078d1ac9338744f61a02 -> 
  custom:container-demuxer-ogg: 62fdf1f143b41e24485cea50d1cbac27 -> 
  custom:video-encoder-webm-vp8: eb34c28f22e8b96e1ab97ce403110664 -> 
  custom:video-codec-MediaFoundation-h265: 746d11721c4dcdbdad8f713fa42b33f4 -> 
  custom:video-decoder-webm-vp8: 9c59270c3fd7afecdb556c50c9e8de78 -> 
  custom:audio-decoder-ogg-vorbis: bf7c407c2cedff20999df2af8eb42d56 -> 
  custom:audio-encoder-webm-vorbis: bf7c407c2cedff20999df2af8eb42d56 -> 
========================================================================
Received Import Request.
  Time since last request: 78.540032 seconds.
  path: Assets/Samples/XR Interaction Toolkit/1.0.0-pre.4/Default Input Actions/XRI Default Input Actions.inputactions
  artifactKey: Guid(c348712bda248c246b8c49b3db54643f) Importer(815301076,1909f56bfc062723c751e8b465ee728b)
Start importing Assets/Samples/XR Interaction Toolkit/1.0.0-pre.4/Default Input Actions/XRI Default Input Actions.inputactions using Guid(c348712bda248c246b8c49b3db54643f) Importer(815301076,1909f56bfc062723c751e8b465ee728b)  -> (artifact id: 'c577f86c6f38d16a91d358beb09d57c7') in 0.089221 seconds 
  Import took 0.098351 seconds .

========================================================================
Received Import Request.
  Time since last request: 0.000589 seconds.
  path: Assets/Samples/XR Interaction Toolkit/1.0.0-pre.4/Default Input Actions/XRI Default Input Actions.inputactions
  artifactKey: Guid(c348712bda248c246b8c49b3db54643f) Importer(815301076,1909f56bfc062723c751e8b465ee728b)
Start importing Assets/Samples/XR Interaction Toolkit/1.0.0-pre.4/Default Input Actions/XRI Default Input Actions.inputactions using Guid(c348712bda248c246b8c49b3db54643f) Importer(815301076,1909f56bfc062723c751e8b465ee728b)  -> (artifact id: 'c577f86c6f38d16a91d358beb09d57c7') in 0.065586 seconds 
  Import took 0.070605 seconds .

========================================================================
Received Prepare
Registering precompiled user dll's ...
Registered in 0.017752 seconds.
Begin MonoManager ReloadAssembly
Native extension for WindowsStandalone target not found
Refreshing native plugins compatible for Editor in 1.00 ms, found 16 plugins.
Preloading 2 native plugins for Editor in 0.18 ms.
System.Reflection.TargetInvocationException: Exception has been thrown by the target of an invocation. ---> System.NullReferenceException: Object reference not set to an instance of an object
  at Unity.XR.Oculus.OculusLoader.AssetPathToAbsolutePath (System.String assetPath) [0x00048] in C:\Users\erlen\Documents\Github\Crystallographic-Reality\Crystallographic Reality\Library\PackageCache\com.unity.xr.oculus@1.9.1\Runtime\OculusLoader.cs:249 
  at Unity.XR.Oculus.OculusLoader.EditorLoadOVRPlugin () [0x0007b] in C:\Users\erlen\Documents\Github\Crystallographic-Reality\Crystallographic Reality\Library\PackageCache\com.unity.xr.oculus@1.9.1\Runtime\OculusLoader.cs:234 
  at (wrapper managed-to-native) System.Reflection.MonoMethod.InternalInvoke(System.Reflection.MonoMethod,object,object[],System.Exception&)
  at System.Reflection.MonoMethod.Invoke (System.Object obj, System.Reflection.BindingFlags invokeAttr, System.Reflection.Binder binder, System.Object[] parameters, System.Globalization.CultureInfo culture) [0x00032] in <695d1cc93cca45069c528c15c9fdd749>:0 
   --- End of inner exception stack trace ---
  at System.Reflection.MonoMethod.Invoke (System.Object obj, System.Reflection.BindingFlags invokeAttr, System.Reflection.Binder binder, System.Object[] parameters, System.Globalization.CultureInfo culture) [0x00048] in <695d1cc93cca45069c528c15c9fdd749>:0 
  at System.Reflection.MethodBase.Invoke (System.Object obj, System.Object[] parameters) [0x00000] in <695d1cc93cca45069c528c15c9fdd749>:0 
  at UnityEditor.EditorAssemblies.ProcessInitializeOnLoadMethodAttributes () [0x00047] in <ef3b6bf002d8435a97b4e938f6c49b02>:0 
UnityEngine.StackTraceUtility:ExtractStackTrace ()
UnityEngine.DebugLogHandler:LogFormat (UnityEngine.LogType,UnityEngine.Object,string,object[])
UnityEngine.Logger:Log (UnityEngine.LogType,object)
UnityEngine.Debug:LogError (object)
UnityEditor.EditorAssemblies:ProcessInitializeOnLoadMethodAttributes ()

Mono: successfully reloaded assembly
- Completed reload, in  1.814 seconds
Domain Reload Profiling:
	ReloadAssembly (1815ms)
		BeginReloadAssembly (182ms)
			ExecutionOrderSort (0ms)
			DisableScriptedObjects (6ms)
			BackupInstance (0ms)
			ReleaseScriptingObjects (0ms)
			CreateAndSetChildDomain (49ms)
		EndReloadAssembly (1543ms)
			LoadAssemblies (184ms)
			RebuildTransferFunctionScriptingTraits (0ms)
			SetupTypeCache (426ms)
			ReleaseScriptCaches (1ms)
			RebuildScriptCaches (51ms)
			SetupLoadedEditorAssemblies (730ms)
				LogAssemblyErrors (0ms)
				InitializePlatformSupportModulesInManaged (5ms)
				SetLoadedEditorAssemblies (1ms)
				RefreshPlugins (1ms)
				BeforeProcessingInitializeOnLoad (123ms)
				ProcessInitializeOnLoadAttributes (567ms)
				ProcessInitializeOnLoadMethodAttributes (23ms)
				AfterProcessingInitializeOnLoad (10ms)
				EditorAssembliesLoaded (0ms)
			ExecutionOrderSort2 (0ms)
			AwakeInstancesAfterBackupRestoration (8ms)
Platform modules already initialized, skipping
Refreshing native plugins compatible for Editor in 1.03 ms, found 16 plugins.
Preloading 2 native plugins for Editor in 0.17 ms.
Unloading 2358 Unused Serialized files (Serialized files now loaded: 0)
System memory in use before: 127.1 MB.
System memory in use after: 127.3 MB.

Unloading 32 unused Assets to reduce memory usage. Loaded Objects now: 3066.
Total: 4.869900 ms (FindLiveObjects: 0.499200 ms CreateObjectMapping: 0.155300 ms MarkObjects: 4.159400 ms  DeleteObjects: 0.054400 ms)

AssetImportParameters requested are different than current active one (requested -> active):
  custom:framework-win-MediaFoundation: 216162199b28c13a410421893ffa2e32 -> 
  custom:video-decoder-ogg-theora: a1e56fd34408186e4bbccfd4996cb3dc -> 
  custom:container-muxer-webm: aa71ff27fc2769a1b78a27578f13a17b -> 
  custom:container-demuxer-webm: 4f35f7cbe854078d1ac9338744f61a02 -> 
  custom:container-demuxer-ogg: 62fdf1f143b41e24485cea50d1cbac27 -> 
  custom:video-encoder-webm-vp8: eb34c28f22e8b96e1ab97ce403110664 -> 
  custom:video-codec-MediaFoundation-h265: 746d11721c4dcdbdad8f713fa42b33f4 -> 
  custom:video-decoder-webm-vp8: 9c59270c3fd7afecdb556c50c9e8de78 -> 
  custom:audio-decoder-ogg-vorbis: bf7c407c2cedff20999df2af8eb42d56 -> 
  custom:audio-encoder-webm-vorbis: bf7c407c2cedff20999df2af8eb42d56 -> 
========================================================================
Received Prepare
Registering precompiled user dll's ...
Registered in 0.028376 seconds.
Begin MonoManager ReloadAssembly
Native extension for WindowsStandalone target not found
Refreshing native plugins compatible for Editor in 1.04 ms, found 16 plugins.
Preloading 2 native plugins for Editor in 0.19 ms.
System.Reflection.TargetInvocationException: Exception has been thrown by the target of an invocation. ---> System.NullReferenceException: Object reference not set to an instance of an object
  at Unity.XR.Oculus.OculusLoader.AssetPathToAbsolutePath (System.String assetPath) [0x00048] in C:\Users\erlen\Documents\Github\Crystallographic-Reality\Crystallographic Reality\Library\PackageCache\com.unity.xr.oculus@1.9.1\Runtime\OculusLoader.cs:249 
  at Unity.XR.Oculus.OculusLoader.EditorLoadOVRPlugin () [0x0007b] in C:\Users\erlen\Documents\Github\Crystallographic-Reality\Crystallographic Reality\Library\PackageCache\com.unity.xr.oculus@1.9.1\Runtime\OculusLoader.cs:234 
  at (wrapper managed-to-native) System.Reflection.MonoMethod.InternalInvoke(System.Reflection.MonoMethod,object,object[],System.Exception&)
  at System.Reflection.MonoMethod.Invoke (System.Object obj, System.Reflection.BindingFlags invokeAttr, System.Reflection.Binder binder, System.Object[] parameters, System.Globalization.CultureInfo culture) [0x00032] in <695d1cc93cca45069c528c15c9fdd749>:0 
   --- End of inner exception stack trace ---
  at System.Reflection.MonoMethod.Invoke (System.Object obj, System.Reflection.BindingFlags invokeAttr, System.Reflection.Binder binder, System.Object[] parameters, System.Globalization.CultureInfo culture) [0x00048] in <695d1cc93cca45069c528c15c9fdd749>:0 
  at System.Reflection.MethodBase.Invoke (System.Object obj, System.Object[] parameters) [0x00000] in <695d1cc93cca45069c528c15c9fdd749>:0 
  at UnityEditor.EditorAssemblies.ProcessInitializeOnLoadMethodAttributes () [0x00047] in <ef3b6bf002d8435a97b4e938f6c49b02>:0 
UnityEngine.StackTraceUtility:ExtractStackTrace ()
UnityEngine.DebugLogHandler:LogFormat (UnityEngine.LogType,UnityEngine.Object,string,object[])
UnityEngine.Logger:Log (UnityEngine.LogType,object)
UnityEngine.Debug:LogError (object)
UnityEditor.EditorAssemblies:ProcessInitializeOnLoadMethodAttributes ()

Mono: successfully reloaded assembly
- Completed reload, in  1.990 seconds
Domain Reload Profiling:
	ReloadAssembly (1991ms)
		BeginReloadAssembly (186ms)
			ExecutionOrderSort (0ms)
			DisableScriptedObjects (8ms)
			BackupInstance (0ms)
			ReleaseScriptingObjects (0ms)
			CreateAndSetChildDomain (56ms)
		EndReloadAssembly (1695ms)
			LoadAssemblies (164ms)
			RebuildTransferFunctionScriptingTraits (0ms)
			SetupTypeCache (444ms)
			ReleaseScriptCaches (1ms)
			RebuildScriptCaches (65ms)
			SetupLoadedEditorAssemblies (872ms)
				LogAssemblyErrors (0ms)
				InitializePlatformSupportModulesInManaged (5ms)
				SetLoadedEditorAssemblies (1ms)
				RefreshPlugins (1ms)
				BeforeProcessingInitializeOnLoad (125ms)
				ProcessInitializeOnLoadAttributes (706ms)
				ProcessInitializeOnLoadMethodAttributes (20ms)
				AfterProcessingInitializeOnLoad (14ms)
				EditorAssembliesLoaded (0ms)
			ExecutionOrderSort2 (0ms)
			AwakeInstancesAfterBackupRestoration (11ms)
Platform modules already initialized, skipping
Refreshing native plugins compatible for Editor in 0.97 ms, found 16 plugins.
Preloading 2 native plugins for Editor in 0.17 ms.
Unloading 2358 Unused Serialized files (Serialized files now loaded: 0)
System memory in use before: 127.1 MB.
System memory in use after: 127.4 MB.

Unloading 32 unused Assets to reduce memory usage. Loaded Objects now: 3069.
Total: 3.883700 ms (FindLiveObjects: 0.315700 ms CreateObjectMapping: 0.148300 ms MarkObjects: 3.388300 ms  DeleteObjects: 0.030100 ms)

AssetImportParameters requested are different than current active one (requested -> active):
  custom:framework-win-MediaFoundation: 216162199b28c13a410421893ffa2e32 -> 
  custom:video-decoder-ogg-theora: a1e56fd34408186e4bbccfd4996cb3dc -> 
  custom:container-muxer-webm: aa71ff27fc2769a1b78a27578f13a17b -> 
  custom:container-demuxer-webm: 4f35f7cbe854078d1ac9338744f61a02 -> 
  custom:container-demuxer-ogg: 62fdf1f143b41e24485cea50d1cbac27 -> 
  custom:video-encoder-webm-vp8: eb34c28f22e8b96e1ab97ce403110664 -> 
  custom:video-codec-MediaFoundation-h265: 746d11721c4dcdbdad8f713fa42b33f4 -> 
  custom:video-decoder-webm-vp8: 9c59270c3fd7afecdb556c50c9e8de78 -> 
  custom:audio-decoder-ogg-vorbis: bf7c407c2cedff20999df2af8eb42d56 -> 
  custom:audio-encoder-webm-vorbis: bf7c407c2cedff20999df2af8eb42d56 -> 
========================================================================
Received Import Request.
  Time since last request: 303.310482 seconds.
  path: Assets/Scripts/Player.cs
  artifactKey: Guid(287413d1c10c4f44b81aedc7bbf83a19) Importer(815301076,1909f56bfc062723c751e8b465ee728b)
Start importing Assets/Scripts/Player.cs using Guid(287413d1c10c4f44b81aedc7bbf83a19) Importer(815301076,1909f56bfc062723c751e8b465ee728b)  -> (artifact id: 'b9f71f8abb7212d0c9df227ace8587d5') in 0.022369 seconds 
  Import took 0.030912 seconds .

========================================================================
Received Import Request.
  Time since last request: 84.299147 seconds.
  path: Assets/Scripts/Player.cs
  artifactKey: Guid(287413d1c10c4f44b81aedc7bbf83a19) Importer(815301076,1909f56bfc062723c751e8b465ee728b)
Start importing Assets/Scripts/Player.cs using Guid(287413d1c10c4f44b81aedc7bbf83a19) Importer(815301076,1909f56bfc062723c751e8b465ee728b)  -> (artifact id: '44abc9d021ebadad53144a0c64597cb3') in 0.015886 seconds 
  Import took 0.026517 seconds .

========================================================================
Received Prepare
Registering precompiled user dll's ...
Registered in 0.015954 seconds.
Begin MonoManager ReloadAssembly
Native extension for WindowsStandalone target not found
Refreshing native plugins compatible for Editor in 0.88 ms, found 16 plugins.
Preloading 2 native plugins for Editor in 0.17 ms.
System.Reflection.TargetInvocationException: Exception has been thrown by the target of an invocation. ---> System.NullReferenceException: Object reference not set to an instance of an object
  at Unity.XR.Oculus.OculusLoader.AssetPathToAbsolutePath (System.String assetPath) [0x00048] in C:\Users\erlen\Documents\Github\Crystallographic-Reality\Crystallographic Reality\Library\PackageCache\com.unity.xr.oculus@1.9.1\Runtime\OculusLoader.cs:249 
  at Unity.XR.Oculus.OculusLoader.EditorLoadOVRPlugin () [0x0007b] in C:\Users\erlen\Documents\Github\Crystallographic-Reality\Crystallographic Reality\Library\PackageCache\com.unity.xr.oculus@1.9.1\Runtime\OculusLoader.cs:234 
  at (wrapper managed-to-native) System.Reflection.MonoMethod.InternalInvoke(System.Reflection.MonoMethod,object,object[],System.Exception&)
  at System.Reflection.MonoMethod.Invoke (System.Object obj, System.Reflection.BindingFlags invokeAttr, System.Reflection.Binder binder, System.Object[] parameters, System.Globalization.CultureInfo culture) [0x00032] in <695d1cc93cca45069c528c15c9fdd749>:0 
   --- End of inner exception stack trace ---
  at System.Reflection.MonoMethod.Invoke (System.Object obj, System.Reflection.BindingFlags invokeAttr, System.Reflection.Binder binder, System.Object[] parameters, System.Globalization.CultureInfo culture) [0x00048] in <695d1cc93cca45069c528c15c9fdd749>:0 
  at System.Reflection.MethodBase.Invoke (System.Object obj, System.Object[] parameters) [0x00000] in <695d1cc93cca45069c528c15c9fdd749>:0 
  at UnityEditor.EditorAssemblies.ProcessInitializeOnLoadMethodAttributes () [0x00047] in <ef3b6bf002d8435a97b4e938f6c49b02>:0 
UnityEngine.StackTraceUtility:ExtractStackTrace ()
UnityEngine.DebugLogHandler:LogFormat (UnityEngine.LogType,UnityEngine.Object,string,object[])
UnityEngine.Logger:Log (UnityEngine.LogType,object)
UnityEngine.Debug:LogError (object)
UnityEditor.EditorAssemblies:ProcessInitializeOnLoadMethodAttributes ()

Mono: successfully reloaded assembly
- Completed reload, in  1.706 seconds
Domain Reload Profiling:
	ReloadAssembly (1707ms)
		BeginReloadAssembly (185ms)
			ExecutionOrderSort (0ms)
			DisableScriptedObjects (7ms)
			BackupInstance (0ms)
			ReleaseScriptingObjects (0ms)
			CreateAndSetChildDomain (63ms)
		EndReloadAssembly (1406ms)
			LoadAssemblies (124ms)
			RebuildTransferFunctionScriptingTraits (0ms)
			SetupTypeCache (467ms)
			ReleaseScriptCaches (1ms)
			RebuildScriptCaches (52ms)
			SetupLoadedEditorAssemblies (633ms)
				LogAssemblyErrors (0ms)
				InitializePlatformSupportModulesInManaged (5ms)
				SetLoadedEditorAssemblies (1ms)
				RefreshPlugins (1ms)
				BeforeProcessingInitializeOnLoad (103ms)
				ProcessInitializeOnLoadAttributes (497ms)
				ProcessInitializeOnLoadMethodAttributes (18ms)
				AfterProcessingInitializeOnLoad (7ms)
				EditorAssembliesLoaded (0ms)
			ExecutionOrderSort2 (0ms)
			AwakeInstancesAfterBackupRestoration (7ms)
Platform modules already initialized, skipping
Refreshing native plugins compatible for Editor in 1.12 ms, found 16 plugins.
Preloading 2 native plugins for Editor in 0.22 ms.
Unloading 2358 Unused Serialized files (Serialized files now loaded: 0)
System memory in use before: 127.1 MB.
System memory in use after: 127.4 MB.

Unloading 32 unused Assets to reduce memory usage. Loaded Objects now: 3072.
Total: 6.917300 ms (FindLiveObjects: 0.307200 ms CreateObjectMapping: 0.131000 ms MarkObjects: 6.439100 ms  DeleteObjects: 0.037000 ms)

AssetImportParameters requested are different than current active one (requested -> active):
  custom:framework-win-MediaFoundation: 216162199b28c13a410421893ffa2e32 -> 
  custom:video-decoder-ogg-theora: a1e56fd34408186e4bbccfd4996cb3dc -> 
  custom:container-muxer-webm: aa71ff27fc2769a1b78a27578f13a17b -> 
  custom:container-demuxer-webm: 4f35f7cbe854078d1ac9338744f61a02 -> 
  custom:container-demuxer-ogg: 62fdf1f143b41e24485cea50d1cbac27 -> 
  custom:video-encoder-webm-vp8: eb34c28f22e8b96e1ab97ce403110664 -> 
  custom:video-codec-MediaFoundation-h265: 746d11721c4dcdbdad8f713fa42b33f4 -> 
  custom:video-decoder-webm-vp8: 9c59270c3fd7afecdb556c50c9e8de78 -> 
  custom:audio-decoder-ogg-vorbis: bf7c407c2cedff20999df2af8eb42d56 -> 
  custom:audio-encoder-webm-vorbis: bf7c407c2cedff20999df2af8eb42d56 -> 
========================================================================
Received Prepare
Registering precompiled user dll's ...
Registered in 0.015905 seconds.
Begin MonoManager ReloadAssembly
Native extension for WindowsStandalone target not found
Refreshing native plugins compatible for Editor in 1.01 ms, found 16 plugins.
Preloading 2 native plugins for Editor in 0.18 ms.
System.Reflection.TargetInvocationException: Exception has been thrown by the target of an invocation. ---> System.NullReferenceException: Object reference not set to an instance of an object
  at Unity.XR.Oculus.OculusLoader.AssetPathToAbsolutePath (System.String assetPath) [0x00048] in C:\Users\erlen\Documents\Github\Crystallographic-Reality\Crystallographic Reality\Library\PackageCache\com.unity.xr.oculus@1.9.1\Runtime\OculusLoader.cs:249 
  at Unity.XR.Oculus.OculusLoader.EditorLoadOVRPlugin () [0x0007b] in C:\Users\erlen\Documents\Github\Crystallographic-Reality\Crystallographic Reality\Library\PackageCache\com.unity.xr.oculus@1.9.1\Runtime\OculusLoader.cs:234 
  at (wrapper managed-to-native) System.Reflection.MonoMethod.InternalInvoke(System.Reflection.MonoMethod,object,object[],System.Exception&)
  at System.Reflection.MonoMethod.Invoke (System.Object obj, System.Reflection.BindingFlags invokeAttr, System.Reflection.Binder binder, System.Object[] parameters, System.Globalization.CultureInfo culture) [0x00032] in <695d1cc93cca45069c528c15c9fdd749>:0 
   --- End of inner exception stack trace ---
  at System.Reflection.MonoMethod.Invoke (System.Object obj, System.Reflection.BindingFlags invokeAttr, System.Reflection.Binder binder, System.Object[] parameters, System.Globalization.CultureInfo culture) [0x00048] in <695d1cc93cca45069c528c15c9fdd749>:0 
  at System.Reflection.MethodBase.Invoke (System.Object obj, System.Object[] parameters) [0x00000] in <695d1cc93cca45069c528c15c9fdd749>:0 
  at UnityEditor.EditorAssemblies.ProcessInitializeOnLoadMethodAttributes () [0x00047] in <ef3b6bf002d8435a97b4e938f6c49b02>:0 
UnityEngine.StackTraceUtility:ExtractStackTrace ()
UnityEngine.DebugLogHandler:LogFormat (UnityEngine.LogType,UnityEngine.Object,string,object[])
UnityEngine.Logger:Log (UnityEngine.LogType,object)
UnityEngine.Debug:LogError (object)
UnityEditor.EditorAssemblies:ProcessInitializeOnLoadMethodAttributes ()

Mono: successfully reloaded assembly
- Completed reload, in  1.653 seconds
Domain Reload Profiling:
	ReloadAssembly (1654ms)
		BeginReloadAssembly (185ms)
			ExecutionOrderSort (0ms)
			DisableScriptedObjects (9ms)
			BackupInstance (0ms)
			ReleaseScriptingObjects (0ms)
			CreateAndSetChildDomain (64ms)
		EndReloadAssembly (1390ms)
			LoadAssemblies (124ms)
			RebuildTransferFunctionScriptingTraits (0ms)
			SetupTypeCache (403ms)
			ReleaseScriptCaches (1ms)
			RebuildScriptCaches (48ms)
			SetupLoadedEditorAssemblies (662ms)
				LogAssemblyErrors (0ms)
				InitializePlatformSupportModulesInManaged (5ms)
				SetLoadedEditorAssemblies (0ms)
				RefreshPlugins (1ms)
				BeforeProcessingInitializeOnLoad (110ms)
				ProcessInitializeOnLoadAttributes (518ms)
				ProcessInitializeOnLoadMethodAttributes (19ms)
				AfterProcessingInitializeOnLoad (8ms)
				EditorAssembliesLoaded (0ms)
			ExecutionOrderSort2 (0ms)
			AwakeInstancesAfterBackupRestoration (7ms)
Platform modules already initialized, skipping
Refreshing native plugins compatible for Editor in 1.01 ms, found 16 plugins.
Preloading 2 native plugins for Editor in 0.18 ms.
Unloading 2358 Unused Serialized files (Serialized files now loaded: 0)
System memory in use before: 127.1 MB.
System memory in use after: 127.3 MB.

Unloading 32 unused Assets to reduce memory usage. Loaded Objects now: 3075.
Total: 4.317000 ms (FindLiveObjects: 0.281700 ms CreateObjectMapping: 0.115900 ms MarkObjects: 3.877600 ms  DeleteObjects: 0.039800 ms)

AssetImportParameters requested are different than current active one (requested -> active):
  custom:framework-win-MediaFoundation: 216162199b28c13a410421893ffa2e32 -> 
  custom:video-decoder-ogg-theora: a1e56fd34408186e4bbccfd4996cb3dc -> 
  custom:container-muxer-webm: aa71ff27fc2769a1b78a27578f13a17b -> 
  custom:container-demuxer-webm: 4f35f7cbe854078d1ac9338744f61a02 -> 
  custom:container-demuxer-ogg: 62fdf1f143b41e24485cea50d1cbac27 -> 
  custom:video-encoder-webm-vp8: eb34c28f22e8b96e1ab97ce403110664 -> 
  custom:video-codec-MediaFoundation-h265: 746d11721c4dcdbdad8f713fa42b33f4 -> 
  custom:video-decoder-webm-vp8: 9c59270c3fd7afecdb556c50c9e8de78 -> 
  custom:audio-decoder-ogg-vorbis: bf7c407c2cedff20999df2af8eb42d56 -> 
  custom:audio-encoder-webm-vorbis: bf7c407c2cedff20999df2af8eb42d56 -> 
========================================================================
Received Prepare
Registering precompiled user dll's ...
Registered in 0.016155 seconds.
Begin MonoManager ReloadAssembly
Native extension for WindowsStandalone target not found
Refreshing native plugins compatible for Editor in 0.89 ms, found 16 plugins.
Preloading 2 native plugins for Editor in 0.17 ms.
System.Reflection.TargetInvocationException: Exception has been thrown by the target of an invocation. ---> System.NullReferenceException: Object reference not set to an instance of an object
  at Unity.XR.Oculus.OculusLoader.AssetPathToAbsolutePath (System.String assetPath) [0x00048] in C:\Users\erlen\Documents\Github\Crystallographic-Reality\Crystallographic Reality\Library\PackageCache\com.unity.xr.oculus@1.9.1\Runtime\OculusLoader.cs:249 
  at Unity.XR.Oculus.OculusLoader.EditorLoadOVRPlugin () [0x0007b] in C:\Users\erlen\Documents\Github\Crystallographic-Reality\Crystallographic Reality\Library\PackageCache\com.unity.xr.oculus@1.9.1\Runtime\OculusLoader.cs:234 
  at (wrapper managed-to-native) System.Reflection.MonoMethod.InternalInvoke(System.Reflection.MonoMethod,object,object[],System.Exception&)
  at System.Reflection.MonoMethod.Invoke (System.Object obj, System.Reflection.BindingFlags invokeAttr, System.Reflection.Binder binder, System.Object[] parameters, System.Globalization.CultureInfo culture) [0x00032] in <695d1cc93cca45069c528c15c9fdd749>:0 
   --- End of inner exception stack trace ---
  at System.Reflection.MonoMethod.Invoke (System.Object obj, System.Reflection.BindingFlags invokeAttr, System.Reflection.Binder binder, System.Object[] parameters, System.Globalization.CultureInfo culture) [0x00048] in <695d1cc93cca45069c528c15c9fdd749>:0 
  at System.Reflection.MethodBase.Invoke (System.Object obj, System.Object[] parameters) [0x00000] in <695d1cc93cca45069c528c15c9fdd749>:0 
  at UnityEditor.EditorAssemblies.ProcessInitializeOnLoadMethodAttributes () [0x00047] in <ef3b6bf002d8435a97b4e938f6c49b02>:0 
UnityEngine.StackTraceUtility:ExtractStackTrace ()
UnityEngine.DebugLogHandler:LogFormat (UnityEngine.LogType,UnityEngine.Object,string,object[])
UnityEngine.Logger:Log (UnityEngine.LogType,object)
UnityEngine.Debug:LogError (object)
UnityEditor.EditorAssemblies:ProcessInitializeOnLoadMethodAttributes ()

Mono: successfully reloaded assembly
- Completed reload, in  1.418 seconds
Domain Reload Profiling:
	ReloadAssembly (1418ms)
		BeginReloadAssembly (160ms)
			ExecutionOrderSort (0ms)
			DisableScriptedObjects (5ms)
			BackupInstance (0ms)
			ReleaseScriptingObjects (0ms)
			CreateAndSetChildDomain (51ms)
		EndReloadAssembly (1175ms)
			LoadAssemblies (113ms)
			RebuildTransferFunctionScriptingTraits (0ms)
			SetupTypeCache (334ms)
			ReleaseScriptCaches (1ms)
			RebuildScriptCaches (42ms)
			SetupLoadedEditorAssemblies (563ms)
				LogAssemblyErrors (0ms)
				InitializePlatformSupportModulesInManaged (4ms)
				SetLoadedEditorAssemblies (0ms)
				RefreshPlugins (1ms)
				BeforeProcessingInitializeOnLoad (91ms)
				ProcessInitializeOnLoadAttributes (440ms)
				ProcessInitializeOnLoadMethodAttributes (17ms)
				AfterProcessingInitializeOnLoad (8ms)
				EditorAssembliesLoaded (0ms)
			ExecutionOrderSort2 (0ms)
			AwakeInstancesAfterBackupRestoration (7ms)
Platform modules already initialized, skipping
Refreshing native plugins compatible for Editor in 0.92 ms, found 16 plugins.
Preloading 2 native plugins for Editor in 0.17 ms.
Unloading 2358 Unused Serialized files (Serialized files now loaded: 0)
System memory in use before: 127.2 MB.
System memory in use after: 127.4 MB.

Unloading 32 unused Assets to reduce memory usage. Loaded Objects now: 3078.
Total: 3.846700 ms (FindLiveObjects: 0.345900 ms CreateObjectMapping: 0.129200 ms MarkObjects: 3.313900 ms  DeleteObjects: 0.056400 ms)

AssetImportParameters requested are different than current active one (requested -> active):
  custom:framework-win-MediaFoundation: 216162199b28c13a410421893ffa2e32 -> 
  custom:video-decoder-ogg-theora: a1e56fd34408186e4bbccfd4996cb3dc -> 
  custom:container-muxer-webm: aa71ff27fc2769a1b78a27578f13a17b -> 
  custom:container-demuxer-webm: 4f35f7cbe854078d1ac9338744f61a02 -> 
  custom:container-demuxer-ogg: 62fdf1f143b41e24485cea50d1cbac27 -> 
  custom:video-encoder-webm-vp8: eb34c28f22e8b96e1ab97ce403110664 -> 
  custom:video-codec-MediaFoundation-h265: 746d11721c4dcdbdad8f713fa42b33f4 -> 
  custom:video-decoder-webm-vp8: 9c59270c3fd7afecdb556c50c9e8de78 -> 
  custom:audio-decoder-ogg-vorbis: bf7c407c2cedff20999df2af8eb42d56 -> 
  custom:audio-encoder-webm-vorbis: bf7c407c2cedff20999df2af8eb42d56 -> 
AssetImportWorkerClient::OnTransportError - code=2 error=End of file
